movieID,title,year,posterLink
barbie,Barbie,2023,https://a.ltrbxd.com/resized/film-poster/2/7/7/0/6/4/277064-barbie-0-230-0-345-crop.jpg?v=1b83dc7a71
parasite-2019,Parasite,2019,https://a.ltrbxd.com/resized/film-poster/4/2/6/4/0/6/426406-parasite-0-230-0-345-crop.jpg?v=8f5653f710
fight-club,Fight Club,1999,https://a.ltrbxd.com/resized/film-poster/5/1/5/6/8/51568-fight-club-0-230-0-345-crop.jpg?v=768b32dfa4
interstellar,Interstellar,2014,https://a.ltrbxd.com/resized/film-poster/1/1/7/6/2/1/117621-interstellar-0-230-0-345-crop.jpg?v=7ad89e6666
everything-everywhere-all-at-once,Everything Everywhere All at Once,2022,https://a.ltrbxd.com/resized/film-poster/4/7/4/4/7/4/474474-everything-everywhere-all-at-once-0-230-0-345-crop.jpg?v=281f1a041e
la-la-land,La La Land,2016,https://a.ltrbxd.com/resized/film-poster/2/4/0/3/4/4/240344-la-la-land-0-230-0-345-crop.jpg?v=053670ff84
oppenheimer-2023,Oppenheimer,2023,https://a.ltrbxd.com/resized/film-poster/7/8/4/3/2/8/784328-oppenheimer-0-230-0-345-crop.jpg?v=e3c6e7a32c
joker-2019,Joker,2019,https://a.ltrbxd.com/resized/film-poster/4/0/6/7/7/5/406775-joker-0-230-0-345-crop.jpg?v=e4ea7f98cc
whiplash-2014,Whiplash,2014,https://a.ltrbxd.com/resized/sm/upload/cl/dn/kr/f1/4C9LHDxMsoYI0S3iMPZdm3Oevwo-0-230-0-345-crop.jpg?v=d13ea36528
pulp-fiction,Pulp Fiction,1994,https://a.ltrbxd.com/resized/film-poster/5/1/4/4/4/51444-pulp-fiction-0-230-0-345-crop.jpg?v=dee19a8077
dune-2021,Dune,2021,https://a.ltrbxd.com/resized/sm/upload/nx/8b/vs/gc/cDbNAY0KM84cxXhmj8f0dLWza3t-0-230-0-345-crop.jpg?v=49eed12751
get-out-2017,Get Out,2017,https://a.ltrbxd.com/resized/film-poster/3/5/3/1/1/7/353117-get-out-0-230-0-345-crop.jpg?v=136acec030
spider-man-into-the-spider-verse,Spider-Man: Into the Spider-Verse,2018,https://a.ltrbxd.com/resized/film-poster/2/5/1/9/4/3/251943-spider-man-into-the-spider-verse-0-230-0-345-crop.jpg?v=538fe0ada6
midsommar,Midsommar,2019,https://a.ltrbxd.com/resized/film-poster/4/5/9/5/6/4/459564-midsommar-0-230-0-345-crop.jpg?v=ed7b8ded1f
the-batman,The Batman,2022,https://a.ltrbxd.com/resized/film-poster/3/4/8/9/1/4/348914-the-batman-0-230-0-345-crop.jpg?v=ec12a8b7ce
the-truman-show,The Truman Show,1998,https://a.ltrbxd.com/resized/sm/upload/xx/io/jp/45/the-truman-show-0-230-0-345-crop.jpg?v=704ba393f7
knives-out-2019,Knives Out,2019,https://a.ltrbxd.com/resized/film-poster/4/7/5/3/7/0/475370-knives-out-0-230-0-345-crop.jpg?v=7da76d742c
the-dark-knight,The Dark Knight,2008,https://a.ltrbxd.com/resized/sm/upload/78/y5/zg/ej/oefdD26aey8GPdx7Rm45PNncJdU-0-230-0-345-crop.jpg?v=2d0ce4be25
eternal-sunshine-of-the-spotless-mind,Eternal Sunshine of the Spotless Mind,2004,https://a.ltrbxd.com/resized/sm/upload/ay/bp/kl/1y/uBfQ7IGpi0jXSP3GPCzp9Pzm10v-0-230-0-345-crop.jpg?v=116621c401
inception,Inception,2010,https://a.ltrbxd.com/resized/sm/upload/sv/95/s9/4j/inception-0-230-0-345-crop.jpg?v=30d7224316
saltburn,Saltburn,2023,https://a.ltrbxd.com/resized/film-poster/8/3/5/7/7/4/835774-saltburn-0-230-0-345-crop.jpg?v=b58cbd3b08
american-psycho,American Psycho,2000,https://a.ltrbxd.com/resized/sm/upload/5b/u9/av/il/ecoY7zJL6Ub3URP1oPhPfGflEjV-0-230-0-345-crop.jpg?v=8126850315
poor-things-2023,Poor Things,2023,https://a.ltrbxd.com/resized/film-poster/7/1/0/3/5/2/710352-poor-things-0-230-0-345-crop.jpg?v=a0f2ee9a0e
spider-man-across-the-spider-verse,Spider-Man: Across the Spider-Verse,2023,https://a.ltrbxd.com/resized/film-poster/4/9/7/6/3/1/497631-spider-man-across-the-spider-verse-0-230-0-345-crop.jpg?v=f2acbf1b8a
dune-part-two,Dune: Part Two,2024,https://a.ltrbxd.com/resized/film-poster/6/1/7/4/4/3/617443-dune-part-two-0-230-0-345-crop.jpg?v=cc533700f8
lady-bird,Lady Bird,2017,https://a.ltrbxd.com/resized/film-poster/3/2/6/2/7/9/326279-lady-bird-0-230-0-345-crop.jpg?v=754ff28eb4
the-wolf-of-wall-street,The Wolf of Wall Street,2013,https://a.ltrbxd.com/resized/film-poster/8/6/1/1/4/86114-the-wolf-of-wall-street-0-230-0-345-crop.jpg?v=9fd1891260
spirited-away,Spirited Away,2001,https://a.ltrbxd.com/resized/film-poster/5/1/9/2/1/51921-spirited-away-0-230-0-345-crop.jpg?v=a3ad463c55
the-grand-budapest-hotel,The Grand Budapest Hotel,2014,https://a.ltrbxd.com/resized/film-poster/9/5/1/1/3/95113-the-grand-budapest-hotel-0-230-0-345-crop.jpg?v=6ac71cf4ba
challengers,Challengers,2024,https://a.ltrbxd.com/resized/film-poster/8/4/2/3/0/1/842301-challengers-0-230-0-345-crop.jpg?v=a7cd63cbef
the-substance,The Substance,2024,https://a.ltrbxd.com/resized/film-poster/8/3/8/1/4/0/838140-the-substance-0-230-0-345-crop.jpg?v=ab9e1072f8
the-menu-2022,The Menu,2022,https://a.ltrbxd.com/resized/film-poster/5/2/1/3/2/3/521323-the-menu-0-230-0-345-crop.jpg?v=d00a0d03a8
the-shining,The Shining,1980,https://a.ltrbxd.com/resized/sm/upload/7s/m2/bw/d0/caoYMcjUamGoBVy65i1AHJBvdzw-0-230-0-345-crop.jpg?v=88d9d6cce4
spider-man-no-way-home,Spider-Man: No Way Home,2021,https://a.ltrbxd.com/resized/film-poster/5/6/0/7/8/7/560787-spider-man-no-way-home-0-230-0-345-crop.jpg?v=a336d4f40c
gone-girl,Gone Girl,2014,https://a.ltrbxd.com/resized/film-poster/1/4/9/8/5/7/149857-gone-girl-0-230-0-345-crop.jpg?v=09a7c91f68
black-swan,Black Swan,2010,https://a.ltrbxd.com/resized/sm/upload/yt/ae/iz/kj/bIjkE9Og0nulRycj144sCcQcsZ6-0-230-0-345-crop.jpg?v=a571e4c644
10-things-i-hate-about-you,10 Things I Hate About You,1999,https://a.ltrbxd.com/resized/sm/upload/hl/jj/br/9g/Kd5OkBc6GyUa1tIpxYUHLpyE2t-0-230-0-345-crop.jpg?v=a2db0a150a
little-women-2019,Little Women,2019,https://a.ltrbxd.com/resized/sm/upload/r4/np/q5/te/mSmiB8XjUnR1GSIljuCPGsk0cwX-0-230-0-345-crop.jpg?v=b3f603929c
forrest-gump,Forrest Gump,1994,https://a.ltrbxd.com/resized/film-poster/2/7/0/4/2704-forrest-gump-0-230-0-345-crop.jpg?v=173bc04cf0
once-upon-a-time-in-hollywood,Once Upon a Time... in Hollywood,2019,https://a.ltrbxd.com/resized/film-poster/3/9/7/8/5/9/397859-once-upon-a-time-in-hollywood-0-230-0-345-crop.jpg?v=f3e8612854
se7en,Se7en,1995,https://a.ltrbxd.com/resized/film-poster/5/1/3/4/5/51345-se7en-0-230-0-345-crop.jpg?v=76a14ef6b4
inglourious-basterds,Inglourious Basterds,2009,https://a.ltrbxd.com/resized/film-poster/4/1/3/5/2/41352-inglourious-basterds-0-230-0-345-crop.jpg?v=0c74c673e0
dead-poets-society,Dead Poets Society,1989,https://a.ltrbxd.com/resized/film-poster/5/1/8/4/6/51846-dead-poets-society-0-230-0-345-crop.jpg?v=9273e8acf7
the-silence-of-the-lambs,The Silence of the Lambs,1991,https://a.ltrbxd.com/resized/film-poster/5/1/7/8/2/51782-the-silence-of-the-lambs-0-230-0-345-crop.jpg?v=18d88bdff4
call-me-by-your-name,Call Me by Your Name,2017,https://a.ltrbxd.com/resized/sm/upload/g9/9t/cc/7u/tcNniniS4rfqrLH0oORikJfnIwY-0-230-0-345-crop.jpg?v=f0c073f2b4
kill-bill-vol-1,Kill Bill: Vol. 1,2003,https://a.ltrbxd.com/resized/sm/upload/sw/w2/ep/v4/9O50TVszkz0dcP5g6Ej33UhR7vw-0-230-0-345-crop.jpg?v=5a65f5202f
the-godfather,The Godfather,1972,https://a.ltrbxd.com/resized/film-poster/5/1/8/1/8/51818-the-godfather-0-230-0-345-crop.jpg?v=bca8b67402
shutter-island,Shutter Island,2010,https://a.ltrbxd.com/resized/film-poster/4/5/4/0/9/45409-shutter-island-0-230-0-345-crop.jpg?v=85dd4c38e3
ratatouille,Ratatouille,2007,https://a.ltrbxd.com/resized/sm/upload/n8/rl/pc/se/jEiEU8viSb8CIIHcfprVr2V6XDz-0-230-0-345-crop.jpg?v=25e13045f0
avengers-infinity-war,Avengers: Infinity War,2018,https://a.ltrbxd.com/resized/film-poster/2/2/6/6/6/1/226661-avengers-infinity-war-0-230-0-345-crop.jpg?v=8b35f60c0c
baby-driver,Baby Driver,2017,https://a.ltrbxd.com/resized/film-poster/2/6/8/9/5/0/268950-baby-driver-0-230-0-345-crop.jpg?v=61304ddfc8
django-unchained,Django Unchained,2012,https://a.ltrbxd.com/resized/film-poster/5/2/5/1/6/52516-django-unchained-0-230-0-345-crop.jpg?v=f02aed63a3
fantastic-mr-fox,Fantastic Mr. Fox,2009,https://a.ltrbxd.com/resized/film-poster/4/6/3/4/4/46344-fantastic-mr-fox-0-230-0-345-crop.jpg?v=3a2a858065
avengers-endgame,Avengers: Endgame,2019,https://a.ltrbxd.com/resized/film-poster/2/2/6/6/6/0/226660-avengers-endgame-0-230-0-345-crop.jpg?v=250ab286a3
hereditary,Hereditary,2018,https://a.ltrbxd.com/resized/film-poster/4/2/4/3/4/8/424348-hereditary-0-230-0-345-crop.jpg?v=470e48b681
deadpool-wolverine,Deadpool & Wolverine,2024,https://a.ltrbxd.com/resized/film-poster/4/6/2/8/7/0/462870-deadpool-wolverine-0-230-0-345-crop.jpg?v=1aa778d2c6
inside-out-2-2024,Inside Out 2,2024,https://a.ltrbxd.com/resized/film-poster/9/2/1/5/7/8/921578-inside-out-2-0-230-0-345-crop.jpg?v=efa25e5cca
the-perks-of-being-a-wallflower,The Perks of Being a Wallflower,2012,https://a.ltrbxd.com/resized/sm/upload/zz/o0/mz/sv/fyYncUQh5gUTvxmQ4bigm2DVCv7-0-230-0-345-crop.jpg?v=1188bcf4af
glass-onion,Glass Onion,2022,https://a.ltrbxd.com/resized/film-poster/5/8/6/7/2/3/586723-glass-onion-a-knives-out-mystery-0-230-0-345-crop.jpg?v=33896b35cf
her,Her,2013,https://a.ltrbxd.com/resized/sm/upload/au/nb/i6/lq/fsoTLnUXEUTNuVCBxAJMY0HPPd-0-230-0-345-crop.jpg?v=16789732be
the-social-network,The Social Network,2010,https://a.ltrbxd.com/resized/sm/upload/nw/cm/pa/ai/sGQv3ZMZBDBnl3z42Q0mEQ5uiDe-0-230-0-345-crop.jpg?v=54ee59f7cd
500-days-of-summer,(500) Days of Summer,2009,https://a.ltrbxd.com/resized/film-poster/3/9/3/5/0/39350--500-days-of-summer-0-230-0-345-crop.jpg?v=05995ae0b3
the-matrix,The Matrix,1999,https://a.ltrbxd.com/resized/film-poster/5/1/5/1/8/51518-the-matrix-0-230-0-345-crop.jpg?v=fc7c366afe
good-will-hunting,Good Will Hunting,1997,https://a.ltrbxd.com/resized/film-poster/5/1/6/2/1/51621-good-will-hunting-0-230-0-345-crop.jpg?v=acb4766abd
scott-pilgrim-vs-the-world,Scott Pilgrim vs. the World,2010,https://a.ltrbxd.com/resized/sm/upload/vs/75/02/fx/2B5zjs5E3xerqAyowpw3QcOCyLq-0-230-0-345-crop.jpg?v=3aef2095df
taxi-driver,Taxi Driver,1976,https://a.ltrbxd.com/resized/film-poster/5/1/9/4/7/51947-taxi-driver-0-230-0-345-crop.jpg?v=3ae07cca2d
inside-out-2015,Inside Out,2015,https://a.ltrbxd.com/resized/film-poster/1/1/3/2/8/4/113284-inside-out-0-230-0-345-crop.jpg?v=de03b9b6ef
nope,Nope,2022,https://a.ltrbxd.com/resized/film-poster/6/8/2/5/4/7/682547-nope-0-230-0-345-crop.jpg?v=d6a6158cc3
the-lord-of-the-rings-the-fellowship-of-the-ring,The Lord of the Rings: The Fellowship of the Ring,2001,https://a.ltrbxd.com/resized/sm/upload/3t/vq/0u/m6/1tX9ZlgVvWjAQhMs1vAfsYpi7VK-0-230-0-345-crop.jpg?v=30bbb824e1
the-shawshank-redemption,The Shawshank Redemption,1994,https://a.ltrbxd.com/resized/sm/upload/7l/hn/46/uz/zGINvGjdlO6TJRu9wESQvWlOKVT-0-230-0-345-crop.jpg?v=8736d1c395
blade-runner-2049,Blade Runner 2049,2017,https://a.ltrbxd.com/resized/film-poster/2/6/5/4/3/9/265439-blade-runner-2049-0-230-0-345-crop.jpg?v=86735e0bb8
guardians-of-the-galaxy,Guardians of the Galaxy,2014,https://a.ltrbxd.com/resized/film-poster/9/3/6/7/6/93676-guardians-of-the-galaxy-0-230-0-345-crop.jpg?v=3cc8cb967f
arrival-2016,Arrival,2016,https://a.ltrbxd.com/resized/sm/upload/3u/dy/qd/qd/4Iu5f2nv7huqvuYkmZvSPOtbFjs-0-230-0-345-crop.jpg?v=0fc28fdf2c
donnie-darko,Donnie Darko,2001,https://a.ltrbxd.com/resized/sm/upload/ye/jq/f3/22/nmb4QhCRmdfNP6rgb81yUFgI83l-0-230-0-345-crop.jpg?v=caa3999c6f
titanic-1997,Titanic,1997,https://a.ltrbxd.com/resized/film-poster/5/1/5/2/4/51524-titanic-0-230-0-345-crop.jpg?v=7517ea94ce
jojo-rabbit,Jojo Rabbit,2019,https://a.ltrbxd.com/resized/film-poster/4/4/4/6/0/0/444600-jojo-rabbit-0-230-0-345-crop.jpg?v=a5ad083635
pearl-2022,Pearl,2022,https://a.ltrbxd.com/resized/film-poster/8/5/3/8/2/2/853822-pearl-0-230-0-345-crop.jpg?v=471dfc4a24
mean-girls,Mean Girls,2004,https://a.ltrbxd.com/resized/film-poster/4/6/0/4/9/46049-mean-girls-0-230-0-345-crop.jpg?v=e6378abb7b
past-lives,Past Lives,2023,https://a.ltrbxd.com/resized/film-poster/5/9/1/0/5/3/591053-past-lives-0-230-0-345-crop.jpg?v=c600b7854e
coco-2017,Coco,2017,https://a.ltrbxd.com/resized/sm/upload/3p/mh/wq/v9/6Ryitt95xrO8KXuqRGm1fUuNwqF-0-230-0-345-crop.jpg?v=2a90bd6512
deadpool,Deadpool,2016,https://a.ltrbxd.com/resized/film-poster/2/2/0/5/7/5/220575-deadpool-0-230-0-345-crop.jpg?v=2f726ea9b3
coraline,Coraline,2009,https://a.ltrbxd.com/resized/film-poster/4/2/7/7/9/42779-coraline-0-230-0-345-crop.jpg?v=b792483e2a
black-panther,Black Panther,2018,https://a.ltrbxd.com/resized/film-poster/2/0/9/3/8/3/209383-black-panther-0-230-0-345-crop.jpg?v=d6e7e2c7a4
wicked-2024,Wicked,2024,https://a.ltrbxd.com/resized/film-poster/3/3/7/0/3/6/337036-wicked-2024-0-230-0-345-crop.jpg?v=c519c37ff7
harry-potter-and-the-prisoner-of-azkaban,Harry Potter and the Prisoner of Azkaban,2004,https://a.ltrbxd.com/resized/sm/upload/a3/0q/kf/h8/jUFjMoLh8T2CWzHUSjKCojI5SHu-0-230-0-345-crop.jpg?v=6285ee260e
nosferatu-2024,Nosferatu,2024,https://a.ltrbxd.com/resized/film-poster/3/5/9/5/0/5/359505-nosferatu-2024-0-230-0-345-crop.jpg?v=a12d4ad648
up,Up,2009,https://a.ltrbxd.com/resized/film-poster/4/3/3/0/2/43302-up-0-230-0-345-crop.jpg?v=eac6a19a4c
howls-moving-castle,Howl's Moving Castle,2004,https://a.ltrbxd.com/resized/film-poster/4/9/0/6/2/49062-howl-s-moving-castle-0-230-0-345-crop.jpg?v=fde81bda52
aftersun,Aftersun,2022,https://a.ltrbxd.com/resized/film-poster/8/6/8/5/5/8/868558-aftersun-0-230-0-345-crop.jpg?v=5ce2118fca
mad-max-fury-road,Mad Max: Fury Road,2015,https://a.ltrbxd.com/resized/film-poster/6/2/7/8/0/62780-mad-max-fury-road-0-230-0-345-crop.jpg?v=37c5424b1f
little-miss-sunshine,Little Miss Sunshine,2006,https://a.ltrbxd.com/resized/sm/upload/h6/xm/om/q7/dOeM4R55TsAFBXCPNIDDMiJkePr-0-230-0-345-crop.jpg?v=09383296c6
anatomy-of-a-fall,Anatomy of a Fall,2023,https://a.ltrbxd.com/resized/film-poster/8/2/2/0/9/3/822093-anatomy-of-a-fall-0-230-0-345-crop.jpg?v=4efab8aedc
harry-potter-and-the-philosophers-stone,Harry Potter and the Philosopher's Stone,2001,https://a.ltrbxd.com/resized/sm/upload/5t/cj/6w/6e/harrypotter2-0-230-0-345-crop.jpg?v=0053b4ed93
back-to-the-future,Back to the Future,1985,https://a.ltrbxd.com/resized/film-poster/5/1/9/4/5/51945-back-to-the-future-0-230-0-345-crop.jpg?v=6662417358
the-hunger-games,The Hunger Games,2012,https://a.ltrbxd.com/resized/sm/upload/x3/tw/wu/z4/vAkjFEm76Lu5hSevquxPgQ91OtI-0-230-0-345-crop.jpg?v=f4bfaf16df
dont-look-up-2021,Don't Look Up,2021,https://a.ltrbxd.com/resized/film-poster/5/7/2/2/5/5/572255-don-t-look-up-0-230-0-345-crop.jpg?v=a58cc4aba2
goodfellas,GoodFellas,1990,https://a.ltrbxd.com/resized/film-poster/5/1/3/8/3/51383-goodfellas-0-230-0-345-crop.jpg?v=c6c265f228
drive-2011,Drive,2011,https://a.ltrbxd.com/resized/sm/upload/6d/6l/r3/e9/nu7XIa67cXc2t7frXCE5voXUJcN.jpg-0-230-0-345-crop.jpg?v=58a476ae28
star-wars,Star Wars,1977,https://a.ltrbxd.com/resized/film-poster/2/7/0/6/2706-star-wars-0-230-0-345-crop.jpg?v=f1f1271bf5
us-2019,Us,2019,https://a.ltrbxd.com/resized/film-poster/3/9/0/5/2/0/390520-us-0-230-0-345-crop.jpg?v=968884c876
x-2022,X,2022,https://a.ltrbxd.com/resized/film-poster/6/8/0/3/5/8/680358-x-0-230-0-345-crop.jpg?v=8ba5e11abf
the-holdovers,The Holdovers,2023,https://a.ltrbxd.com/resized/film-poster/7/5/5/5/6/4/755564-the-holdovers-0-230-0-345-crop.jpg?v=99bbdd8955
soul-2020,Soul,2020,https://a.ltrbxd.com/resized/film-poster/4/3/8/5/1/1/438511-soul-0-230-0-345-crop.jpg?v=8d0b74f9a8
walle,WALL·E,2008,https://a.ltrbxd.com/resized/film-poster/4/5/9/9/4/45994-walle-0-230-0-345-crop.jpg?v=ad27f0ceac
the-devil-wears-prada,The Devil Wears Prada,2006,https://a.ltrbxd.com/resized/film-poster/5/1/7/1/2/51712-the-devil-wears-prada-0-230-0-345-crop.jpg?v=65a9cdb330
the-lighthouse-2019,The Lighthouse,2019,https://a.ltrbxd.com/resized/film-poster/4/3/3/8/6/3/433863-the-lighthouse-0-230-0-345-crop.jpg?v=ee97005537
spider-man-homecoming,Spider-Man: Homecoming,2017,https://a.ltrbxd.com/resized/film-poster/2/4/2/7/1/0/242710-spider-man-homecoming-0-230-0-345-crop.jpg?v=61e8c57229
avatar-the-way-of-water,Avatar: The Way of Water,2022,https://a.ltrbxd.com/resized/film-poster/6/3/0/5/8/63058-avatar-the-way-of-water-0-230-0-345-crop.jpg?v=cc3269e69d
guardians-of-the-galaxy-vol-3,Guardians of the Galaxy Vol. 3,2023,https://a.ltrbxd.com/resized/film-poster/3/7/9/7/1/1/379711-guardians-of-the-galaxy-volume-3-0-230-0-345-crop.jpg?v=bd023e472c
scream,Scream,1996,https://a.ltrbxd.com/resized/film-poster/4/9/4/5/5/49455-scream-0-230-0-345-crop.jpg?v=8bb3c66a30
top-gun-maverick,Top Gun: Maverick,2022,https://a.ltrbxd.com/resized/film-poster/2/9/3/4/6/5/293465-top-gun-maverick-0-230-0-345-crop.jpg?v=9f8af0f61b
longlegs,Longlegs,2024,https://a.ltrbxd.com/resized/film-poster/1/1/1/0/0/5/9/1110059-longlegs-0-230-0-345-crop.jpg?v=9d77241a8c
bullet-train,Bullet Train,2022,https://a.ltrbxd.com/resized/film-poster/6/4/1/9/6/1/641961-bullet-train-0-230-0-345-crop.jpg?v=9245faa1ba
alien,Alien,1979,https://a.ltrbxd.com/resized/sm/upload/8v/f1/qw/aa/bg7K6VtUG7Ew70gQj6SSroD5d4R-0-230-0-345-crop.jpg?v=a932f9e98e
bottoms,Bottoms,2023,https://a.ltrbxd.com/resized/film-poster/7/3/1/2/2/2/731222-bottoms-0-230-0-345-crop.jpg?v=11b87368c8
prisoners,Prisoners,2013,https://a.ltrbxd.com/resized/sm/upload/iw/eg/4g/nm/3w79tTsv6tmlT8Jww6snyPrgVok-0-230-0-345-crop.jpg?v=778c7ae8b8
no-country-for-old-men,No Country for Old Men,2007,https://a.ltrbxd.com/resized/sm/upload/dr/hr/pz/ez/ehLb2SQ3djlA1FrQKbP2WO3VH09-0-230-0-345-crop.jpg?v=6489920a92
home-alone,Home Alone,1990,https://a.ltrbxd.com/resized/sm/upload/e6/mn/oi/ky/8IWPBT1rkAaI8Kpk5V3WfQRklJ7-0-230-0-345-crop.jpg?v=cb22d36a0e
avatar,Avatar,2009,https://a.ltrbxd.com/resized/sm/upload/1p/mh/li/l2/b7nR3eKeTOwHPKmDLUWunIGasKo-0-230-0-345-crop.jpg?v=0bb5ec98ec
the-breakfast-club,The Breakfast Club,1985,https://a.ltrbxd.com/resized/film-poster/5/0/5/1/8/50518-the-breakfast-club-0-230-0-345-crop.jpg?v=cce37bedf1
2001-a-space-odyssey,2001: A Space Odyssey,1968,https://a.ltrbxd.com/resized/sm/upload/fe/jp/49/l9/eDiexVN4nO3ZdDZCDMiJOX5fQ5r-0-230-0-345-crop.jpg?v=ef7fa718a0
1917,1917,2019,https://a.ltrbxd.com/resized/film-poster/4/6/0/1/5/5/460155-1917-0-230-0-345-crop.jpg?v=9eb1d95df5
memento,Memento,2000,https://a.ltrbxd.com/resized/sm/upload/v1/3q/s4/aa/memento-0-230-0-345-crop.jpg?v=80f0732247
shrek,Shrek,2001,https://a.ltrbxd.com/resized/film-poster/5/1/3/4/4/51344-shrek-0-230-0-345-crop.jpg?v=cd09df2c75
it-2017,It,2017,https://a.ltrbxd.com/resized/sm/upload/w3/47/76/am/6uDpMsdn8bbZScDptbika5JEtSH-0-230-0-345-crop.jpg?v=ee603d8e3b
thor-ragnarok,Thor: Ragnarok,2017,https://a.ltrbxd.com/resized/film-poster/2/0/9/3/8/2/209382-thor-ragnarok-0-230-0-345-crop.jpg?v=0369e00db5
the-avengers-2012,The Avengers,2012,https://a.ltrbxd.com/resized/sm/upload/10/u6/42/pa/cezWGskPY5x7GaglTTRN4Fugfb8-0-230-0-345-crop.jpg?v=9ec74891d9
catch-me-if-you-can-2002,Catch Me If You Can,2002,https://a.ltrbxd.com/resized/film-poster/5/1/4/8/4/51484-catch-me-if-you-can-0-230-0-345-crop.jpg?v=942d676423
spider-man-far-from-home,Spider-Man: Far From Home,2019,https://a.ltrbxd.com/resized/film-poster/3/6/2/9/7/7/362977-spider-man-far-from-home-0-230-0-345-crop.jpg?v=d139fbf2ae
anyone-but-you,Anyone But You,2023,https://a.ltrbxd.com/resized/film-poster/9/6/6/9/9/0/966990-anyone-but-you-0-230-0-345-crop.jpg?v=62514c5b09
moonlight-2016,Moonlight,2016,https://a.ltrbxd.com/resized/sm/upload/90/gn/c7/9k/qAwFbszz0kRyTuXmMeKQZCX3Q2O-0-230-0-345-crop.jpg?v=192bde15c6
my-neighbor-totoro,My Neighbor Totoro,1988,https://a.ltrbxd.com/resized/film-poster/4/7/7/5/6/47756-my-neighbor-totoro-0-230-0-345-crop.jpg?v=749abe71ad
spider-man,Spider-Man,2002,https://a.ltrbxd.com/resized/film-poster/5/1/5/6/1/51561-spider-man-0-230-0-345-crop.jpg?v=a7394840f4
doctor-strange-in-the-multiverse-of-madness,Doctor Strange in the Multiverse of Madness,2022,https://a.ltrbxd.com/resized/film-poster/3/8/5/5/1/1/385511-doctor-strange-in-the-multiverse-of-madness-0-230-0-345-crop.jpg?v=009a8981af
requiem-for-a-dream,Requiem for a Dream,2000,https://a.ltrbxd.com/resized/sm/upload/lv/4b/f2/zj/muym4jTjdLx7E6as09d1wlC3sOB-0-230-0-345-crop.jpg?v=b4d5a4aa37
puss-in-boots-the-last-wish,Puss in Boots: The Last Wish,2022,https://a.ltrbxd.com/resized/film-poster/2/4/2/2/8/5/242285-puss-in-boots-the-last-wish-0-230-0-345-crop.jpg?v=9e9109c5cd
the-lord-of-the-rings-the-return-of-the-king,The Lord of the Rings: The Return of the King,2003,https://a.ltrbxd.com/resized/sm/upload/zs/nt/u4/uz/xieWkPAgQrrk5wOyncayPd65hrp-0-230-0-345-crop.jpg?v=4c89d05285
uncut-gems,Uncut Gems,2019,https://a.ltrbxd.com/resized/film-poster/4/0/4/2/6/6/404266-uncut-gems-0-230-0-345-crop.jpg?v=670cb7034d
superbad,Superbad,2007,https://a.ltrbxd.com/resized/film-poster/4/7/7/7/6/47776-superbad-0-230-0-345-crop.jpg?v=b43686efcb
the-empire-strikes-back,The Empire Strikes Back,1980,https://a.ltrbxd.com/resized/sm/upload/mp/pz/lf/2i/7BuH8itoSrLExs2YZSsM01Qk2no-0-230-0-345-crop.jpg?v=27c6c6fba7
dunkirk-2017,Dunkirk,2017,https://a.ltrbxd.com/resized/sm/upload/md/nb/pu/3i/bOXBV303Fgkzn2K4FeKDc0O31q4-0-230-0-345-crop.jpg?v=7307b1ff5b
a-quiet-place-2018,A Quiet Place,2018,https://a.ltrbxd.com/resized/film-poster/3/7/9/6/8/7/379687-a-quiet-place-0-230-0-345-crop.jpg?v=895e756ae7
lost-in-translation,Lost in Translation,2003,https://a.ltrbxd.com/resized/sm/upload/th/b5/6c/gl/5T8VvuFTdaawKLJk34i69Utaw7o-0-230-0-345-crop.jpg?v=ce6ae8e1b4
pride-prejudice,Pride & Prejudice,2005,https://a.ltrbxd.com/resized/sm/upload/nq/jo/26/tn/dAC0hkYmz5ZOCHURZCyj9isPMPd-0-230-0-345-crop.jpg?v=b3dac3ffd7
toy-story,Toy Story,1995,https://a.ltrbxd.com/resized/film-poster/5/1/2/9/0/51290-toy-story-0-230-0-345-crop.jpg?v=0ce275d722
gladiator-2000,Gladiator,2000,https://a.ltrbxd.com/resized/film-poster/5/1/9/5/2/51952-gladiator-2000-0-230-0-345-crop.jpg?v=0071a74571
jurassic-park,Jurassic Park,1993,https://a.ltrbxd.com/resized/sm/upload/1g/zz/ez/d8/yyCKYaW908ZbpexpnBJ3p8o87HA-0-230-0-345-crop.jpg?v=19a50874d0
killers-of-the-flower-moon,Killers of the Flower Moon,2023,https://a.ltrbxd.com/resized/film-poster/3/9/8/0/0/9/398009-killers-of-the-flower-moon-0-230-0-345-crop.jpg?v=49b577149d
nightcrawler,Nightcrawler,2014,https://a.ltrbxd.com/resized/sm/upload/g7/2e/vi/vy/A9ANrAWlmIovxzjAIiOgseSLNc9-0-230-0-345-crop.jpg?v=6bcb14c88c
the-incredibles,The Incredibles,2004,https://a.ltrbxd.com/resized/film-poster/4/6/8/0/6/46806-the-incredibles-0-230-0-345-crop.jpg?v=dce597a185
zodiac,Zodiac,2007,https://a.ltrbxd.com/resized/sm/upload/58/tf/z6/gw/qKQIjErYaN149hZRP5Vgf8RoC7S-0-230-0-345-crop.jpg?v=72ee5db942
the-lord-of-the-rings-the-two-towers,The Lord of the Rings: The Two Towers,2002,https://a.ltrbxd.com/resized/film-poster/5/1/9/2/9/51929-the-lord-of-the-rings-the-two-towers-0-230-0-345-crop.jpg?v=9ef6c09783
before-sunrise,Before Sunrise,1995,https://a.ltrbxd.com/resized/film-poster/5/1/9/7/4/51974-before-sunrise-0-230-0-345-crop.jpg?v=006e8fedea
the-hunger-games-the-ballad-of-songbirds-snakes,The Hunger Games: The Ballad of Songbirds & Snakes,2023,https://a.ltrbxd.com/resized/film-poster/6/1/9/5/1/0/619510-the-hunger-games-the-ballad-of-songbirds-snakes-0-230-0-345-crop.jpg?v=180f24b89f
finding-nemo,Finding Nemo,2003,https://a.ltrbxd.com/resized/film-poster/2/7/0/5/2705-finding-nemo-0-230-0-345-crop.jpg?v=b329bc5740
harry-potter-and-the-goblet-of-fire,Harry Potter and the Goblet of Fire,2005,https://a.ltrbxd.com/resized/film-poster/5/1/4/5/0/51450-harry-potter-and-the-goblet-of-fire-0-230-0-345-crop.jpg?v=6b5c9896c9
iron-man-2008,Iron Man,2008,https://a.ltrbxd.com/resized/film-poster/5/0/8/2/5/50825-iron-man-0-230-0-345-crop.jpg?v=f03c15122c
the-notebook,The Notebook,2004,https://a.ltrbxd.com/resized/film-poster/4/5/6/6/7/45667-the-notebook-0-230-0-345-crop.jpg?v=d867e84f30
monsters-inc,"Monsters, Inc.",2001,https://a.ltrbxd.com/resized/sm/upload/r0/m8/t4/gs/7m1wKo1rM9QL5DMJCAs66bDQVYC-0-230-0-345-crop.jpg?v=7267a24218
wonka,Wonka,2023,https://a.ltrbxd.com/resized/film-poster/7/0/6/0/8/3/706083-wonka-0-230-0-345-crop.jpg?v=d4bd6afd7f
tenet,Tenet,2020,https://a.ltrbxd.com/resized/sm/upload/pq/9f/sr/vt/aCIFMriQh8rvhxpN1IWGgvH0Tlg-0-230-0-345-crop.jpg?v=f3165fe17f
harry-potter-and-the-chamber-of-secrets,Harry Potter and the Chamber of Secrets,2002,https://a.ltrbxd.com/resized/sm/upload/rj/yc/zl/ex/g8IQhqYYLERU0UxjVaySP46PFEZ-0-230-0-345-crop.jpg?v=d867145245
the-banshees-of-inisherin,The Banshees of Inisherin,2022,https://a.ltrbxd.com/resized/film-poster/5/9/8/8/8/2/598882-the-banshees-of-inisherin-0-230-0-345-crop.jpg?v=933f9af6e7
portrait-of-a-lady-on-fire,Portrait of a Lady on Fire,2019,https://a.ltrbxd.com/resized/film-poster/4/6/0/8/3/0/460830-portrait-of-a-lady-on-fire-0-230-0-345-crop.jpg?v=79b0f67aa9
mamma-mia,Mamma Mia!,2008,https://a.ltrbxd.com/resized/sm/upload/10/5l/wu/jl/gOm2iMMbC6EonrFzmSQ8xvCa4Ei.jpg-0-230-0-345-crop.jpg?v=e49de6f770
a-clockwork-orange,A Clockwork Orange,1971,https://a.ltrbxd.com/resized/film-poster/5/1/8/6/7/51867-a-clockwork-orange-0-230-0-345-crop.jpg?v=d6d5407b50
oldboy,Oldboy,2003,https://a.ltrbxd.com/resized/film-poster/5/1/4/5/4/51454-oldboy-0-230-0-345-crop.jpg?v=294dbcadef
guardians-of-the-galaxy-vol-2,Guardians of the Galaxy Vol. 2,2017,https://a.ltrbxd.com/resized/sm/upload/1g/4f/6e/5b/prvWMj8cBFgVn5MLlsjlvH2hiIh-0-230-0-345-crop.jpg?v=edbe39cfb9
spider-man-2,Spider-Man 2,2004,https://a.ltrbxd.com/resized/sm/upload/pq/mi/kb/ck/7JtMVM58MnzxWeyubzLpXBiVnDC-0-230-0-345-crop.jpg?v=c5f2675b28
brokeback-mountain,Brokeback Mountain,2005,https://a.ltrbxd.com/resized/film-poster/5/1/9/0/9/51909-brokeback-mountain-0-230-0-345-crop.jpg?v=40ad2b59a0
the-witch-2015,The Witch,2015,https://a.ltrbxd.com/resized/sm/upload/y2/i8/9s/h1/tNr2KYytArZNSh0K8PUcHU3JnX4-0-230-0-345-crop.jpg?v=45f739a242
the-dark-knight-rises,The Dark Knight Rises,2012,https://a.ltrbxd.com/resized/film-poster/1/6/5/5/0/16550-the-dark-knight-rises-0-230-0-345-crop.jpg?v=a7db2d4314
captain-america-civil-war,Captain America: Civil War,2016,https://a.ltrbxd.com/resized/film-poster/1/9/4/4/0/2/194402-captain-america-civil-war-0-230-0-345-crop.jpg?v=06d3eb3f8a
the-prestige,The Prestige,2006,https://a.ltrbxd.com/resized/film-poster/5/1/1/4/7/51147-the-prestige-0-230-0-345-crop.jpg?v=ad7e891177
reservoir-dogs,Reservoir Dogs,1992,https://a.ltrbxd.com/resized/sm/upload/u0/4o/op/yx/g7spS2Y4SZoQoC6Hn7zoqEqdYqR-0-230-0-345-crop.jpg?v=6d1aaa720c
the-hunger-games-catching-fire,The Hunger Games: Catching Fire,2013,https://a.ltrbxd.com/resized/sm/upload/0a/6m/bl/rt/esWEsDI83IYqUBGSN69hb4A1Vfu-0-230-0-345-crop.jpg?v=a9ecd05d8f
the-super-mario-bros-movie,The Super Mario Bros. Movie,2023,https://a.ltrbxd.com/resized/film-poster/4/3/2/3/0/2/432302-the-super-mario-bros-movie-0-230-0-345-crop.jpg?v=d7dd92386e
blade-runner,Blade Runner,1982,https://a.ltrbxd.com/resized/sm/upload/85/io/38/dz/vfzE3pjE5G7G7kcZWrA3fnbZo7V-0-230-0-345-crop.jpg?v=0d5de70f0d
the-nightmare-before-christmas,The Nightmare Before Christmas,1993,https://a.ltrbxd.com/resized/film-poster/4/7/1/1/9/47119-the-nightmare-before-christmas-0-230-0-345-crop.jpg?v=cc72c8b470
the-boy-and-the-heron,The Boy and the Heron,2023,https://a.ltrbxd.com/resized/film-poster/4/3/8/6/9/2/438692-the-boy-and-the-heron-0-230-0-345-crop.jpg?v=521e114164
beetlejuice,Beetlejuice,1988,https://a.ltrbxd.com/resized/sm/upload/rs/wk/3i/nt/gWnW7vxm8yr01TVLQhL4aI02orp-0-230-0-345-crop.jpg?v=f8250fbc59
psycho,Psycho,1960,https://a.ltrbxd.com/resized/film-poster/5/1/5/7/8/51578-psycho-0-230-0-345-crop.jpg?v=7250c49dcd
batman-begins,Batman Begins,2005,https://a.ltrbxd.com/resized/film-poster/5/1/7/8/4/51784-batman-begins-0-230-0-345-crop.jpg?v=f090edc352
tangled-2010,Tangled,2010,https://a.ltrbxd.com/resized/sm/upload/0w/h1/le/1p/632CtNOARAuWYfdjoYn6ooP3BHQ-0-230-0-345-crop.jpg?v=845e60968f
amelie,Amélie,2001,https://a.ltrbxd.com/resized/sm/upload/ly/0v/ey/u7/pM20xF4WFyX7G3ie0YBXFp75aEC-0-230-0-345-crop.jpg?v=bc8a28c252
marriage-story-2019,Marriage Story,2019,https://a.ltrbxd.com/resized/film-poster/4/2/2/6/8/2/422682-marriage-story-0-230-0-345-crop.jpg?v=a312d638d9
the-lion-king,The Lion King,1994,https://a.ltrbxd.com/resized/sm/upload/lz/96/yu/mf/ztuEReeV6ofpU1HxUV9AsR6aLoe-0-230-0-345-crop.jpg?v=47499379fa
doctor-strange-2016,Doctor Strange,2016,https://a.ltrbxd.com/resized/film-poster/2/0/9/3/8/1/209381-doctor-strange-0-230-0-345-crop.jpg?v=1466da225d
john-wick,John Wick,2014,https://a.ltrbxd.com/resized/film-poster/1/7/2/0/7/6/172076-john-wick-0-230-0-345-crop.jpg?v=e3c8c69b11
harry-potter-and-the-deathly-hallows-part-2,Harry Potter and the Deathly Hallows: Part 2,2011,https://a.ltrbxd.com/resized/film-poster/4/4/5/8/0/44580-harry-potter-and-the-deathly-hallows-part-2-0-230-0-345-crop.jpg?v=66f3769773
anora,Anora,2024,https://a.ltrbxd.com/resized/film-poster/9/5/9/5/4/0/959540-anora-0-230-0-345-crop.jpg?v=6f92877033
twilight-2008,Twilight,2008,https://a.ltrbxd.com/resized/film-poster/4/7/4/6/9/47469-twilight-0-230-0-345-crop.jpg?v=f347bd6a28
schindlers-list,Schindler's List,1993,https://a.ltrbxd.com/resized/sm/upload/bz/1x/em/jr/yPisjyLweCl1tbgwgtzBCNCBle-0-230-0-345-crop.jpg?v=ca5215c5a9
juno,Juno,2007,https://a.ltrbxd.com/resized/film-poster/4/8/0/5/1/48051-juno-0-230-0-345-crop.jpg?v=19ad3fb7e5
asteroid-city,Asteroid City,2023,https://a.ltrbxd.com/resized/film-poster/6/6/8/5/5/5/668555-asteroid-city-0-230-0-345-crop.jpg?v=700bea7fd5
barbarian-2022,Barbarian,2022,https://a.ltrbxd.com/resized/film-poster/8/1/9/6/4/8/819648-barbarian-0-230-0-345-crop.jpg?v=75b067327a
princess-mononoke,Princess Mononoke,1997,https://a.ltrbxd.com/resized/sm/upload/fu/5h/fp/mj/mNqZOtJIQfFQPjo3hmYLIn8Qqhf-0-230-0-345-crop.jpg?v=aae03975f7
babylon-2022,Babylon,2022,https://a.ltrbxd.com/resized/film-poster/5/4/2/7/7/3/542773-babylon-0-230-0-345-crop.jpg?v=aab2f01937
clueless,Clueless,1995,https://a.ltrbxd.com/resized/sm/upload/fn/rr/3z/h7/i8gEHh2sszB6YWLC0jl559sxAeN-0-230-0-345-crop.jpg?v=593192fedf
harry-potter-and-the-order-of-the-phoenix,Harry Potter and the Order of the Phoenix,2007,https://a.ltrbxd.com/resized/sm/upload/wd/w4/n0/yj/g6n8G0xPnBVUIKKK41sNmbZB5h4-0-230-0-345-crop.jpg?v=57af08b652
star-wars-episode-iii-revenge-of-the-sith,Star Wars: Episode III – Revenge of the Sith,2005,https://a.ltrbxd.com/resized/film-poster/5/0/7/0/9/50709-star-wars-episode-iii-revenge-of-the-sith-0-230-0-345-crop.jpg?v=cdb8caab10
captain-america-the-winter-soldier,Captain America: The Winter Soldier,2014,https://a.ltrbxd.com/resized/sm/upload/he/p6/cc/lg/zt6b493XEL2OQ1bCSKccZ7V0iRY-0-230-0-345-crop.jpg?v=6296209106
bohemian-rhapsody,Bohemian Rhapsody,2018,https://a.ltrbxd.com/resized/film-poster/3/5/8/2/2/2/358222-bohemian-rhapsody-0-230-0-345-crop.jpg?v=e24822a0b4
priscilla,Priscilla,2023,https://a.ltrbxd.com/resized/film-poster/9/1/9/1/2/1/919121-priscilla-0-230-0-345-crop.jpg?v=d9ff2d4c5e
star-wars-the-force-awakens,Star Wars: The Force Awakens,2015,https://a.ltrbxd.com/resized/sm/upload/t1/n6/d1/k6/g2mqdMU3jaz6uEosF5aqJgbw7e9-0-230-0-345-crop.jpg?v=f105fa4be0
jaws,Jaws,1975,https://a.ltrbxd.com/resized/film-poster/5/1/5/4/2/51542-jaws-0-230-0-345-crop.jpg?v=03299455f6
bodies-bodies-bodies,Bodies Bodies Bodies,2022,https://a.ltrbxd.com/resized/film-poster/4/4/9/4/4/2/449442-bodies-bodies-bodies-0-230-0-345-crop.jpg?v=1dfddd92ac
split-2016,Split,2016,https://a.ltrbxd.com/resized/sm/upload/5e/pw/vs/km/8CHJcVc5IGXS1sC5DyjeMwTDEQH-0-230-0-345-crop.jpg?v=ab64d75800
the-lobster,The Lobster,2015,https://a.ltrbxd.com/resized/film-poster/1/7/8/1/2/3/178123-the-lobster-0-230-0-345-crop.jpg?v=1de42bb7a6
talk-to-me-2022,Talk to Me,2022,https://a.ltrbxd.com/resized/film-poster/9/0/8/1/4/4/908144-talk-to-me-0-230-0-345-crop.jpg?v=bf6a2b65cc
the-whale-2022,The Whale,2022,https://a.ltrbxd.com/resized/film-poster/7/0/3/4/7/8/703478-the-whale-0-230-0-345-crop.jpg?v=84e98165fb
perfect-blue,Perfect Blue,1997,https://a.ltrbxd.com/resized/film-poster/4/6/1/7/5/46175-perfect-blue-0-230-0-345-crop.jpg?v=1ed5878cce
shrek-2,Shrek 2,2004,https://a.ltrbxd.com/resized/sm/upload/g4/4m/0c/6s/rD8SvOTCCJ2VIpIV7GUwUKD1Kzc-0-230-0-345-crop.jpg?v=e780d1b7d3
deadpool-2,Deadpool 2,2018,https://a.ltrbxd.com/resized/film-poster/3/1/8/1/9/5/318195-deadpool-2-0-230-0-345-crop.jpg?v=b43b5ab190
12-angry-men,12 Angry Men,1957,https://a.ltrbxd.com/resized/film-poster/5/1/7/0/0/51700-12-angry-men-0-230-0-345-crop.jpg?v=b8aaf291a9
edward-scissorhands,Edward Scissorhands,1990,https://a.ltrbxd.com/resized/film-poster/5/1/8/8/9/51889-edward-scissorhands-0-230-0-345-crop.jpg?v=38f2599419
harry-potter-and-the-half-blood-prince,Harry Potter and the Half-Blood Prince,2009,https://a.ltrbxd.com/resized/film-poster/5/1/3/8/5/51385-harry-potter-and-the-half-blood-prince-0-230-0-345-crop.jpg?v=789e7859c8
bones-and-all,Bones and All,2022,https://a.ltrbxd.com/resized/sm/upload/xi/cb/mo/xg/bones2-0-230-0-345-crop.jpg?v=bdb6694df9
about-time,About Time,2013,https://a.ltrbxd.com/resized/sm/upload/uo/th/yf/uz/zSuh8dGwqpsWR7ccvYbfxbSZ37o-0-230-0-345-crop.jpg?v=7276b6e978
there-will-be-blood,There Will Be Blood,2007,https://a.ltrbxd.com/resized/sm/upload/jg/cd/7y/f5/there%20will%20be%20blood-0-230-0-345-crop.jpg?v=8a533d5350
return-of-the-jedi,Return of the Jedi,1983,https://a.ltrbxd.com/resized/sm/upload/88/lu/ak/8v/5wDrNqePjb5SOucrWQwiFu340vv-0-230-0-345-crop.jpg?v=acc9d9c27b
the-departed,The Departed,2006,https://a.ltrbxd.com/resized/sm/upload/jr/th/pu/pb/laefkgrfa3oKwvBtWTBtf2suiI4-0-230-0-345-crop.jpg?v=f5d8231026
dont-worry-darling,Don't Worry Darling,2022,https://a.ltrbxd.com/resized/film-poster/5/4/6/3/4/7/546347-don-t-worry-darling-0-230-0-345-crop.jpg?v=f458525152
the-iron-claw-2023,The Iron Claw,2023,https://a.ltrbxd.com/resized/film-poster/7/6/4/8/9/0/764890-the-iron-claw-0-230-0-345-crop.jpg?v=321a07c4f2
harry-potter-and-the-deathly-hallows-part-1,Harry Potter and the Deathly Hallows: Part 1,2010,https://a.ltrbxd.com/resized/sm/upload/u8/tj/88/3v/harry-potter-and-the-deathly-hallows-part-i-original-0-230-0-345-crop.jpg?v=a31050208d
beautiful-boy-2018,Beautiful Boy,2018,https://a.ltrbxd.com/resized/film-poster/3/8/4/0/5/8/384058-beautiful-boy-0-230-0-345-crop.jpg?v=f926f71a50
scarface-1983,Scarface,1983,https://a.ltrbxd.com/resized/film-poster/5/1/9/3/9/51939-scarface-0-230-0-345-crop.jpg?v=e64e66a6b8
the-thing,The Thing,1982,https://a.ltrbxd.com/resized/sm/upload/t3/qn/vs/p5/s5fH3GqFcHbi2F0NSBSh4KRNTc0-0-230-0-345-crop.jpg?v=01880125bb
avengers-age-of-ultron,Avengers: Age of Ultron,2015,https://a.ltrbxd.com/resized/film-poster/8/1/6/0/5/81605-avengers-age-of-ultron-0-230-0-345-crop.jpg?v=d315efaff1
the-french-dispatch,The French Dispatch,2021,https://a.ltrbxd.com/resized/film-poster/4/7/1/2/0/7/471207-the-french-dispatch-0-230-0-345-crop.jpg?v=b68539b930
girl-interrupted,"Girl, Interrupted",1999,https://a.ltrbxd.com/resized/sm/upload/1x/ad/d5/5d/vp46lgVDiFdT4Hw5WIISOPwnMaH-0-230-0-345-crop.jpg?v=d07803f1c3
mulholland-drive,Mulholland Drive,2001,https://a.ltrbxd.com/resized/sm/upload/kv/7n/p8/tv/fMC8JBWx2VjsJ53JopAcFjqmlYv-0-230-0-345-crop.jpg?v=3d69c00608
ex-machina-2015,Ex Machina,2015,https://a.ltrbxd.com/resized/film-poster/1/8/7/9/8/6/187986-ex-machina-0-230-0-345-crop.jpg?v=2b4212d498
the-martian,The Martian,2015,https://a.ltrbxd.com/resized/film-poster/2/1/1/5/1/1/211511-the-martian-0-230-0-345-crop.jpg?v=71ca0c832e
the-virgin-suicides,The Virgin Suicides,1999,https://a.ltrbxd.com/resized/film-poster/5/1/0/2/4/51024-the-virgin-suicides-0-230-0-345-crop.jpg?v=b869f3409a
eyes-wide-shut,Eyes Wide Shut,1999,https://a.ltrbxd.com/resized/film-poster/5/1/7/1/7/51717-eyes-wide-shut-0-230-0-345-crop.jpg?v=7010402aeb
the-godfather-part-ii,The Godfather Part II,1974,https://a.ltrbxd.com/resized/film-poster/5/1/8/1/6/51816-the-godfather-part-ii-0-230-0-345-crop.jpg?v=6a49853f25
jennifers-body,Jennifer's Body,2009,https://a.ltrbxd.com/resized/film-poster/3/9/3/0/5/39305-jennifer-s-body-0-230-0-345-crop.jpg?v=af7fb6bd86
how-to-lose-a-guy-in-10-days,How to Lose a Guy in 10 Days,2003,https://a.ltrbxd.com/resized/sm/upload/t0/2v/iy/9c/aiB7u6xZ9RWeDTQ7c92J8AoiHj3-0-230-0-345-crop.jpg?v=422ef264f8
fargo,Fargo,1996,https://a.ltrbxd.com/resized/film-poster/5/1/7/8/1/51781-fargo-0-230-0-345-crop.jpg?v=44835e3b35
pirates-of-the-caribbean-the-curse-of-the-black-pearl,Pirates of the Caribbean: The Curse of the Black Pearl,2003,https://a.ltrbxd.com/resized/film-poster/2/6/9/5/2695-pirates-of-the-caribbean-the-curse-of-the-black-pearl-0-230-0-345-crop.jpg?v=272b36c0d8
logan-2017,Logan,2017,https://a.ltrbxd.com/resized/sm/upload/f3/ub/fq/f5/gGBu0hKw9BGddG8RkRAMX7B6NDB-0-230-0-345-crop.jpg?v=523ca1f161
the-zone-of-interest,The Zone of Interest,2023,https://a.ltrbxd.com/resized/film-poster/3/9/8/8/0/0/398800-the-zone-of-interest-0-230-0-345-crop.jpg?v=0514f658e1
no-hard-feelings-2023,No Hard Feelings,2023,https://a.ltrbxd.com/resized/film-poster/7/9/5/8/9/7/795897-no-hard-feelings-0-230-0-345-crop.jpg?v=d9012766c3
kill-bill-vol-2,Kill Bill: Vol. 2,2004,https://a.ltrbxd.com/resized/sm/upload/ka/7q/dh/8m/bxbX4sHZHcy81dnNs4VAVs7HXDL-0-230-0-345-crop.jpg?v=52e9a07730
leon-the-professional,Léon: The Professional,1994,https://a.ltrbxd.com/resized/sm/upload/6x/vq/25/fy/gE8S02QUOhVnAmYu4tcrBlMTujz-0-230-0-345-crop.jpg?v=f72423fa1f
star-wars-episode-i-the-phantom-menace,Star Wars: Episode I – The Phantom Menace,1999,https://a.ltrbxd.com/resized/film-poster/5/0/7/1/1/50711-star-wars-episode-i-the-phantom-menace-0-230-0-345-crop.jpg?v=cdb8caab10
the-amazing-spider-man,The Amazing Spider-Man,2012,https://a.ltrbxd.com/resized/film-poster/5/0/6/7/7/50677-the-amazing-spider-man-0-230-0-345-crop.jpg?v=2e109aabed
thor-love-and-thunder,Thor: Love and Thunder,2022,https://a.ltrbxd.com/resized/film-poster/5/4/3/0/0/2/543002-thor-love-and-thunder-0-230-0-345-crop.jpg?v=bc6277fe76
trainspotting,Trainspotting,1996,https://a.ltrbxd.com/resized/film-poster/5/1/4/9/7/51497-trainspotting-0-230-0-345-crop.jpg?v=c8597f6cb5
i-tonya,"I, Tonya",2017,https://a.ltrbxd.com/resized/sm/upload/hv/nn/05/ss/d20vOJpywFDoz7Dd4ChomGdP0fr-0-230-0-345-crop.jpg?v=836521d1aa
encanto,Encanto,2021,https://a.ltrbxd.com/resized/film-poster/4/9/6/5/9/2/496592-encanto-0-230-0-345-crop.jpg?v=3fbb07bf26
birdman-or-the-unexpected-virtue-of-ignorance,Birdman or (The Unexpected Virtue of Ignorance),2014,https://a.ltrbxd.com/resized/film-poster/1/3/9/7/9/5/139795-birdman-0-230-0-345-crop.jpg?v=345680513e
the-big-lebowski,The Big Lebowski,1998,https://a.ltrbxd.com/resized/film-poster/5/1/9/3/5/51935-the-big-lebowski-0-230-0-345-crop.jpg?v=5cd64defcf
alien-romulus,Alien: Romulus,2024,https://a.ltrbxd.com/resized/film-poster/8/5/0/4/5/9/850459-alien-romulus-0-230-0-345-crop.jpg?v=acabb7fd83
society-of-the-snow,Society of the Snow,2023,https://a.ltrbxd.com/resized/film-poster/8/1/3/8/4/0/813840-society-of-the-snow-0-230-0-345-crop.jpg?v=c75af7d2b8
ferris-buellers-day-off,Ferris Bueller's Day Off,1986,https://a.ltrbxd.com/resized/film-poster/4/7/2/1/9/47219-ferris-bueller-s-day-off-0-230-0-345-crop.jpg?v=5c27745153
the-suicide-squad,The Suicide Squad,2021,https://a.ltrbxd.com/resized/film-poster/3/6/9/8/3/5/369835-the-suicide-squad-0-230-0-345-crop.jpg?v=8503fd610a
saving-private-ryan,Saving Private Ryan,1998,https://a.ltrbxd.com/resized/sm/upload/hz/fu/r7/y7/35CMz4t7PuUiQqt5h4u5nbrXZlF-0-230-0-345-crop.jpg?v=3a667509e0
last-night-in-soho,Last Night in Soho,2021,https://a.ltrbxd.com/resized/film-poster/5/0/5/0/0/0/505000-last-night-in-soho-0-230-0-345-crop.jpg?v=0b5403ef97
civil-war-2024,Civil War,2024,https://a.ltrbxd.com/resized/film-poster/8/3/4/6/5/6/834656-civil-war-0-230-0-345-crop.jpg?v=aefec33dbe
moonrise-kingdom,Moonrise Kingdom,2012,https://a.ltrbxd.com/resized/sm/upload/v5/7f/mn/y8/ysTohGF7NY9Z6MYz9vLNYiyzh0r-0-230-0-345-crop.jpg?v=689b2b9ee8
your-name,Your Name.,2016,https://a.ltrbxd.com/resized/sm/upload/md/ku/l7/m5/xq1Ugd62d23K2knRUx6xxuALTZB-0-230-0-345-crop.jpg?v=443be7928f
star-wars-the-last-jedi,Star Wars: The Last Jedi,2017,https://a.ltrbxd.com/resized/sm/upload/21/h4/fo/18/47zTsc9gkruDmDssiCqyZTxdOla-0-230-0-345-crop.jpg?v=2a45b40d17
corpse-bride,Corpse Bride,2005,https://a.ltrbxd.com/resized/sm/upload/v1/h6/lc/lu/o9GbcdP7rOg2m1NyUnUR3ZwNcTE-0-230-0-345-crop.jpg?v=1ee3b92ded
black-widow-2021,Black Widow,2021,https://a.ltrbxd.com/resized/film-poster/4/2/7/8/0/7/427807-black-widow-0-230-0-345-crop.jpg?v=691395e563
the-florida-project,The Florida Project,2017,https://a.ltrbxd.com/resized/film-poster/3/2/8/5/3/8/328538-the-florida-project-0-230-0-345-crop.jpg?v=60e095aa65
captain-america-the-first-avenger,Captain America: The First Avenger,2011,https://a.ltrbxd.com/resized/film-poster/5/0/8/0/9/50809-captain-america-the-first-avenger-0-230-0-345-crop.jpg?v=5a0d520040
apocalypse-now,Apocalypse Now,1979,https://a.ltrbxd.com/resized/film-poster/2/6/9/0/2690-apocalypse-now-0-230-0-345-crop.jpg?v=d4f99c09a3
the-pianist,The Pianist,2002,https://a.ltrbxd.com/resized/film-poster/5/1/6/7/2/51672-the-pianist-0-230-0-345-crop.jpg?v=3eee5ac018
the-great-gatsby-2013,The Great Gatsby,2013,https://a.ltrbxd.com/resized/film-poster/2/8/5/285-the-great-gatsby-0-230-0-345-crop.jpg?v=83157e478f
five-nights-at-freddys,Five Nights at Freddy's,2023,https://a.ltrbxd.com/resized/film-poster/4/3/6/9/4/8/436948-five-nights-at-freddy-s-0-230-0-345-crop.jpg?v=6ff52485a8
rogue-one-a-star-wars-story,Rogue One: A Star Wars Story,2016,https://a.ltrbxd.com/resized/film-poster/2/5/8/1/2/8/258128-rogue-one-a-star-wars-story-0-230-0-345-crop.jpg?v=eff30d0282
captain-marvel,Captain Marvel,2019,https://a.ltrbxd.com/resized/film-poster/2/2/6/7/5/0/226750-captain-marvel-0-230-0-345-crop.jpg?v=4be3c0c011
american-beauty,American Beauty,1999,https://a.ltrbxd.com/resized/film-poster/2/7/0/3/2703-american-beauty-0-230-0-345-crop.jpg?v=30329dd752
the-nice-guys,The Nice Guys,2016,https://a.ltrbxd.com/resized/film-poster/2/1/6/3/0/1/216301-the-nice-guys-0-230-0-345-crop.jpg?v=40616daa2c
the-revenant-2015,The Revenant,2015,https://a.ltrbxd.com/resized/film-poster/2/0/7/2/2/4/207224-the-revenant-0-230-0-345-crop.jpg?v=f51b30a589
legally-blonde,Legally Blonde,2001,https://a.ltrbxd.com/resized/film-poster/4/7/5/8/6/47586-legally-blonde-0-230-0-345-crop.jpg?v=683a318854
shang-chi-and-the-legend-of-the-ten-rings,Shang-Chi and the Legend of the Ten Rings,2021,https://a.ltrbxd.com/resized/film-poster/4/9/4/9/6/9/494969-shang-chi-and-the-legend-of-the-ten-rings-0-230-0-345-crop.jpg?v=49ce6b6893
moana-2016,Moana,2016,https://a.ltrbxd.com/resized/film-poster/2/0/1/9/0/9/201909-moana-0-230-0-345-crop.jpg?v=cfeffc2eaa
the-worst-person-in-the-world,The Worst Person in the World,2021,https://a.ltrbxd.com/resized/film-poster/5/8/5/2/5/8/585258-the-worst-person-in-the-world-0-230-0-345-crop.jpg?v=92bc344c27
ant-man,Ant-Man,2015,https://a.ltrbxd.com/resized/film-poster/8/3/5/5/7/83557-ant-man-0-230-0-345-crop.jpg?v=17265166a5
smile-2022,Smile,2022,https://a.ltrbxd.com/resized/film-poster/7/9/3/8/8/3/793883-smile-0-230-0-345-crop.jpg?v=54791d7575
in-the-mood-for-love,In the Mood for Love,2000,https://a.ltrbxd.com/resized/sm/upload/g1/7l/2j/qk/tSRdvZY1waXrTeMqeLBmq9IRs08-0-230-0-345-crop.jpg?v=938633fc19
die-hard,Die Hard,1988,https://a.ltrbxd.com/resized/film-poster/5/1/5/5/6/51556-die-hard-0-230-0-345-crop.jpg?v=e24e92754d
luca-2021,Luca,2021,https://a.ltrbxd.com/resized/film-poster/4/3/8/7/2/2/438722-luca-0-230-0-345-crop.jpg?v=dded0b1863
zootopia,Zootopia,2016,https://a.ltrbxd.com/resized/film-poster/1/9/2/4/1/0/192410-zootopia-0-230-0-345-crop.jpg?v=e22eae9a2a
toy-story-3,Toy Story 3,2010,https://a.ltrbxd.com/resized/film-poster/4/6/4/5/8/46458-toy-story-3-0-230-0-345-crop.jpg?v=d46903002c
when-harry-met-sally,When Harry Met Sally...,1989,https://a.ltrbxd.com/resized/film-poster/5/1/4/8/5/51485-when-harry-met-sally--0-230-0-345-crop.jpg?v=2f277e2fe7
furiosa-a-mad-max-saga,Furiosa: A Mad Max Saga,2024,https://a.ltrbxd.com/resized/film-poster/7/0/5/2/2/1/705221-furiosa-a-mad-max-saga-0-230-0-345-crop.jpg?v=3c0e322842
the-favourite,The Favourite,2018,https://a.ltrbxd.com/resized/film-poster/3/1/0/7/0/5/310705-the-favourite-0-230-0-345-crop.jpg?v=c5488e37ef
isle-of-dogs-2018,Isle of Dogs,2018,https://a.ltrbxd.com/resized/sm/upload/z2/5l/zn/to/uMcbu3qVseJGH24xUAyIVzmcQV4-0-230-0-345-crop.jpg?v=8bc488a9ff
elvis-2022,Elvis,2022,https://a.ltrbxd.com/resized/film-poster/5/4/2/0/3/2/542032-elvis-0-230-0-345-crop.jpg?v=c8e56b86bc
the-conjuring,The Conjuring,2013,https://a.ltrbxd.com/resized/film-poster/1/0/6/2/6/2/106262-the-conjuring-0-230-0-345-crop.jpg?v=8cbb976912
blackkklansman,BlacKkKlansman,2018,https://a.ltrbxd.com/resized/film-poster/4/1/8/1/3/5/418135-blackkklansman-0-230-0-345-crop.jpg?v=632af7bfd9
the-hangover,The Hangover,2009,https://a.ltrbxd.com/resized/film-poster/4/0/1/0/0/40100-the-hangover-0-230-0-345-crop.jpg?v=6464871bf5
how-to-train-your-dragon,How to Train Your Dragon,2010,https://a.ltrbxd.com/resized/sm/upload/0r/r7/c6/7e/hIXX3IRFy0InUOmYeWjvhCAgQNj-0-230-0-345-crop.jpg?v=d158027eb4
city-of-god,City of God,2002,https://a.ltrbxd.com/resized/film-poster/5/1/5/2/3/51523-city-of-god-0-230-0-345-crop.jpg?v=7517ea94ce
black-panther-wakanda-forever,Black Panther: Wakanda Forever,2022,https://a.ltrbxd.com/resized/film-poster/4/3/5/4/6/0/435460-black-panther-wakanda-forever-0-230-0-345-crop.jpg?v=27db1e3d45
charlie-and-the-chocolate-factory,Charlie and the Chocolate Factory,2005,https://a.ltrbxd.com/resized/film-poster/5/1/9/3/2/51932-charlie-and-the-chocolate-factory-0-230-0-345-crop.jpg?v=cf68e10228
star-wars-episode-ii-attack-of-the-clones,Star Wars: Episode II – Attack of the Clones,2002,https://a.ltrbxd.com/resized/film-poster/5/0/7/1/0/50710-star-wars-episode-ii-attack-of-the-clones-0-230-0-345-crop.jpg?v=cdb8caab10
the-shape-of-water,The Shape of Water,2017,https://a.ltrbxd.com/resized/sm/upload/f0/2f/4e/am/bxVvUHI1A9PWoVfEBZko6FZPv5A-0-230-0-345-crop.jpg?v=b150ad168f
the-hateful-eight,The Hateful Eight,2015,https://a.ltrbxd.com/resized/film-poster/1/9/7/0/1/2/197012-the-hateful-eight-0-230-0-345-crop.jpg?v=0428be5b84
cars,Cars,2006,https://a.ltrbxd.com/resized/sm/upload/de/kp/63/hd/dWg33ektXuHmxjSjEulwDPTWbC2-0-230-0-345-crop.jpg?v=df40f228cb
beetlejuice-beetlejuice,Beetlejuice Beetlejuice,2024,https://a.ltrbxd.com/resized/film-poster/8/2/3/6/4/8/823648-beetlejuice-beetlejuice-0-230-0-345-crop.jpg?v=2759be608e
the-sixth-sense,The Sixth Sense,1999,https://a.ltrbxd.com/resized/film-poster/5/1/4/0/7/51407-the-sixth-sense-0-230-0-345-crop.jpg?v=ab482dfeb6
kingsman-the-secret-service,Kingsman: The Secret Service,2014,https://a.ltrbxd.com/resized/film-poster/1/4/8/2/0/0/148200-kingsman-the-secret-service-0-230-0-345-crop.jpg?v=cd49b739cf
frozen-2013,Frozen,2013,https://a.ltrbxd.com/resized/sm/upload/6w/m8/pw/94/eFnGmj63QPUpK7QUWSOUhypIQOT-0-230-0-345-crop.jpg?v=aae3ef24d7
13-going-on-30,13 Going on 30,2004,https://a.ltrbxd.com/resized/sm/upload/um/45/8m/or/t0c3qxcKSaO4iBYVAzIeyPbC8I1-0-230-0-345-crop.jpg?v=72ab2e2ec7
raiders-of-the-lost-ark,Raiders of the Lost Ark,1981,https://a.ltrbxd.com/resized/film-poster/5/1/9/6/5/51965-raiders-of-the-lost-ark-0-230-0-345-crop.jpg?v=2b066bfd52
crazy-stupid-love,"Crazy, Stupid, Love.",2011,https://a.ltrbxd.com/resized/film-poster/1/5/0/5/1/15051-crazy-stupid-love--0-230-0-345-crop.jpg?v=262be4c415
big-hero-6,Big Hero 6,2014,https://a.ltrbxd.com/resized/sm/upload/hu/db/3b/mm/q6WZxPlic8hpKzCxnzWOFCCLQfo-0-230-0-345-crop.jpg?v=d5c2ad9fb4
spider-man-3,Spider-Man 3,2007,https://a.ltrbxd.com/resized/sm/upload/gi/zi/fp/69/uC2pAMjb32NIgQ1GdC1Bl6LZJc2-0-230-0-345-crop.jpg?v=71a23d5211
twisters,Twisters,2024,https://a.ltrbxd.com/resized/film-poster/6/4/1/6/0/8/641608-twisters-0-230-0-345-crop.jpg?v=b1bb3d5cc7
halloween-1978,Halloween,1978,https://a.ltrbxd.com/resized/film-poster/6/0/2/9/8/60298-halloween-0-230-0-345-crop.jpg?v=bcb3149dda
the-fall-guy-2024,The Fall Guy,2024,https://a.ltrbxd.com/resized/film-poster/6/6/7/5/5/0/667550-the-fall-guy-0-230-0-345-crop.jpg?v=5f491a1281
the-handmaiden,The Handmaiden,2016,https://a.ltrbxd.com/resized/sm/upload/pc/n6/pz/mi/wvzfK5QR6dGLwND8MCzWjsQWG4Q-0-230-0-345-crop.jpg?v=bcfcc8f8f6
la-haine,La Haine,1995,https://a.ltrbxd.com/resized/film-poster/5/1/6/8/4/51684-la-haine-0-230-0-345-crop.jpg?v=b6677cc136
triangle-of-sadness,Triangle of Sadness,2022,https://a.ltrbxd.com/resized/film-poster/4/2/7/9/7/0/427970-triangle-of-sadness-0-230-0-345-crop.jpg?v=a9210ebfee
turning-red,Turning Red,2022,https://a.ltrbxd.com/resized/film-poster/4/3/8/7/2/7/438727-turning-red-0-230-0-345-crop.jpg?v=85497b8090
shaun-of-the-dead,Shaun of the Dead,2004,https://a.ltrbxd.com/resized/sm/upload/36/av/yn/jg/yWEeWO7fLs45XOcb94GPiLrHBRG-0-230-0-345-crop.jpg?v=f9f1d6b3fe
iron-man-3,Iron Man 3,2013,https://a.ltrbxd.com/resized/sm/upload/5r/0i/96/db/7XiGqZE8meUv7L4720L0tIDd7gO-0-230-0-345-crop.jpg?v=25f900a8ee
star-wars-the-rise-of-skywalker,Star Wars: The Rise of Skywalker,2019,https://a.ltrbxd.com/resized/film-poster/1/3/1/9/8/4/131984-star-wars-the-rise-of-skywalker-0-230-0-345-crop.jpg?v=23eb9b6d0e
suicide-squad-2016,Suicide Squad,2016,https://a.ltrbxd.com/resized/sm/upload/t0/3y/yr/rs/n3rm3gxguxzFDlygpROV7RHbELe-0-230-0-345-crop.jpg?v=67909d635e
toy-story-2,Toy Story 2,1999,https://a.ltrbxd.com/resized/film-poster/5/1/2/8/9/51289-toy-story-2-0-230-0-345-crop.jpg?v=96fd9a530b
vertigo,Vertigo,1958,https://a.ltrbxd.com/resized/sm/upload/q9/3o/ng/om/obhM86qyv8RsE69XSMTtT9FdE0b-0-230-0-345-crop.jpg?v=1403a5e003
incredibles-2,Incredibles 2,2018,https://a.ltrbxd.com/resized/film-poster/1/8/4/0/6/1/184061-incredibles-2-0-230-0-345-crop.jpg?v=ba643664bd
the-hunger-games-mockingjay-part-1,The Hunger Games: Mockingjay – Part 1,2014,https://a.ltrbxd.com/resized/film-poster/1/0/1/9/9/1/101991-the-hunger-games-mockingjay-part-1-0-230-0-345-crop.jpg?v=2909b52c8c
iron-man-2,Iron Man 2,2010,https://a.ltrbxd.com/resized/film-poster/4/6/5/1/1/46511-iron-man-2-0-230-0-345-crop.jpg?v=67e856ad63
the-royal-tenenbaums,The Royal Tenenbaums,2001,https://a.ltrbxd.com/resized/sm/upload/sf/k0/qu/5o/5xw30y0pSaMtTcuZW5VaQPiR8qb-0-230-0-345-crop.jpg?v=b945b566a6
notting-hill,Notting Hill,1999,https://a.ltrbxd.com/resized/sm/upload/pa/ej/k3/ft/notting-hill-0-230-0-345-crop.jpg?v=a589bf6ce2
love-actually,Love Actually,2003,https://a.ltrbxd.com/resized/film-poster/5/1/6/0/2/51602-love-actually-0-230-0-345-crop.jpg?v=02e0f1f133
the-black-phone,The Black Phone,2021,https://a.ltrbxd.com/resized/film-poster/6/7/7/5/7/1/677571-the-black-phone-0-230-0-345-crop.jpg?v=45a499c08d
the-northman,The Northman,2022,https://a.ltrbxd.com/resized/film-poster/5/6/5/8/5/2/565852-the-northman-0-230-0-345-crop.jpg?v=8e3d277969
stand-by-me,Stand by Me,1986,https://a.ltrbxd.com/resized/film-poster/5/1/8/2/1/51821-stand-by-me-0-230-0-345-crop.jpg?v=b3163b5def
grave-of-the-fireflies,Grave of the Fireflies,1988,https://a.ltrbxd.com/resized/film-poster/4/4/5/5/8/44558-grave-of-the-fireflies-0-230-0-345-crop.jpg?v=0c61fd55f0
booksmart,Booksmart,2019,https://a.ltrbxd.com/resized/film-poster/4/3/5/4/5/0/435450-booksmart-0-230-0-345-crop.jpg?v=5930d440be
thor,Thor,2011,https://a.ltrbxd.com/resized/film-poster/4/6/4/5/6/46456-thor-0-230-0-345-crop.jpg?v=36c210ad0d
ponyo,Ponyo,2008,https://a.ltrbxd.com/resized/film-poster/4/4/5/9/4/44594-ponyo-0-230-0-345-crop.jpg?v=6e5faa20db
the-wild-robot,The Wild Robot,2024,https://a.ltrbxd.com/resized/film-poster/1/0/7/1/1/9/6/1071196-the-wild-robot-0-230-0-345-crop.jpg?v=a70bdbaea0
sound-of-metal,Sound of Metal,2019,https://a.ltrbxd.com/resized/film-poster/4/3/2/0/0/4/432004-sound-of-metal-0-230-0-345-crop.jpg?v=289acd955b
maxxxine,MaXXXine,2024,https://a.ltrbxd.com/resized/film-poster/9/2/2/8/5/8/922858-maxxxine-0-230-0-345-crop.jpg?v=a0fd94e61f
the-killing-of-a-sacred-deer,The Killing of a Sacred Deer,2017,https://a.ltrbxd.com/resized/film-poster/3/3/3/3/1/0/333310-the-killing-of-a-sacred-deer-0-230-0-345-crop.jpg?v=f2a22b1af9
all-of-us-strangers,All of Us Strangers,2023,https://a.ltrbxd.com/resized/film-poster/8/9/5/2/9/0/895290-all-of-us-strangers-0-230-0-345-crop.jpg?v=6b8a3d00c7
all-quiet-on-the-western-front-2022,All Quiet on the Western Front,2022,https://a.ltrbxd.com/resized/film-poster/1/6/5/3/0/16530-all-quiet-on-the-western-front-0-230-0-345-crop.jpg?v=bff4d496a1
godzilla-minus-one,Godzilla Minus One,2023,https://a.ltrbxd.com/resized/film-poster/8/4/5/7/0/6/845706-godzilla-minus-one-0-230-0-345-crop.jpg?v=a98e8c1ed4
oceans-eleven-2001,Ocean's Eleven,2001,https://a.ltrbxd.com/resized/sm/upload/cq/zv/tn/d6/5ZfdSZeP4ZDJwA3Q17SpxV6wBjF-0-230-0-345-crop.jpg?v=f958fb5718
kikis-delivery-service,Kiki's Delivery Service,1989,https://a.ltrbxd.com/resized/sm/upload/5e/rk/0e/99/C70E830B-E641-4CD4-87B3-8DFB91383E20-0-230-0-345-crop.jpg?v=359a791d0d
trap-2024,Trap,2024,https://a.ltrbxd.com/resized/film-poster/9/3/1/1/6/4/931164-trap-0-230-0-345-crop.jpg?v=23298a998e
manchester-by-the-sea,Manchester by the Sea,2016,https://a.ltrbxd.com/resized/sm/upload/i7/li/tp/62/i0t7F6b4R1wURRESAiw9VJNuVoV-0-230-0-345-crop.jpg?v=65942464ea
tick-tick-boom-2021,"tick, tick... BOOM!",2021,https://a.ltrbxd.com/resized/film-poster/4/6/6/2/9/1/466291-tick-tick-boom--0-230-0-345-crop.jpg?v=37cdb94d8e
mother-2017,mother!,2017,https://a.ltrbxd.com/resized/film-poster/3/1/6/3/1/1/316311-mother--0-230-0-345-crop.jpg?v=399e8950fd
ready-or-not-2019,Ready or Not,2019,https://a.ltrbxd.com/resized/film-poster/4/9/5/9/6/9/495969-ready-or-not-0-230-0-345-crop.jpg?v=13279f6ca8
one-flew-over-the-cuckoos-nest,One Flew Over the Cuckoo's Nest,1975,https://a.ltrbxd.com/resized/sm/upload/lf/ry/hy/2e/RHteRHXqym9f0gI4cmChbFOxD-0-230-0-345-crop.jpg?v=1e6a37509a
et-the-extra-terrestrial,E.T. the Extra-Terrestrial,1982,https://a.ltrbxd.com/resized/film-poster/5/1/5/2/0/51520-e-t-the-extra-terrestrial-0-230-0-345-crop.jpg?v=abed7069ac
kung-fu-panda,Kung Fu Panda,2008,https://a.ltrbxd.com/resized/sm/upload/wn/0t/9w/2v/mk3UyyaLyXhgIhmLji25OUPXvGR-0-230-0-345-crop.jpg?v=ad94029f2c
pans-labyrinth,Pan's Labyrinth,2006,https://a.ltrbxd.com/resized/film-poster/5/1/0/4/7/51047-pan-s-labyrinth-0-230-0-345-crop.jpg?v=79f89e7325
cruella,Cruella,2021,https://a.ltrbxd.com/resized/film-poster/2/6/6/6/7/6/266676-cruella-0-230-0-345-crop.jpg?v=310d3d59a9
before-sunset,Before Sunset,2004,https://a.ltrbxd.com/resized/film-poster/5/1/9/7/0/51970-before-sunset-0-230-0-345-crop.jpg?v=059bc2bbc0
the-green-mile,The Green Mile,1999,https://a.ltrbxd.com/resized/film-poster/5/1/6/1/3/51613-the-green-mile-0-230-0-345-crop.jpg?v=fff3d0bd1f
the-exorcist,The Exorcist,1973,https://a.ltrbxd.com/resized/film-poster/4/7/0/4/8/47048-the-exorcist-0-230-0-345-crop.jpg?v=897c9aa211
i-saw-the-tv-glow,I Saw the TV Glow,2024,https://a.ltrbxd.com/resized/film-poster/7/7/2/2/3/0/772230-i-saw-the-tv-glow-0-230-0-345-crop.jpg?v=c5e712bb90
john-wick-chapter-4,John Wick: Chapter 4,2023,https://a.ltrbxd.com/resized/film-poster/5/3/0/8/8/2/530882-john-wick-chapter-4-0-230-0-345-crop.jpg?v=bc32219057
the-hunger-games-mockingjay-part-2,The Hunger Games: Mockingjay – Part 2,2015,https://a.ltrbxd.com/resized/sm/upload/tq/6c/uw/7r/nN4cEJMHJHbJBsp3vvvhtNWLGqg-0-230-0-345-crop.jpg?v=2b65a152e1
licorice-pizza,Licorice Pizza,2021,https://a.ltrbxd.com/resized/film-poster/6/4/1/0/8/6/641086-licorice-pizza-0-230-0-345-crop.jpg?v=6f08c3828c
train-to-busan,Train to Busan,2016,https://a.ltrbxd.com/resized/film-poster/3/3/0/9/1/2/330912-train-to-busan-0-230-0-345-crop.jpg?v=c85e151cfe
joker-folie-a-deux,Joker: Folie à Deux,2024,https://a.ltrbxd.com/resized/film-poster/8/0/0/8/5/8/800858-joker-folie-a-deux-0-230-0-345-crop.jpg?v=a4bf0389e2
tar-2022,TÁR,2022,https://a.ltrbxd.com/resized/film-poster/7/3/4/0/9/6/734096-tar-0-230-0-345-crop.jpg?v=e6d8348cff
the-irishman-2019,The Irishman,2019,https://a.ltrbxd.com/resized/film-poster/3/3/3/2/0/3/333203-the-irishman-0-230-0-345-crop.jpg?v=44b0138d78
eternals,Eternals,2021,https://a.ltrbxd.com/resized/film-poster/4/5/4/0/1/6/454016-eternals-0-230-0-345-crop.jpg?v=2578d04fd8
venom-2018,Venom,2018,https://a.ltrbxd.com/resized/film-poster/2/6/5/4/3/8/265438-venom-0-230-0-345-crop.jpg?v=044d757925
fallen-angels,Fallen Angels,1995,https://a.ltrbxd.com/resized/film-poster/4/5/4/8/9/45489-fallen-angels-0-230-0-345-crop.jpg?v=26d8dd7207
heat-1995,Heat,1995,https://a.ltrbxd.com/resized/film-poster/5/1/9/9/4/51994-heat-0-230-0-345-crop.jpg?v=54dce97dc6
the-amazing-spider-man-2,The Amazing Spider-Man 2,2014,https://a.ltrbxd.com/resized/sm/upload/fs/xh/ms/hx/9HFdUfEuvbsaBfroPZNeDiA9W9-0-230-0-345-crop.jpg?v=4bb266c754
late-night-with-the-devil,Late Night with the Devil,2023,https://a.ltrbxd.com/resized/film-poster/8/4/3/4/1/5/843415-late-night-with-the-devil-0-230-0-345-crop.jpg?v=b6c384f7c5
easy-a,Easy A,2010,https://a.ltrbxd.com/resized/film-poster/2/6/7/7/0/26770-easy-a-0-230-0-345-crop.jpg?v=61986c3654
full-metal-jacket,Full Metal Jacket,1987,https://a.ltrbxd.com/resized/sm/upload/l0/l4/6c/7v/29veIwD38rVL2qY74emXQw4y25H-0-230-0-345-crop.jpg?v=6e44829670
chungking-express,Chungking Express,1994,https://a.ltrbxd.com/resized/film-poster/4/5/6/0/2/45602-chungking-express-0-230-0-345-crop.jpg?v=9475abb05b
memories-of-murder,Memories of Murder,2003,https://a.ltrbxd.com/resized/sm/upload/84/xt/e8/mw/gawnVe9cFowdoDLo9Pok12NTw39-0-230-0-345-crop.jpg?v=7cad204593
casablanca,Casablanca,1942,https://a.ltrbxd.com/resized/sm/upload/kq/vf/8s/1p/wOBKAoUJZb5qTsWv5XXvVV2vUzz-0-230-0-345-crop.jpg?v=cdb9b25970
the-killer-2023,The Killer,2023,https://a.ltrbxd.com/resized/film-poster/7/1/7/6/5/4/717654-the-killer-0-230-0-345-crop.jpg?v=39fba8ec40
promising-young-woman,Promising Young Woman,2020,https://a.ltrbxd.com/resized/film-poster/5/1/0/0/4/7/510047-promising-young-woman-0-230-0-345-crop.jpg?v=21703347b6
a-star-is-born-2018,A Star Is Born,2018,https://a.ltrbxd.com/resized/film-poster/2/6/1/1/0/8/261108-a-star-is-born-0-230-0-345-crop.jpg?v=29d345083a
we-live-in-time,We Live in Time,2024,https://a.ltrbxd.com/resized/film-poster/9/9/1/7/8/6/991786-we-live-in-time-0-230-0-345-crop.jpg?v=14245ba118
the-imitation-game,The Imitation Game,2014,https://a.ltrbxd.com/resized/film-poster/1/4/6/9/5/4/146954-the-imitation-game-0-230-0-345-crop.jpg?v=818ff18071
may-december,May December,2023,https://a.ltrbxd.com/resized/sm/upload/zh/p4/cg/6v/may-december-0-230-0-345-crop.jpg?v=40f7f230a3
the-big-short,The Big Short,2015,https://a.ltrbxd.com/resized/film-poster/2/4/6/0/1/3/246013-the-big-short-0-230-0-345-crop.jpg?v=53fc881989
the-texas-chain-saw-massacre,The Texas Chain Saw Massacre,1974,https://a.ltrbxd.com/resized/film-poster/3/1/9/8/5/31985-the-texas-chain-saw-massacre-0-230-0-345-crop.jpg?v=c63b3f1958
the-lego-movie,The Lego Movie,2014,https://a.ltrbxd.com/resized/sm/upload/az/2g/rn/wz/7HdNvpAMnU9rjKDJSFzAjnsz0eh-0-230-0-345-crop.jpg?v=d12c4cb9e6
pretty-woman,Pretty Woman,1990,https://a.ltrbxd.com/resized/film-poster/5/1/9/3/6/51936-pretty-woman-0-230-0-345-crop.jpg?v=b190c1d6bc
annihilation,Annihilation,2018,https://a.ltrbxd.com/resized/film-poster/2/2/7/7/8/4/227784-annihilation-0-230-0-345-crop.jpg?v=35308091d6
carrie-1976,Carrie,1976,https://a.ltrbxd.com/resized/sm/upload/2c/5d/69/bc/uc3OvgmbnYaS5Y0BOjSmC1EmSz1-0-230-0-345-crop.jpg?v=52ac29973c
perfect-days-2023,Perfect Days,2023,https://a.ltrbxd.com/resized/film-poster/8/7/9/2/2/9/879229-perfect-days-0-230-0-345-crop.jpg?v=4ea80661fd
free-guy,Free Guy,2021,https://a.ltrbxd.com/resized/film-poster/4/7/9/8/1/4/479814-free-guy-0-230-0-345-crop.jpg?v=0cd7303445
saw,Saw,2004,https://a.ltrbxd.com/resized/sm/upload/qd/18/jq/1b/oFl8U5Mzohs6z8mL8KT4Gjoiirm-0-230-0-345-crop.jpg?v=3c58ef6252
love-lies-bleeding-2024,Love Lies Bleeding,2024,https://a.ltrbxd.com/resized/film-poster/8/5/3/0/1/1/853011-love-lies-bleeding-0-230-0-345-crop.jpg?v=06376e593e
school-of-rock,School of Rock,2003,https://a.ltrbxd.com/resized/film-poster/5/0/9/5/0/50950-school-of-rock-0-230-0-345-crop.jpg?v=1d462b4ca3
toy-story-4,Toy Story 4,2019,https://a.ltrbxd.com/resized/film-poster/2/2/8/6/2/8/228628-toy-story-4-0-230-0-345-crop.jpg?v=e5bf22ba02
a-quiet-place-day-one,A Quiet Place: Day One,2024,https://a.ltrbxd.com/resized/film-poster/6/8/2/5/3/5/682535-a-quiet-place-day-one-0-230-0-345-crop.jpg?v=3eadd927ba
it-chapter-two,It Chapter Two,2019,https://a.ltrbxd.com/resized/film-poster/4/0/5/5/4/5/405545-it-chapter-two-0-230-0-345-crop.jpg?v=727cc83650
the-princess-bride,The Princess Bride,1987,https://a.ltrbxd.com/resized/sm/upload/hk/2u/bd/9p/gpxjoE0yvRwIhFEJgNArtKtaN7S-0-230-0-345-crop.jpg?v=544eada136
top-gun,Top Gun,1986,https://a.ltrbxd.com/resized/sm/upload/e9/dh/nn/5w/fKSZl8ONN7DQh5ujgdObRIFmhiZ-0-230-0-345-crop.jpg?v=042d149015
paris-texas,"Paris, Texas",1984,https://a.ltrbxd.com/resized/film-poster/5/1/4/6/9/51469-paris-texas-0-230-0-345-crop.jpg?v=c8f2743612
frances-ha,Frances Ha,2012,https://a.ltrbxd.com/resized/film-poster/9/6/0/8/3/96083-frances-ha-0-230-0-345-crop.jpg?v=0bb538988b
21-jump-street,21 Jump Street,2012,https://a.ltrbxd.com/resized/film-poster/2/7/9/279-21-jump-street-0-230-0-345-crop.jpg?v=94d6b03998
wonder-woman-2017,Wonder Woman,2017,https://a.ltrbxd.com/resized/film-poster/2/2/5/0/2/7/225027-wonder-woman-0-230-0-345-crop.jpg?v=4d37bba9b1
the-rocky-horror-picture-show,The Rocky Horror Picture Show,1975,https://a.ltrbxd.com/resized/film-poster/2/7/6/9/8/27698-the-rocky-horror-picture-show-0-230-0-345-crop.jpg?v=737e51d6bc
green-book,Green Book,2018,https://a.ltrbxd.com/resized/film-poster/4/2/0/7/0/3/420703-green-book-0-230-0-345-crop.jpg?v=9919fcce4c
silver-linings-playbook,Silver Linings Playbook,2012,https://a.ltrbxd.com/resized/film-poster/6/9/1/5/1/69151-silver-linings-playbook-0-230-0-345-crop.jpg?v=dabe98e003
palm-springs-2020,Palm Springs,2020,https://a.ltrbxd.com/resized/film-poster/5/1/5/4/6/7/515467-palm-springs-0-230-0-345-crop.jpg?v=d3df94888b
pitch-perfect,Pitch Perfect,2012,https://a.ltrbxd.com/resized/sm/upload/yw/kc/ma/m9/cLUMPdwCV0Dxd3P1ZkCXe7bVImI-0-230-0-345-crop.jpg?v=cd134ffb49
rear-window,Rear Window,1954,https://a.ltrbxd.com/resized/film-poster/5/1/5/5/2/51552-rear-window-0-230-0-345-crop.jpg?v=855a2e3070
ready-player-one,Ready Player One,2018,https://a.ltrbxd.com/resized/film-poster/2/6/1/8/6/6/261866-ready-player-one-0-230-0-345-crop.jpg?v=e84ba98da4
aliens,Aliens,1986,https://a.ltrbxd.com/resized/film-poster/5/1/4/4/5/51445-aliens-0-230-0-345-crop.jpg?v=6c62918bdd
elemental-2023,Elemental,2023,https://a.ltrbxd.com/resized/film-poster/8/7/8/8/5/4/878854-elemental-0-230-0-345-crop.jpg?v=949da202f5
midnight-in-paris,Midnight in Paris,2011,https://a.ltrbxd.com/resized/sm/upload/1e/0j/vs/s6/xxSopLYATHXSepXcEaBh9Gazv6p-0-230-0-345-crop.jpg?v=6073ba801b
ant-man-and-the-wasp,Ant-Man and the Wasp,2018,https://a.ltrbxd.com/resized/film-poster/2/9/6/3/4/1/296341-ant-man-and-the-wasp-0-230-0-345-crop.jpg?v=a94b0d3017
the-fabelmans,The Fabelmans,2022,https://a.ltrbxd.com/resized/film-poster/7/2/1/2/8/8/721288-the-fabelmans-0-230-0-345-crop.jpg?v=93ea6717b8
mulan,Mulan,1998,https://a.ltrbxd.com/resized/sm/upload/yz/dm/zk/5z/5vG3XyQNxOkl2Qd7D8MzMoY6sm2-0-230-0-345-crop.jpg?v=660de4097f
akira,Akira,1988,https://a.ltrbxd.com/resized/sm/upload/xk/25/lu/0m/mi2Axov7Hy20wieoGfrbqDWLjSr-0-230-0-345-crop.jpg?v=dd1e90619a
zombieland,Zombieland,2009,https://a.ltrbxd.com/resized/film-poster/3/9/3/5/2/39352-zombieland-0-230-0-345-crop.jpg?v=f8bb88fc79
citizen-kane,Citizen Kane,1941,https://a.ltrbxd.com/resized/film-poster/2/7/0/2/2702-citizen-kane-0-230-0-345-crop.jpg?v=56bbc53dfd
john-wick-chapter-2,John Wick: Chapter 2,2017,https://a.ltrbxd.com/resized/sm/upload/wb/rc/zd/o6/fWz9LMfdES80BsJKucgzI5ZJhnB-0-230-0-345-crop.jpg?v=d5d6ba1b6e
scream-2022,Scream,2022,https://a.ltrbxd.com/resized/film-poster/5/7/2/1/1/9/572119-scream-0-230-0-345-crop.jpg?v=9dc682121f
mid90s,mid90s,2018,https://a.ltrbxd.com/resized/film-poster/3/7/0/4/5/1/370451-mid90s-0-230-0-345-crop.jpg?v=75ec66cf80
the-greatest-showman,The Greatest Showman,2017,https://a.ltrbxd.com/resized/film-poster/2/4/3/0/6/3/243063-the-greatest-showman-0-230-0-345-crop.jpg?v=f548460c56
scream-vi,Scream VI,2023,https://a.ltrbxd.com/resized/film-poster/8/3/9/2/4/4/839244-scream-vi-0-230-0-345-crop.jpg?v=07a255685d
thor-the-dark-world,Thor: The Dark World,2013,https://a.ltrbxd.com/resized/sm/upload/pc/xw/7h/17/bnX5PqAdQZRXSw3aX3DutDcdso5-0-230-0-345-crop.jpg?v=4c0f579fe5
good-time,Good Time,2017,https://a.ltrbxd.com/resized/film-poster/3/6/2/3/6/2/362362-good-time-0-230-0-345-crop.jpg?v=f7b17715d2
carry-on-2024,Carry-On,2024,https://a.ltrbxd.com/resized/film-poster/9/0/5/8/7/6/905876-carry-on-2024-0-230-0-345-crop.jpg?v=bc2c1c0d8f
monkey-man,Monkey Man,2024,https://a.ltrbxd.com/resized/film-poster/4/8/8/7/5/1/488751-monkey-man-0-230-0-345-crop.jpg?v=0c25a18552
ford-v-ferrari,Ford v Ferrari,2019,https://a.ltrbxd.com/resized/film-poster/2/9/1/4/1/9/291419-ford-v-ferrari-0-230-0-345-crop.jpg?v=27ed4e72db
carol-2015,Carol,2015,https://a.ltrbxd.com/resized/film-poster/1/8/2/1/4/2/182142-carol-0-230-0-345-crop.jpg?v=41ac88b68e
the-princess-diaries,The Princess Diaries,2001,https://a.ltrbxd.com/resized/sm/upload/5w/kf/y1/r9/89CTU3plfKw6mGpzkLmdQkHHLeS-0-230-0-345-crop.jpg?v=66ee5d3a6c
hot-fuzz,Hot Fuzz,2007,https://a.ltrbxd.com/resized/sm/upload/xe/2y/e6/gy/4XLSKzQcE4lIgJgd71Y8UhAhxqQ-0-230-0-345-crop.jpg?v=45bc32b708
a-quiet-place-part-ii,A Quiet Place Part II,2020,https://a.ltrbxd.com/resized/film-poster/4/5/0/3/3/7/450337-a-quiet-place-part-ii-0-230-0-345-crop.jpg?v=75a12b8eec
blue-velvet,Blue Velvet,1986,https://a.ltrbxd.com/resized/film-poster/5/1/3/5/9/51359-blue-velvet-0-230-0-345-crop.jpg?v=b0ee3c20f6
shiva-baby-2020,Shiva Baby,2020,https://a.ltrbxd.com/resized/film-poster/5/8/9/0/9/3/589093-shiva-baby-0-230-0-345-crop.jpg?v=a258215f88
but-im-a-cheerleader,But I'm a Cheerleader,1999,https://a.ltrbxd.com/resized/film-poster/3/8/8/0/0/38800-but-i-m-a-cheerleader-0-230-0-345-crop.jpg?v=fb07442029
its-a-wonderful-life,It's a Wonderful Life,1946,https://a.ltrbxd.com/resized/film-poster/5/0/9/4/9/50949-it-s-a-wonderful-life-0-230-0-345-crop.jpg?v=64b72dd083
birds-of-prey-and-the-fantabulous-emancipation-of-one-harley-quinn,Birds of Prey (and the Fantabulous Emancipation of One Harley Quinn),2020,https://a.ltrbxd.com/resized/film-poster/4/2/6/1/3/1/426131-birds-of-prey-and-the-fantabulous-emancipation-of-one-har-0-230-0-345-crop.jpg?v=e326912be2
marie-antoinette-2006,Marie Antoinette,2006,https://a.ltrbxd.com/resized/sm/upload/k7/u1/3i/lu/xOdzoe3tC8X1v7M2Z86sdfjpVrO-0-230-0-345-crop.jpg?v=4b6cfecbaf
elf,Elf,2003,https://a.ltrbxd.com/resized/sm/upload/na/qh/1q/84/lJqIgDqRr3nw3PiGu7ESCANCs9I-0-230-0-345-crop.jpg?v=fa8da1bae4
three-billboards-outside-ebbing-missouri,"Three Billboards Outside Ebbing, Missouri",2017,https://a.ltrbxd.com/resized/film-poster/2/9/1/6/1/0/291610-three-billboards-outside-ebbing-missouri-0-230-0-345-crop.jpg?v=26123017e3
leave-the-world-behind-2023,Leave the World Behind,2023,https://a.ltrbxd.com/resized/film-poster/6/4/8/8/6/9/648869-leave-the-world-behind-0-230-0-345-crop.jpg?v=927d0da068
children-of-men,Children of Men,2006,https://a.ltrbxd.com/resized/sm/upload/ju/ac/6a/yi/lg7s7U1FQtB4VbLzvFUSgDX0frZ-0-230-0-345-crop.jpg?v=e4053ab6bf
it-follows,It Follows,2014,https://a.ltrbxd.com/resized/sm/upload/zr/lv/9v/wy/4MrwJZr0R9LbyOgZqwLNmtzzxbu-0-230-0-345-crop.jpg?v=0f234ef9c3
the-curious-case-of-benjamin-button,The Curious Case of Benjamin Button,2008,https://a.ltrbxd.com/resized/sm/upload/yh/ob/ip/lw/gjMR102u5hPdIAWX7O2rim8ZWgA-0-230-0-345-crop.jpg?v=3beffc5097
mr-mrs-smith-2005,Mr. & Mrs. Smith,2005,https://a.ltrbxd.com/resized/film-poster/5/1/3/6/5/51365-mr-mrs-smith-0-230-0-345-crop.jpg?v=90968fbbd9
v-for-vendetta,V for Vendetta,2005,https://a.ltrbxd.com/resized/film-poster/5/1/4/0/0/51400-v-for-vendetta-0-230-0-345-crop.jpg?v=c962ca4bec
the-edge-of-seventeen,The Edge of Seventeen,2016,https://a.ltrbxd.com/resized/film-poster/3/1/1/8/9/4/311894-the-edge-of-seventeen-0-230-0-345-crop.jpg?v=2bd20dc1af
the-holiday,The Holiday,2006,https://a.ltrbxd.com/resized/film-poster/5/0/9/5/3/50953-the-holiday-0-230-0-345-crop.jpg?v=6fb4cb65e6
the-good-the-bad-and-the-ugly,"The Good, the Bad and the Ugly",1966,https://a.ltrbxd.com/resized/film-poster/5/1/6/6/6/51666-the-good-the-bad-and-the-ugly-0-230-0-345-crop.jpg?v=9474a84e63
alice-in-wonderland-2010,Alice in Wonderland,2010,https://a.ltrbxd.com/resized/sm/upload/qp/te/tw/3j/alice-in-wonderland-original-0-230-0-345-crop.jpg?v=aeea07bfc9
come-and-see,Come and See,1985,https://a.ltrbxd.com/resized/film-poster/3/6/1/9/2/36192-come-and-see-0-230-0-345-crop.jpg?v=741b0269bb
suspiria,Suspiria,1977,https://a.ltrbxd.com/resized/film-poster/4/4/9/0/0/44900-suspiria-0-230-0-345-crop.jpg?v=d1fbb1d377
grease,Grease,1978,https://a.ltrbxd.com/resized/sm/upload/uw/jl/ie/y3/grease-0-230-0-345-crop.jpg?v=1e90cafd49
ant-man-and-the-wasp-quantumania,Ant-Man and the Wasp: Quantumania,2023,https://a.ltrbxd.com/resized/film-poster/5/6/6/2/3/7/566237-ant-man-and-the-wasp-quantumania-0-230-0-345-crop.jpg?v=27ced3fac4
john-wick-chapter-3-parabellum,John Wick: Chapter 3 – Parabellum,2019,https://a.ltrbxd.com/resized/film-poster/3/9/0/0/3/9/390039-john-wick-chapter-3-parabellum-0-230-0-345-crop.jpg?v=589aeaad00
beau-is-afraid,Beau Is Afraid,2023,https://a.ltrbxd.com/resized/film-poster/7/1/5/8/5/6/715856-beau-is-afraid-0-230-0-345-crop.jpg?v=b5fd01665a
brave-2012,Brave,2012,https://a.ltrbxd.com/resized/sm/upload/ct/de/cg/m1/tZhun7eLdyGv9nMJS9YTyOXeOCb-0-230-0-345-crop.jpg?v=31b29a5693
how-the-grinch-stole-christmas-2000,How the Grinch Stole Christmas,2000,https://a.ltrbxd.com/resized/film-poster/4/7/5/5/3/47553-the-grinch-0-230-0-345-crop.jpg?v=38c8815075
bird-box,Bird Box,2018,https://a.ltrbxd.com/resized/film-poster/3/4/0/2/0/2/340202-bird-box-0-230-0-345-crop.jpg?v=865f10f90a
the-maze-runner,The Maze Runner,2014,https://a.ltrbxd.com/resized/film-poster/1/4/2/5/4/9/142549-the-maze-runner-0-230-0-345-crop.jpg?v=2423795b6f
sicario-2015,Sicario,2015,https://a.ltrbxd.com/resized/film-poster/1/9/7/6/2/8/197628-sicario-0-230-0-345-crop.jpg?v=06d4163bb2
snowpiercer,Snowpiercer,2013,https://a.ltrbxd.com/resized/film-poster/8/8/4/8/8/88488-snowpiercer-0-230-0-345-crop.jpg?v=93b9024162
guillermo-del-toros-pinocchio,Guillermo del Toro's Pinocchio,2022,https://a.ltrbxd.com/resized/film-poster/4/8/4/2/6/3/484263-guillermo-del-toro-s-pinocchio-0-230-0-345-crop.jpg?v=1408b5602c
m3gan,M3GAN,2022,https://a.ltrbxd.com/resized/film-poster/4/6/5/6/4/9/465649-m3gan-0-230-0-345-crop.jpg?v=e0df89bac5
boyhood,Boyhood,2014,https://a.ltrbxd.com/resized/sm/upload/xi/gm/ev/iu/eKi4e5zXhQKs0De4xu5AAMvu376-0-230-0-345-crop.jpg?v=550c14e234
the-blair-witch-project,The Blair Witch Project,1999,https://a.ltrbxd.com/resized/film-poster/5/0/1/5/9/50159-the-blair-witch-project-0-230-0-345-crop.jpg?v=05594b24b0
evil-dead-rise,Evil Dead Rise,2023,https://a.ltrbxd.com/resized/film-poster/6/3/6/7/6/1/636761-evil-dead-rise-0-230-0-345-crop.jpg?v=51a7fe0b29
almost-famous,Almost Famous,2000,https://a.ltrbxd.com/resized/sm/upload/8r/4k/tl/rx/mlOGVofLSyFAoVYcjVS2WRVvQjr-0-230-0-345-crop.jpg?v=ffceabaa03
wreck-it-ralph,Wreck-It Ralph,2012,https://a.ltrbxd.com/resized/film-poster/6/9/1/5/4/69154-wreck-it-ralph-0-230-0-345-crop.jpg?v=3c4fe486b3
kinds-of-kindness,Kinds of Kindness,2024,https://a.ltrbxd.com/resized/film-poster/9/2/8/2/6/1/928261-kinds-of-kindness-0-230-0-345-crop.jpg?v=719ff64e2b
minari,Minari,2020,https://a.ltrbxd.com/resized/film-poster/5/4/2/4/4/9/542449-minari-0-230-0-345-crop.jpg?v=29fbd9f379
phantom-thread,Phantom Thread,2017,https://a.ltrbxd.com/resized/film-poster/3/3/5/3/8/4/335384-phantom-thread-0-230-0-345-crop.jpg?v=6b47f80ec7
the-terminator,The Terminator,1984,https://a.ltrbxd.com/resized/sm/upload/g2/2g/f0/6b/the-terminator-original-0-230-0-345-crop.jpg?v=677a47d94a
room-2015,Room,2015,https://a.ltrbxd.com/resized/sm/upload/19/uq/1o/de/eqFckcHuFCT1FrzLOAvXBb4jHwq-0-230-0-345-crop.jpg?v=04679b709c
a-nightmare-on-elm-street,A Nightmare on Elm Street,1984,https://a.ltrbxd.com/resized/film-poster/5/1/7/0/8/51708-a-nightmare-on-elm-street-0-230-0-345-crop.jpg?v=659352ad1f
the-wizard-of-oz-1939,The Wizard of Oz,1939,https://a.ltrbxd.com/resized/film-poster/5/1/4/9/4/51494-the-wizard-of-oz-0-230-0-345-crop.jpg?v=6aca3ea5b8
rocky,Rocky,1976,https://a.ltrbxd.com/resized/sm/upload/4z/ql/93/vq/2Zyuxm4fgCPKlnIdieHg7tfbxMS-0-230-0-345-crop.jpg?v=57dafbba23
pirates-of-the-caribbean-dead-mans-chest,Pirates of the Caribbean: Dead Man's Chest,2006,https://a.ltrbxd.com/resized/film-poster/5/1/9/8/9/51989-pirates-of-the-caribbean-dead-man-s-chest-0-230-0-345-crop.jpg?v=f9c46ae728
terminator-2-judgment-day,Terminator 2: Judgment Day,1991,https://a.ltrbxd.com/resized/sm/upload/03/67/3s/tc/terminator-2-judgment-day-original-0-230-0-345-crop.jpg?v=12f5752b5c
fantastic-beasts-and-where-to-find-them,Fantastic Beasts and Where to Find Them,2016,https://a.ltrbxd.com/resized/film-poster/1/8/2/9/1/0/182910-fantastic-beasts-and-where-to-find-them-0-230-0-345-crop.jpg?v=e777392de8
suspiria-2018,Suspiria,2018,https://a.ltrbxd.com/resized/film-poster/2/9/3/0/6/6/293066-suspiria-0-230-0-345-crop.jpg?v=1e4a2f2d40
punch-drunk-love,Punch-Drunk Love,2002,https://a.ltrbxd.com/resized/film-poster/4/7/9/1/4/47914-punch-drunk-love-0-230-0-345-crop.jpg?v=032fc20313
crazy-rich-asians,Crazy Rich Asians,2018,https://a.ltrbxd.com/resized/film-poster/3/8/7/2/3/8/387238-crazy-rich-asians-0-230-0-345-crop.jpg?v=21695f4b1f
dungeons-dragons-honor-among-thieves,Dungeons & Dragons: Honor Among Thieves,2023,https://a.ltrbxd.com/resized/film-poster/4/2/4/0/0/3/424003-dungeons-dragons-honor-among-thieves-0-230-0-345-crop.jpg?v=7c3c4fddf9
rise-of-the-planet-of-the-apes,Rise of the Planet of the Apes,2011,https://a.ltrbxd.com/resized/film-poster/4/9/4/8/4948-rise-of-the-planet-of-the-apes-0-230-0-345-crop.jpg?v=2185768098
the-usual-suspects,The Usual Suspects,1995,https://a.ltrbxd.com/resized/film-poster/5/1/4/9/5/51495-the-usual-suspects-0-230-0-345-crop.jpg?v=c02dce5b81
the-green-knight,The Green Knight,2021,https://a.ltrbxd.com/resized/film-poster/4/8/8/3/9/9/488399-the-green-knight-0-230-0-345-crop.jpg?v=874a267b92
ghostbusters,Ghostbusters,1984,https://a.ltrbxd.com/resized/film-poster/6/1/6/6/6166-ghostbusters-0-230-0-345-crop.jpg?v=02587ca19f
jurassic-world,Jurassic World,2015,https://a.ltrbxd.com/resized/film-poster/1/0/4/1/7/4/104174-jurassic-world-0-230-0-345-crop.jpg?v=bb94ee6774
home-alone-2-lost-in-new-york,Home Alone 2: Lost in New York,1992,https://a.ltrbxd.com/resized/sm/upload/i5/04/e8/7t/home%20alone%202-0-230-0-345-crop.jpg?v=03abfa6a99
the-parent-trap-1998,The Parent Trap,1998,https://a.ltrbxd.com/resized/sm/upload/kx/iu/iq/nv/jzE9AhiNH0r40f3APmeLDvZBfmz-0-230-0-345-crop.jpg?v=2a873afb6f
no-time-to-die-2021,No Time to Die,2021,https://a.ltrbxd.com/resized/film-poster/3/0/5/9/6/4/305964-no-time-to-die-0-230-0-345-crop.jpg?v=4651ce5b05
oceans-eight,Ocean's Eight,2018,https://a.ltrbxd.com/resized/film-poster/3/3/7/5/6/7/337567-ocean-s-8-0-230-0-345-crop.jpg?v=58afd2ab77
the-cabin-in-the-woods,The Cabin in the Woods,2011,https://a.ltrbxd.com/resized/film-poster/3/7/5/9/8/37598-the-cabin-in-the-woods-0-230-0-345-crop.jpg?v=0f79c08986
mean-girls-2024,Mean Girls,2024,https://a.ltrbxd.com/resized/film-poster/5/9/8/2/7/4/598274-mean-girls-0-230-0-345-crop.jpg?v=c5c5a46d52
back-to-the-future-part-ii,Back to the Future Part II,1989,https://a.ltrbxd.com/resized/film-poster/5/1/8/8/6/51886-back-to-the-future-part-ii-0-230-0-345-crop.jpg?v=85bd0a310a
skyfall,Skyfall,2012,https://a.ltrbxd.com/resized/sm/upload/5j/ag/wy/k3/bwCC7klDpDcVtEXDK74vDzXLyeF-0-230-0-345-crop.jpg?v=3241094b0a
the-idea-of-you-2024,The Idea of You,2024,https://a.ltrbxd.com/resized/film-poster/7/5/8/3/9/7/758397-the-idea-of-you-0-230-0-345-crop.jpg?v=8c9e3b74af
now-you-see-me,Now You See Me,2013,https://a.ltrbxd.com/resized/sm/upload/10/vk/qc/6e/1NybAlflbmRXMIr9WoYxtlt1b6m-0-230-0-345-crop.jpg?v=ecf9142ef2
x-men-days-of-future-past,X-Men: Days of Future Past,2014,https://a.ltrbxd.com/resized/film-poster/9/9/5/0/7/99507-x-men-days-of-future-past-0-230-0-345-crop.jpg?v=98ca8351c1
heathers,Heathers,1989,https://a.ltrbxd.com/resized/film-poster/5/0/1/7/7/50177-heathers-0-230-0-345-crop.jpg?v=dbd1f7062c
another-round,Another Round,2020,https://a.ltrbxd.com/resized/film-poster/5/0/8/2/4/6/508246-another-round-0-230-0-345-crop.jpg?v=6227862b11
hacksaw-ridge,Hacksaw Ridge,2016,https://a.ltrbxd.com/resized/film-poster/2/5/1/8/7/2/251872-hacksaw-ridge-0-230-0-345-crop.jpg?v=031e346657
dr-strangelove-or-how-i-learned-to-stop-worrying-and-love-the-bomb,Dr. Strangelove or: How I Learned to Stop Worrying and Love the Bomb,1964,https://a.ltrbxd.com/resized/film-poster/5/1/2/1/8/51218-dr-strangelove-or-how-i-learned-to-stop-worrying-and-love--0-230-0-345-crop.jpg?v=c814dfbae0
heretic-2024,Heretic,2024,https://a.ltrbxd.com/resized/film-poster/1/0/2/5/3/3/1/1025331-heretic-2024-0-230-0-345-crop.jpg?v=c79c5c8121
gravity-2013,Gravity,2013,https://a.ltrbxd.com/resized/sm/upload/4c/kn/9m/6a/221dfc20f8690b357b6b9ad66c13b5be-0-230-0-345-crop.jpg?v=9a0ce1ad93
rosemarys-baby,Rosemary's Baby,1968,https://a.ltrbxd.com/resized/sm/upload/ea/vc/su/y2/fdLOXB8AysEGRL44I1RvoKiWDcW-0-230-0-345-crop.jpg?v=8e18e4f70c
mission-impossible-dead-reckoning,Mission: Impossible – Dead Reckoning,2023,https://a.ltrbxd.com/resized/film-poster/5/0/3/4/0/2/503402-mission-impossible-dead-reckoning-part-one-0-230-0-345-crop.jpg?v=34b8b35ec9
groundhog-day,Groundhog Day,1993,https://a.ltrbxd.com/resized/film-poster/5/1/9/1/4/51914-groundhog-day-0-230-0-345-crop.jpg?v=9361c0080d
magnolia,Magnolia,1999,https://a.ltrbxd.com/resized/film-poster/5/1/7/2/8/51728-magnolia-0-230-0-345-crop.jpg?v=178b5e5c17
despicable-me,Despicable Me,2010,https://a.ltrbxd.com/resized/film-poster/3/9/0/6/7/39067-despicable-me-0-230-0-345-crop.jpg?v=a50cb28a31
life-of-pi,Life of Pi,2012,https://a.ltrbxd.com/resized/film-poster/7/4/3/4/8/74348-life-of-pi-0-230-0-345-crop.jpg?v=5b5f120090
finding-dory,Finding Dory,2016,https://a.ltrbxd.com/resized/film-poster/9/9/4/0/2/99402-finding-dory-0-230-0-345-crop.jpg?v=7f9734ec2d
aladdin,Aladdin,1992,https://a.ltrbxd.com/resized/sm/upload/n3/26/lb/e2/trm94WPjW5ApKulhFvuRm5cT8KQ-0-230-0-345-crop.jpg?v=7aa7423779
smile-2-2024,Smile 2,2024,https://a.ltrbxd.com/resized/film-poster/9/9/2/3/6/0/992360-smile-2-2024-0-230-0-345-crop.jpg?v=88ee6db259
nomadland,Nomadland,2020,https://a.ltrbxd.com/resized/film-poster/5/0/9/6/6/2/509662-nomadland-0-230-0-345-crop.jpg?v=942a672158
12-years-a-slave,12 Years a Slave,2013,https://a.ltrbxd.com/resized/film-poster/6/2/6/7/1/62671-12-years-a-slave-0-230-0-345-crop.jpg?v=f29aef4645
monsters-university,Monsters University,2013,https://a.ltrbxd.com/resized/sm/upload/jp/xk/2p/xm/rmhqxsa5RDlcDDGWnGr8t5IG6Fw-0-230-0-345-crop.jpg?v=c30ddfcda2
hit-man-2023,Hit Man,2023,https://a.ltrbxd.com/resized/film-poster/8/7/7/0/4/6/877046-hit-man-0-230-0-345-crop.jpg?v=7a8e101a9d
fresh-2022,Fresh,2022,https://a.ltrbxd.com/resized/film-poster/7/0/6/0/6/4/706064-fresh-0-230-0-345-crop.jpg?v=546285b96d
im-thinking-of-ending-things,I'm Thinking of Ending Things,2020,https://a.ltrbxd.com/resized/film-poster/4/3/0/8/0/6/430806-i-m-thinking-of-ending-things-0-230-0-345-crop.jpg?v=16bd3ec573
american-fiction,American Fiction,2023,https://a.ltrbxd.com/resized/film-poster/9/5/2/8/1/2/952812-american-fiction-0-230-0-345-crop.jpg?v=fbc2c6daf1
the-hobbit-an-unexpected-journey,The Hobbit: An Unexpected Journey,2012,https://a.ltrbxd.com/resized/sm/upload/s7/p6/sy/6v/mfSAahVkAIYFkx1GVFSlCEdn0mt-0-230-0-345-crop.jpg?v=282e4f2260
casino-royale-2006,Casino Royale,2006,https://a.ltrbxd.com/resized/sm/upload/qb/if/j8/jr/zlWBxz2pTA9p45kUTrI8AQiKrHm-0-230-0-345-crop.jpg?v=c06add9fe8
megamind,Megamind,2010,https://a.ltrbxd.com/resized/film-poster/2/6/4/7/6/26476-megamind-0-230-0-345-crop.jpg?v=d1296fb9f9
boogie-nights,Boogie Nights,1997,https://a.ltrbxd.com/resized/film-poster/4/9/0/0/7/49007-boogie-nights-0-230-0-345-crop.jpg?v=8b2c02e252
what-we-do-in-the-shadows,What We Do in the Shadows,2014,https://a.ltrbxd.com/resized/film-poster/1/7/2/5/3/7/172537-what-we-do-in-the-shadows-0-230-0-345-crop.jpg?v=ae4757f3a6
singin-in-the-rain,Singin' in the Rain,1952,https://a.ltrbxd.com/resized/sm/upload/xc/8e/3x/nt/nUP6Kna8oiUl2VNbEQ4BJhTcpO8-0-230-0-345-crop.jpg?v=2c7de99ac3
american-history-x,American History X,1998,https://a.ltrbxd.com/resized/sm/upload/ob/wg/lb/jd/w16MygFtasBBVfCJZQwsuwyKksc-0-230-0-345-crop.jpg?v=96eb689ac7
possession,Possession,1981,https://a.ltrbxd.com/resized/sm/upload/8c/pk/z8/4v/aIjO3kraeaD4MDBSef3rTO2vIuZ-0-230-0-345-crop.jpg?v=cb9f332628
28-days-later,28 Days Later,2002,https://a.ltrbxd.com/resized/sm/upload/qr/28/nz/3f/xaYdxi1PBEAYvqknvAmMPK5Eff3-0-230-0-345-crop.jpg?v=22d7237ed9
the-lego-batman-movie,The Lego Batman Movie,2017,https://a.ltrbxd.com/resized/film-poster/2/5/1/9/3/7/251937-the-lego-batman-movie-0-230-0-345-crop.jpg?v=ff7c1cbca1
white-chicks,White Chicks,2004,https://a.ltrbxd.com/resized/film-poster/4/4/7/5/0/44750-white-chicks-0-230-0-345-crop.jpg?v=bfa48588cf
atonement,Atonement,2007,https://a.ltrbxd.com/resized/sm/upload/44/vx/ah/pc/quaWuwYZd8IbZMCOhW3CZEvyCWJ-0-230-0-345-crop.jpg?v=690eaa9389
the-emperors-new-groove,The Emperor's New Groove,2000,https://a.ltrbxd.com/resized/film-poster/4/5/0/6/5/45065-the-emperor-s-new-groove-0-230-0-345-crop.jpg?v=907ad250a4
casino,Casino,1995,https://a.ltrbxd.com/resized/sm/upload/6p/om/dp/mc/casino-original-0-230-0-345-crop.jpg?v=4bb9a2596f
nocturnal-animals,Nocturnal Animals,2016,https://a.ltrbxd.com/resized/sm/upload/nu/i0/7z/nd/oHL437Dz1TGQMlKfpE6rSQJgMxb-0-230-0-345-crop.jpg?v=16ef03c9c1
men-in-black,Men in Black,1997,https://a.ltrbxd.com/resized/film-poster/5/1/5/1/4/51514-men-in-black-0-230-0-345-crop.jpg?v=b5749570bd
indiana-jones-and-the-last-crusade,Indiana Jones and the Last Crusade,1989,https://a.ltrbxd.com/resized/film-poster/5/1/9/6/1/51961-indiana-jones-and-the-last-crusade-0-230-0-345-crop.jpg?v=0d5d1c2341
ice-age,Ice Age,2002,https://a.ltrbxd.com/resized/film-poster/5/1/6/7/0/51670-ice-age-0-230-0-345-crop.jpg?v=e24a5fb66e
seven-samurai,Seven Samurai,1954,https://a.ltrbxd.com/resized/sm/upload/ji/5q/0k/rv/v6xrz4fr92KY1oNC3HsEvrsvR1n-0-230-0-345-crop.jpg?v=973d70bb0c
dawn-of-the-planet-of-the-apes,Dawn of the Planet of the Apes,2014,https://a.ltrbxd.com/resized/film-poster/9/4/3/9/4/94394-dawn-of-the-planet-of-the-apes-0-230-0-345-crop.jpg?v=29a00ba752
paddington,Paddington,2014,https://a.ltrbxd.com/resized/film-poster/9/2/1/6/0/92160-paddington-0-230-0-345-crop.jpg?v=c7db8f284b
zoolander,Zoolander,2001,https://a.ltrbxd.com/resized/film-poster/4/7/1/9/8/47198-zoolander-0-230-0-345-crop.jpg?v=b30902c672
lilo-stitch,Lilo & Stitch,2002,https://a.ltrbxd.com/resized/film-poster/4/5/2/0/4/45204-lilo-stitch-0-230-0-345-crop.jpg?v=7a1b4fda6f
matilda,Matilda,1996,https://a.ltrbxd.com/resized/sm/upload/g7/4y/u4/fr/matilda-0-230-0-345-crop.jpg?v=e8e7c0c177
the-invisible-man-2020,The Invisible Man,2020,https://a.ltrbxd.com/resized/film-poster/4/9/9/0/8/5/499085-the-invisible-man-0-230-0-345-crop.jpg?v=b9561b767f
the-pursuit-of-happyness,The Pursuit of Happyness,2006,https://a.ltrbxd.com/resized/film-poster/5/1/0/6/1/51061-the-pursuit-of-happyness-0-230-0-345-crop.jpg?v=40e1747df3
paprika-2006,Paprika,2006,https://a.ltrbxd.com/resized/film-poster/4/9/0/2/3/49023-paprika-0-230-0-345-crop.jpg?v=bdcabb9981
jumanji-welcome-to-the-jungle,Jumanji: Welcome to the Jungle,2017,https://a.ltrbxd.com/resized/sm/upload/j1/1c/as/56/bUzOyCgsb6FLXco6mxaNufY0joi-0-230-0-345-crop.jpg?v=42a89a6ebb
the-twilight-saga-new-moon,The Twilight Saga: New Moon,2009,https://a.ltrbxd.com/resized/film-poster/4/0/4/8/0/40480-the-twilight-saga-new-moon-0-230-0-345-crop.jpg?v=ba5ab4ba1e
dazed-and-confused,Dazed and Confused,1993,https://a.ltrbxd.com/resized/film-poster/4/7/0/2/9/47029-dazed-and-confused-0-230-0-345-crop.jpg?v=a3b615703a
the-babadook,The Babadook,2014,https://a.ltrbxd.com/resized/film-poster/1/6/9/7/2/8/169728-the-babadook-0-230-0-345-crop.jpg?v=0821d9c945
the-girl-with-the-dragon-tattoo-2011,The Girl with the Dragon Tattoo,2011,https://a.ltrbxd.com/resized/sm/upload/0a/ec/72/pb/zHGxi75Ugw69jtCmOK8TvwU588z-0-230-0-345-crop.jpg?v=58931ddc0d
raging-bull,Raging Bull,1980,https://a.ltrbxd.com/resized/film-poster/5/0/9/5/6/50956-raging-bull-0-230-0-345-crop.jpg?v=b25f43f7b6
madagascar,Madagascar,2005,https://a.ltrbxd.com/resized/sm/upload/4g/qd/0m/h2/80MP1QuE4D8TQ0EBygGbWiWadrd-0-230-0-345-crop.jpg?v=bf11b45f90
x-men-first-class,X-Men: First Class,2011,https://a.ltrbxd.com/resized/film-poster/1/6/0/7/4/16074-x-men-first-class-0-230-0-345-crop.jpg?v=e9593bba93
to-all-the-boys-ive-loved-before,To All the Boys I've Loved Before,2018,https://a.ltrbxd.com/resized/film-poster/3/9/7/9/4/2/397942-to-all-the-boys-i-ve-loved-before-0-230-0-345-crop.jpg?v=e623dcf4f3
immaculate-2024,Immaculate,2024,https://a.ltrbxd.com/resized/film-poster/9/3/8/8/9/4/938894-immaculate-0-230-0-345-crop.jpg?v=22d251986e
eraserhead,Eraserhead,1977,https://a.ltrbxd.com/resized/sm/upload/cw/7x/ig/m6/l8oAmU5swopsyWzTHpZtAK15Mrc-0-230-0-345-crop.jpg?v=c9fb159d8f
venom-let-there-be-carnage,Venom: Let There Be Carnage,2021,https://a.ltrbxd.com/resized/film-poster/5/0/8/6/3/8/508638-venom-let-there-be-carnage-0-230-0-345-crop.jpg?v=553c604246
the-platform,The Platform,2019,https://a.ltrbxd.com/resized/film-poster/5/4/5/9/8/5/545985-the-platform-0-230-0-345-crop.jpg?v=b3d868a021
batman-v-superman-dawn-of-justice,Batman v Superman: Dawn of Justice,2016,https://a.ltrbxd.com/resized/sm/upload/ge/rr/co/14/w7PsEa7Ilk53vFI7PplTJYckIJj-0-230-0-345-crop.jpg?v=61f95015b5
the-princess-and-the-frog,The Princess and the Frog,2009,https://a.ltrbxd.com/resized/sm/upload/hl/8a/0u/3l/bVRHirC6uIZL9VtRqYRxdedYnOG-0-230-0-345-crop.jpg?v=4a94cf20d3
persona,Persona,1966,https://a.ltrbxd.com/resized/film-poster/5/1/3/5/5/51355-persona-0-230-0-345-crop.jpg?v=aca1e0fd3d
the-power-of-the-dog,The Power of the Dog,2021,https://a.ltrbxd.com/resized/film-poster/5/2/7/8/4/1/527841-the-power-of-the-dog-0-230-0-345-crop.jpg?v=811bdc6195
cocaine-bear,Cocaine Bear,2023,https://a.ltrbxd.com/resized/film-poster/7/2/1/3/3/3/721333-cocaine-bear-0-230-0-345-crop.jpg?v=4486ee174d
napoleon-2023,Napoleon,2023,https://a.ltrbxd.com/resized/film-poster/6/7/4/1/3/7/674137-napoleon-0-230-0-345-crop.jpg?v=8cb54e07b5
the-secret-life-of-walter-mitty-2013,The Secret Life of Walter Mitty,2013,https://a.ltrbxd.com/resized/film-poster/9/2/6/1/9/92619-the-secret-life-of-walter-mitty-0-230-0-345-crop.jpg?v=990770ac1c
the-chronicles-of-narnia-the-lion-the-witch-and-the-wardrobe,"The Chronicles of Narnia: The Lion, the Witch and the Wardrobe",2005,https://a.ltrbxd.com/resized/sm/upload/qz/9c/5h/2g/tFOQ4q6JnHcdw58ThL4SzFv37NT-0-230-0-345-crop.jpg?v=2d446cc094
being-john-malkovich,Being John Malkovich,1999,https://a.ltrbxd.com/resized/film-poster/5/1/6/1/8/51618-being-john-malkovich-0-230-0-345-crop.jpg?v=aecbc04013
solo-a-star-wars-story,Solo: A Star Wars Story,2018,https://a.ltrbxd.com/resized/film-poster/2/7/8/6/6/8/278668-solo-a-star-wars-story-0-230-0-345-crop.jpg?v=c7012d8308
sorry-to-bother-you,Sorry to Bother You,2018,https://a.ltrbxd.com/resized/sm/upload/pi/8d/sk/jg/wdiJKxlyg3bzqZgRsNcIfoaQs1O-0-230-0-345-crop.jpg?v=f85a9cc2f4
the-darjeeling-limited,The Darjeeling Limited,2007,https://a.ltrbxd.com/resized/film-poster/4/9/2/6/8/49268-the-darjeeling-limited-0-230-0-345-crop.jpg?v=3e69deba27
scream-2,Scream 2,1997,https://a.ltrbxd.com/resized/sm/upload/ju/sr/4r/t3/c5AyWNWooMGkJXlqLwmPQCjUwHt-0-230-0-345-crop.jpg?v=b19f368866
beauty-and-the-beast-1991,Beauty and the Beast,1991,https://a.ltrbxd.com/resized/sm/upload/qw/zu/zk/ky/iLe8yMOF5we6lvYbKLHzho7ATQk-0-230-0-345-crop.jpg?v=c4c6ebbfa3
dirty-dancing,Dirty Dancing,1987,https://a.ltrbxd.com/resized/film-poster/5/1/9/6/2/51962-dirty-dancing-0-230-0-345-crop.jpg?v=62e57df498
mysterious-skin,Mysterious Skin,2004,https://a.ltrbxd.com/resized/sm/upload/uo/r7/1v/1j/wynnf6LT4ueuCuREPRMtHGQIk5T-0-230-0-345-crop.jpg?v=b0c8031954
night-at-the-museum,Night at the Museum,2006,https://a.ltrbxd.com/resized/film-poster/5/0/9/4/1/50941-night-at-the-museum-0-230-0-345-crop.jpg?v=8e664558ef
roma-2018,Roma,2018,https://a.ltrbxd.com/resized/film-poster/3/5/9/8/5/9/359859-roma-0-230-0-345-crop.jpg?v=ad94ce0f7d
do-the-right-thing,Do the Right Thing,1989,https://a.ltrbxd.com/resized/sm/upload/zm/fz/vn/ie/obNQLtdeJy3IiKnExWoWBJH8V67-0-230-0-345-crop.jpg?v=b4926532f8
the-proposal-2009,The Proposal,2009,https://a.ltrbxd.com/resized/film-poster/4/0/4/7/9/40479-the-proposal-0-230-0-345-crop.jpg?v=3ae07535cc
indiana-jones-and-the-temple-of-doom,Indiana Jones and the Temple of Doom,1984,https://a.ltrbxd.com/resized/film-poster/5/1/9/6/3/51963-indiana-jones-and-the-temple-of-doom-0-230-0-345-crop.jpg?v=b5122bf2cf
cinema-paradiso,Cinema Paradiso,1988,https://a.ltrbxd.com/resized/film-poster/4/5/4/9/3/45493-cinema-paradiso-0-230-0-345-crop.jpg?v=8e66264ed4
me-before-you,Me Before You,2016,https://a.ltrbxd.com/resized/film-poster/2/2/3/3/9/3/223393-me-before-you-0-230-0-345-crop.jpg?v=710c5c01aa
the-talented-mr-ripley,The Talented Mr. Ripley,1999,https://a.ltrbxd.com/resized/film-poster/5/1/1/3/8/51138-the-talented-mr-ripley-0-230-0-345-crop.jpg?v=70e0a57506
enemy,Enemy,2013,https://a.ltrbxd.com/resized/sm/upload/sj/00/0d/n1/aQkyFHzNzZoMhxZ7c0IaK8BljED-0-230-0-345-crop.jpg?v=338dcff82c
before-midnight,Before Midnight,2013,https://a.ltrbxd.com/resized/film-poster/1/0/2/4/4/4/102444-before-midnight-0-230-0-345-crop.jpg?v=ce6aba20f1
the-polar-express,The Polar Express,2004,https://a.ltrbxd.com/resized/film-poster/4/8/8/8/3/48883-the-polar-express-0-230-0-345-crop.jpg?v=3f712d66a6
the-little-mermaid-2023,The Little Mermaid,2023,https://a.ltrbxd.com/resized/film-poster/3/7/9/5/9/1/379591-the-little-mermaid-0-230-0-345-crop.jpg?v=2baa748592
raw-2016,Raw,2016,https://a.ltrbxd.com/resized/film-poster/3/2/7/9/7/4/327974-raw-0-230-0-345-crop.jpg?v=fe5f9080d2
hercules-1997,Hercules,1997,https://a.ltrbxd.com/resized/film-poster/4/4/8/3/8/44838-hercules-0-230-0-345-crop.jpg?v=8a4f55aa27
titane,Titane,2021,https://a.ltrbxd.com/resized/film-poster/5/5/6/5/5/3/556553-titane-0-230-0-345-crop.jpg?v=1383f3a942
life-is-beautiful,Life Is Beautiful,1997,https://a.ltrbxd.com/resized/film-poster/5/1/4/8/7/51487-life-is-beautiful-0-230-0-345-crop.jpg?v=90ed0e667e
kick-ass,Kick-Ass,2010,https://a.ltrbxd.com/resized/sm/upload/qp/bw/k2/ia/jP8kukObEty5liW76QxJ1o5qlFL-0-230-0-345-crop.jpg?v=d066c2ed48
kingdom-of-the-planet-of-the-apes,Kingdom of the Planet of the Apes,2024,https://a.ltrbxd.com/resized/film-poster/5/7/8/7/7/4/578774-kingdom-of-the-planet-of-the-apes-0-230-0-345-crop.jpg?v=b765efe92a
moneyball,Moneyball,2011,https://a.ltrbxd.com/resized/sm/upload/h1/fd/pz/pi/3oAa8mJJ97CH9AeGEY6vjAxqcvZ-0-230-0-345-crop.jpg?v=3ce471493f
edge-of-tomorrow,Edge of Tomorrow,2014,https://a.ltrbxd.com/resized/film-poster/1/0/5/1/8/3/105183-edge-of-tomorrow-0-230-0-345-crop.jpg?v=114551fc99
world-war-z,World War Z,2013,https://a.ltrbxd.com/resized/film-poster/5/7/2/9/2/57292-world-war-z-0-230-0-345-crop.jpg?v=9391f2d1b7
the-hunt-2012,The Hunt,2012,https://a.ltrbxd.com/resized/film-poster/8/4/0/5/1/84051-the-hunt-0-230-0-345-crop.jpg?v=f1c08cc1a2
aquaman-2018,Aquaman,2018,https://a.ltrbxd.com/resized/film-poster/2/2/5/0/6/0/225060-aquaman-0-230-0-345-crop.jpg?v=a5a1c0b649
dream-scenario,Dream Scenario,2023,https://a.ltrbxd.com/resized/film-poster/7/3/9/6/9/1/739691-dream-scenario-0-230-0-345-crop.jpg?v=bd5ff0ede9
spencer-2021,Spencer,2021,https://a.ltrbxd.com/resized/film-poster/6/3/9/5/5/9/639559-spencer-0-230-0-345-crop.jpg?v=33938ea371
pirates-of-the-caribbean-at-worlds-end,Pirates of the Caribbean: At World's End,2007,https://a.ltrbxd.com/resized/film-poster/5/1/7/7/3/51773-pirates-of-the-caribbean-at-worlds-end-0-230-0-345-crop.jpg?v=c8c8baa1a7
borat-cultural-learnings-of-america-for-make-benefit-glorious-nation-of-kazakhstan,Borat: Cultural Learnings of America for Make Benefit Glorious Nation of Kazakhstan,2006,https://a.ltrbxd.com/resized/film-poster/5/1/6/1/4/51614-borat-cultural-learnings-of-america-for-make-benefit-glori-0-230-0-345-crop.jpg?v=17316654a2
drive-my-car,Drive My Car,2021,https://a.ltrbxd.com/resized/film-poster/6/7/9/2/9/1/679291-drive-my-car-0-230-0-345-crop.jpg?v=9e1f7c9f35
prometheus,Prometheus,2012,https://a.ltrbxd.com/resized/sm/upload/39/zq/9r/ye/qsYQflQhOuhDpQ0W2aOcwqgDAeI-0-230-0-345-crop.jpg?v=8bfe4f51c3
snatch,Snatch,2000,https://a.ltrbxd.com/resized/sm/upload/6p/tf/oh/ao/on9JlbGEccLsYkjeEph2Whm1DIp-0-230-0-345-crop.jpg?v=ea6fc1a2db
the-evil-dead,The Evil Dead,1981,https://a.ltrbxd.com/resized/sm/upload/c7/4g/ae/zn/7cpSdCrBY7UhiygkcP57dpixXsW-0-230-0-345-crop.jpg?v=1525e98692
old-2021,Old,2021,https://a.ltrbxd.com/resized/film-poster/5/5/8/0/5/4/558054-old-0-230-0-345-crop.jpg?v=99abfca3a4
nobody-2021,Nobody,2021,https://a.ltrbxd.com/resized/film-poster/5/4/2/5/5/5/542555-nobody-0-230-0-345-crop.jpg?v=eab2f81e32
frozen-2,Frozen II,2019,https://a.ltrbxd.com/resized/film-poster/2/5/8/1/2/7/258127-frozen-ii-0-230-0-345-crop.jpg?v=2684fe54fc
monty-python-and-the-holy-grail,Monty Python and the Holy Grail,1975,https://a.ltrbxd.com/resized/film-poster/5/1/3/9/0/51390-monty-python-and-the-holy-grail-0-230-0-345-crop.jpg?v=a294ae5def
in-bruges,In Bruges,2008,https://a.ltrbxd.com/resized/film-poster/4/7/8/0/9/47809-in-bruges-0-230-0-345-crop.jpg?v=616745d99a
ted,Ted,2012,https://a.ltrbxd.com/resized/sm/upload/ow/bs/pe/yv/carghLovNNSEphT9UZXTJ74I7lE-0-230-0-345-crop.jpg?v=8568f99d56
rocketman-2019,Rocketman,2019,https://a.ltrbxd.com/resized/film-poster/4/3/4/4/8/2/434482-rocketman-0-230-0-345-crop.jpg?v=a6f47feb2d
shazam,Shazam!,2019,https://a.ltrbxd.com/resized/film-poster/2/1/3/1/9/0/213190-shazam--0-230-0-345-crop.jpg?v=5aea3f5ac2
eighth-grade,Eighth Grade,2018,https://a.ltrbxd.com/resized/film-poster/4/2/0/4/5/1/420451-eighth-grade-0-230-0-345-crop.jpg?v=28fed1cb5d
x-men,X-Men,2000,https://a.ltrbxd.com/resized/sm/upload/ub/6i/kh/7q/8259CEB5-947B-4A88-9848-AE748636B747-0-230-0-345-crop.jpg?v=58f85fcb62
bridget-joness-diary,Bridget Jones's Diary,2001,https://a.ltrbxd.com/resized/sm/upload/0u/jf/ve/sc/ydsXlFK0fmOphAIjqsmf5U6j1LU-0-230-0-345-crop.jpg?v=d771ae3fb2
man-of-steel,Man of Steel,2013,https://a.ltrbxd.com/resized/sm/upload/wx/hm/hf/14/uKnhbfNt1ZR2TdoZpdn7vSNZlhX-0-230-0-345-crop.jpg?v=3bdae194cc
stalker,Stalker,1979,https://a.ltrbxd.com/resized/film-poster/5/1/0/6/2/51062-stalker-0-230-0-345-crop.jpg?v=1852068db9
teenage-mutant-ninja-turtles-mutant-mayhem,Teenage Mutant Ninja Turtles: Mutant Mayhem,2023,https://a.ltrbxd.com/resized/film-poster/5/4/2/0/0/5/542005-teenage-mutant-ninja-turtles-mutant-mayhem-0-230-0-345-crop.jpg?v=1b29c3c041
war-for-the-planet-of-the-apes,War for the Planet of the Apes,2017,https://a.ltrbxd.com/resized/sm/upload/8x/qv/nm/63/ijQHiImv16vNSeZQsmih04kwn0C-0-230-0-345-crop.jpg?v=fa3e7ba9ed
climax-2018,Climax,2018,https://a.ltrbxd.com/resized/film-poster/4/3/6/8/7/3/436873-climax-0-230-0-345-crop.jpg?v=b3003b4908
the-iron-giant,The Iron Giant,1999,https://a.ltrbxd.com/resized/film-poster/4/6/2/8/0/46280-the-iron-giant-0-230-0-345-crop.jpg?v=4684e40750
jackie-brown,Jackie Brown,1997,https://a.ltrbxd.com/resized/sm/upload/08/3j/am/rx/4XVPYOdMAizdNMSwS0SK3fPJcvR-0-230-0-345-crop.jpg?v=ddcf6a79e0
into-the-wild,Into the Wild,2007,https://a.ltrbxd.com/resized/film-poster/4/8/5/7/1/48571-into-the-wild-0-230-0-345-crop.jpg?v=94f4378014
emma-2020,Emma.,2020,https://a.ltrbxd.com/resized/film-poster/4/8/5/2/1/2/485212-emma-0-230-0-345-crop.jpg?v=256f164ab3
romeo-juliet-1996,Romeo + Juliet,1996,https://a.ltrbxd.com/resized/film-poster/5/1/6/4/7/51647-romeo-juliet-0-230-0-345-crop.jpg?v=bbd8155493
blue-valentine,Blue Valentine,2010,https://a.ltrbxd.com/resized/sm/upload/dn/ni/2p/7i/r8l15gDSQMupjKXEyXkOMkRpcsn-0-230-0-345-crop.jpg?v=6c93540868
mission-impossible-fallout,Mission: Impossible – Fallout,2018,https://a.ltrbxd.com/resized/film-poster/2/8/3/2/7/3/283273-mission-impossible-fallout-0-230-0-345-crop.jpg?v=04024ef596
the-graduate,The Graduate,1967,https://a.ltrbxd.com/resized/sm/upload/64/us/cm/83/AuFvrbtWSPiBPIv9ewH2DV4nhCD-0-230-0-345-crop.jpg?v=4fee371b0d
chinatown,Chinatown,1974,https://a.ltrbxd.com/resized/film-poster/5/1/3/2/3/51323-chinatown-0-230-0-345-crop.jpg?v=b8e65cb89f
rango,Rango,2011,https://a.ltrbxd.com/resized/sm/upload/kg/9s/vs/0n/tB6RZA2pEFnolOKOAHR2GBu25aT-0-230-0-345-crop.jpg?v=fcc79c3c62
paddington-2,Paddington 2,2017,https://a.ltrbxd.com/resized/sm/upload/ij/ub/so/m3/zuXMvSQq9F7H29qzuUm0qyUqw6m-0-230-0-345-crop.jpg?v=a53cafc017
the-hobbit-the-desolation-of-smaug,The Hobbit: The Desolation of Smaug,2013,https://a.ltrbxd.com/resized/sm/upload/e0/ek/na/yb/gQCiuxGsfiXH1su6lp9n0nd0UeH-0-230-0-345-crop.jpg?v=00310e521d
cast-away,Cast Away,2000,https://a.ltrbxd.com/resized/sm/upload/ze/6e/v4/6d/w515BrZvczKIxbHurG6HIiYYrba-0-230-0-345-crop.jpg?v=a219b513ea
indiana-jones-and-the-dial-of-destiny,Indiana Jones and the Dial of Destiny,2023,https://a.ltrbxd.com/resized/film-poster/2/6/5/4/3/3/265433-indiana-jones-and-the-dial-of-destiny-0-230-0-345-crop.jpg?v=34f4a02c6b
the-wonderful-story-of-henry-sugar,The Wonderful Story of Henry Sugar,2023,https://a.ltrbxd.com/resized/film-poster/8/2/9/3/6/4/829364-the-wonderful-story-of-henry-sugar-0-230-0-345-crop.jpg?v=887a913aa6
thelma-louise,Thelma & Louise,1991,https://a.ltrbxd.com/resized/sm/upload/wt/r4/hc/iz/pnzuLoE52EiTfjfqRex2uTkH7LB-0-230-0-345-crop.jpg?v=5c24b21874
dallas-buyers-club,Dallas Buyers Club,2013,https://a.ltrbxd.com/resized/film-poster/1/1/4/6/0/5/114605-dallas-buyers-club-0-230-0-345-crop.jpg?v=f1a830ac72
red-white-royal-blue,"Red, White & Royal Blue",2023,https://a.ltrbxd.com/resized/film-poster/8/3/5/4/1/7/835417-red-white-royal-blue-0-230-0-345-crop.jpg?v=79730f5057
the-fly-1986,The Fly,1986,https://a.ltrbxd.com/resized/film-poster/4/7/1/7/1/47171-the-fly-0-230-0-345-crop.jpg?v=30802b8573
amadeus,Amadeus,1984,https://a.ltrbxd.com/resized/sm/upload/bn/hr/ki/ay/eP2pJudgGzUlo2kZuh0tF1MInsb-0-230-0-345-crop.jpg?v=907dc282ae
west-side-story-2021,West Side Story,2021,https://a.ltrbxd.com/resized/sm/upload/yd/j5/tz/up/xW3t04p24jH7aQyq1J63ApAP9gG-0-230-0-345-crop.jpg?v=a25d5f6f88
slumdog-millionaire,Slumdog Millionaire,2008,https://a.ltrbxd.com/resized/film-poster/4/4/6/1/3/44613-slumdog-millionaire-0-230-0-345-crop.jpg?v=6cff9e413f
breakfast-at-tiffanys,Breakfast at Tiffany's,1961,https://a.ltrbxd.com/resized/sm/upload/ay/kc/2m/81/c95lbDwL5WT8PV9DZsdSvRtXKNA-0-230-0-345-crop.jpg?v=e8848c7700
spotlight,Spotlight,2015,https://a.ltrbxd.com/resized/sm/upload/k6/pu/xx/cp/ngKxbvsn9Si5TYVJfi1EGAGwThU-0-230-0-345-crop.jpg?v=1b96c75210
the-mitchells-vs-the-machines,The Mitchells vs. the Machines,2021,https://a.ltrbxd.com/resized/film-poster/4/3/1/8/8/8/431888-the-mitchells-vs-the-machines-0-230-0-345-crop.jpg?v=d3be38052a
marcel-the-shell-with-shoes-on-2021,Marcel the Shell with Shoes On,2021,https://a.ltrbxd.com/resized/film-poster/7/8/1/3/2/6/781326-marcel-the-shell-with-shoes-on-0-230-0-345-crop.jpg?v=bc35f07a1c
10-cloverfield-lane,10 Cloverfield Lane,2016,https://a.ltrbxd.com/resized/film-poster/2/6/1/8/9/1/261891-10-cloverfield-lane-0-230-0-345-crop.jpg?v=141f0c7c30
mamma-mia-here-we-go-again,Mamma Mia! Here We Go Again,2018,https://a.ltrbxd.com/resized/film-poster/3/9/0/2/6/4/390264-mamma-mia-here-we-go-again-0-230-0-345-crop.jpg?v=6c5ecc5b00
it-ends-with-us,It Ends With Us,2024,https://a.ltrbxd.com/resized/film-poster/9/7/2/2/6/7/972267-it-ends-with-us-0-230-0-345-crop.jpg?v=000b1dcb16
the-game,The Game,1997,https://a.ltrbxd.com/resized/sm/upload/p4/tj/oj/ph/4b7QXyDJsDFXrwVHUNlrmezCZJC-0-230-0-345-crop.jpg?v=0f6a2cc0bb
the-flash,The Flash,2023,https://a.ltrbxd.com/resized/film-poster/2/2/5/8/4/5/225845-the-flash-0-230-0-345-crop.jpg?v=be50db18ec
incendies,Incendies,2010,https://a.ltrbxd.com/resized/film-poster/1/8/6/2/7/18627-incendies-0-230-0-345-crop.jpg?v=428c0056f4
air-2023,Air,2023,https://a.ltrbxd.com/resized/film-poster/8/6/8/4/9/1/868491-air-0-230-0-345-crop.jpg?v=0dddab89c6
mission-impossible,Mission: Impossible,1996,https://a.ltrbxd.com/resized/film-poster/5/1/2/0/6/51206-mission-impossible-0-230-0-345-crop.jpg?v=7b7690e145
napoleon-dynamite,Napoleon Dynamite,2004,https://a.ltrbxd.com/resized/film-poster/4/7/8/6/7/47867-napoleon-dynamite-0-230-0-345-crop.jpg?v=dc5d6552f9
big-fish,Big Fish,2003,https://a.ltrbxd.com/resized/sm/upload/w2/v9/2v/lv/6DRFdlNZpAaEt7eejsbAlJGgaM7-0-230-0-345-crop.jpg?v=89bfbcf64e
the-mask-1994,The Mask,1994,https://a.ltrbxd.com/resized/film-poster/5/1/2/9/8/51298-the-mask-0-230-0-345-crop.jpg?v=0b7bc0d127
dog-day-afternoon,Dog Day Afternoon,1975,https://a.ltrbxd.com/resized/film-poster/5/1/1/9/5/51195-dog-day-afternoon-0-230-0-345-crop.jpg?v=dcce1e7cbb
freaky-friday-2003,Freaky Friday,2003,https://a.ltrbxd.com/resized/film-poster/4/6/3/3/1/46331-freaky-friday-0-230-0-345-crop.jpg?v=28ee6e7c8a
kingsman-the-golden-circle,Kingsman: The Golden Circle,2017,https://a.ltrbxd.com/resized/sm/upload/3h/o6/gc/iy/yOGf8Or1k78Y6OLdYmTTSGHW1dP-0-230-0-345-crop.jpg?v=9a2da8212b
close-2022,Close,2022,https://a.ltrbxd.com/resized/film-poster/8/1/2/0/1/5/812015-close-0-230-0-345-crop.jpg?v=06927afaf8
house,House,1977,https://a.ltrbxd.com/resized/sm/upload/7f/z3/ho/6j/6vblWscFAbIm9V5CwHC7IImgAq9-0-230-0-345-crop.jpg?v=b505ff45b0
blink-twice,Blink Twice,2024,https://a.ltrbxd.com/resized/film-poster/7/5/6/0/4/2/756042-blink-twice-0-230-0-345-crop.jpg?v=2f35ddcd4e
decision-to-leave,Decision to Leave,2022,https://a.ltrbxd.com/resized/film-poster/6/2/9/3/2/0/629320-decision-to-leave-0-230-0-345-crop.jpg?v=30eaeaf481
shes-the-man,She's the Man,2006,https://a.ltrbxd.com/resized/film-poster/4/6/9/4/6/46946-she-s-the-man-0-230-0-345-crop.jpg?v=15a15f33fb
rushmore,Rushmore,1998,https://a.ltrbxd.com/resized/sm/upload/vx/bi/ni/1k/921qm0FJwDvi6ptaxNCp7xvqNGA-0-230-0-345-crop.jpg?v=e356b53de6
a-silent-voice-the-movie,A Silent Voice: The Movie,2016,https://a.ltrbxd.com/resized/sm/upload/4u/io/br/dp/drlyoSKDOPnxzJFrRWGqzDsyJvR-0-230-0-345-crop.jpg?v=acbeccd915
the-intouchables,The Intouchables,2011,https://a.ltrbxd.com/resized/sm/upload/6d/b1/v2/4j/intouchables-0-230-0-345-crop.jpg?v=98a4b40496
malignant-2021,Malignant,2021,https://a.ltrbxd.com/resized/film-poster/5/4/6/3/4/8/546348-malignant-0-230-0-345-crop.jpg?v=11e0d82f5d
the-little-mermaid,The Little Mermaid,1989,https://a.ltrbxd.com/resized/sm/upload/tp/jv/zf/fi/Amwq3yJP4VblXUptDAV7S13smCd-0-230-0-345-crop.jpg?v=0557a0e3dd
house-of-gucci,House of Gucci,2021,https://a.ltrbxd.com/resized/film-poster/5/7/0/1/9/3/570193-house-of-gucci-0-230-0-345-crop.jpg?v=5360fe0784
infinity-pool,Infinity Pool,2023,https://a.ltrbxd.com/resized/film-poster/5/9/1/9/3/1/591931-infinity-pool-0-230-0-345-crop.jpg?v=1fdb8549ff
woman-of-the-hour,Woman of the Hour,2023,https://a.ltrbxd.com/resized/film-poster/7/5/0/5/6/6/750566-woman-of-the-hour-0-230-0-345-crop.jpg?v=ea66716683
the-theory-of-everything-2014,The Theory of Everything,2014,https://a.ltrbxd.com/resized/film-poster/1/9/0/0/7/7/190077-the-theory-of-everything-0-230-0-345-crop.jpg?v=d1c034cf99
the-twilight-saga-eclipse,The Twilight Saga: Eclipse,2010,https://a.ltrbxd.com/resized/film-poster/3/7/0/8/8/37088-the-twilight-saga-eclipse-0-230-0-345-crop.jpg?v=b7981ac336
enola-holmes,Enola Holmes,2020,https://a.ltrbxd.com/resized/film-poster/4/2/7/8/5/2/427852-enola-holmes-0-230-0-345-crop.jpg?v=319e1769a5
moulin-rouge-2001,Moulin Rouge!,2001,https://a.ltrbxd.com/resized/film-poster/5/1/3/2/8/51328-moulin-rouge--0-230-0-345-crop.jpg?v=26abae7095
nosferatu,Nosferatu,1922,https://a.ltrbxd.com/resized/film-poster/5/1/4/7/1/51471-nosferatu-0-230-0-345-crop.jpg?v=97f8f97666
the-master-2012,The Master,2012,https://a.ltrbxd.com/resized/film-poster/5/2/5/1/2/52512-the-master-0-230-0-345-crop.jpg?v=815c91c273
how-to-train-your-dragon-2,How to Train Your Dragon 2,2014,https://a.ltrbxd.com/resized/film-poster/6/9/1/4/2/69142-how-to-train-your-dragon-2-0-230-0-345-crop.jpg?v=948eb92628
a-bugs-life,A Bug's Life,1998,https://a.ltrbxd.com/resized/film-poster/4/7/1/1/1/47111-a-bug-s-life-0-230-0-345-crop.jpg?v=30ec62f056
a-beautiful-mind,A Beautiful Mind,2001,https://a.ltrbxd.com/resized/film-poster/5/1/6/4/8/51648-a-beautiful-mind-0-230-0-345-crop.jpg?v=790ccfb890
jumanji,Jumanji,1995,https://a.ltrbxd.com/resized/sm/upload/7j/8o/rt/sd/8wBKXZNod4frLZjAKSDuAcQ2dEU-0-230-0-345-crop.jpg?v=09dbc5bbcb
prey-2022,Prey,2022,https://a.ltrbxd.com/resized/film-poster/6/8/6/3/8/9/686389-prey-0-230-0-345-crop.jpg?v=f9f0c6bb6e
klaus,Klaus,2019,https://a.ltrbxd.com/resized/film-poster/4/3/8/7/5/1/438751-klaus-0-230-0-345-crop.jpg?v=f935de3efa
bram-stokers-dracula,Bram Stoker's Dracula,1992,https://a.ltrbxd.com/resized/film-poster/4/8/4/5/4/48454-bram-stoker-s-dracula-0-230-0-345-crop.jpg?v=18a4a777e2
the-boy-in-the-striped-pyjamas,The Boy in the Striped Pyjamas,2008,https://a.ltrbxd.com/resized/film-poster/4/2/9/8/3/42983-the-boy-in-the-striped-pyjamas-0-230-0-345-crop.jpg?v=6e71b50937
the-hobbit-the-battle-of-five-armies-extended,The Hobbit: The Battle of the Five Armies,2014,https://a.ltrbxd.com/resized/film-poster/9/6/5/5/2/96552-the-hobbit-the-battle-of-the-five-armies-0-230-0-345-crop.jpg?v=fcaa9a2943
the-unbearable-weight-of-massive-talent,The Unbearable Weight of Massive Talent,2022,https://a.ltrbxd.com/resized/film-poster/5/7/4/3/8/5/574385-the-unbearable-weight-of-massive-talent-0-230-0-345-crop.jpg?v=2c49da09f3
the-life-aquatic-with-steve-zissou,The Life Aquatic with Steve Zissou,2004,https://a.ltrbxd.com/resized/sm/upload/lj/js/4a/zc/the-life-aquatic-with-steve-zissou-original-0-230-0-345-crop.jpg?v=c206023bc2
the-gentlemen,The Gentlemen,2019,https://a.ltrbxd.com/resized/film-poster/4/5/2/2/8/9/452289-the-gentlemen-0-230-0-345-crop.jpg?v=fe10998b1d
we-need-to-talk-about-kevin,We Need to Talk About Kevin,2011,https://a.ltrbxd.com/resized/sm/upload/jw/sl/s7/m6/TBNvX42VMq5vRNppY27mPYEz4Z-0-230-0-345-crop.jpg?v=203fd3ffdf
el-camino-a-breaking-bad-movie,El Camino: A Breaking Bad Movie,2019,https://a.ltrbxd.com/resized/film-poster/4/8/8/5/7/5/488575-el-camino-a-breaking-bad-movie-0-230-0-345-crop.jpg?v=b0177a1a2d
the-father-2020,The Father,2020,https://a.ltrbxd.com/resized/film-poster/5/2/7/6/7/1/527671-the-father-0-230-0-345-crop.jpg?v=f343edeeb2
the-conjuring-2,The Conjuring 2,2016,https://a.ltrbxd.com/resized/sm/upload/vu/cv/s6/zw/7GUzvvrb6hbOWl8l8YkaS4fgTDT-0-230-0-345-crop.jpg?v=14b2746933
okja,Okja,2017,https://a.ltrbxd.com/resized/film-poster/3/2/2/1/1/0/322110-okja-0-230-0-345-crop.jpg?v=d2199dff20
uncharted-2022,Uncharted,2022,https://a.ltrbxd.com/resized/film-poster/2/6/4/3/2/8/264328-uncharted-0-230-0-345-crop.jpg?v=988669139a
scooby-doo,Scooby-Doo,2002,https://a.ltrbxd.com/resized/sm/upload/35/mj/25/xd/yn1dLaEcvUHIgxmAu6NY5ho6CnJ-0-230-0-345-crop.jpg?v=6f5430d5c9
minions-the-rise-of-gru,Minions: The Rise of Gru,2022,https://a.ltrbxd.com/resized/film-poster/3/7/1/0/0/5/371005-minions-the-rise-of-gru-0-230-0-345-crop.jpg?v=ca97b9c24a
the-incredible-hulk,The Incredible Hulk,2008,https://a.ltrbxd.com/resized/film-poster/5/0/8/2/7/50827-the-incredible-hulk-0-230-0-345-crop.jpg?v=f03c15122c
barry-lyndon,Barry Lyndon,1975,https://a.ltrbxd.com/resized/sm/upload/0f/r6/bn/w7/x2JQCgLjieWOwvImeGtLmuNgsrq-0-230-0-345-crop.jpg?v=9c250ee969
i-am-legend,I Am Legend,2007,https://a.ltrbxd.com/resized/film-poster/4/8/2/9/6/48296-i-am-legend-0-230-0-345-crop.jpg?v=5ad5d3b4e2
the-sound-of-music,The Sound of Music,1965,https://a.ltrbxd.com/resized/film-poster/4/2/5/8/0/42580-the-sound-of-music-0-230-0-345-crop.jpg?v=743d70b886
back-to-the-future-part-iii,Back to the Future Part III,1990,https://a.ltrbxd.com/resized/film-poster/5/1/8/5/6/51856-back-to-the-future-part-iii-0-230-0-345-crop.jpg?v=fdbcbb74cb
thirteen,Thirteen,2003,https://a.ltrbxd.com/resized/sm/upload/mu/x3/z5/bq/6DovUDPK1ednXrc2klOAxABZzLe-0-230-0-345-crop.jpg?v=b1aad45e07
hidden-figures,Hidden Figures,2016,https://a.ltrbxd.com/resized/film-poster/3/1/6/3/1/2/316312-hidden-figures-0-230-0-345-crop.jpg?v=d40f6cc31a
waves-2019,Waves,2019,https://a.ltrbxd.com/resized/film-poster/4/6/2/5/7/3/462573-waves-0-230-0-345-crop.jpg?v=5a8ec53acd
do-revenge,Do Revenge,2022,https://a.ltrbxd.com/resized/film-poster/6/8/3/1/9/4/683194-do-revenge-0-230-0-345-crop.jpg?v=19da99b72f
divergent,Divergent,2014,https://a.ltrbxd.com/resized/film-poster/1/1/7/5/8/3/117583-divergent-0-230-0-345-crop.jpg?v=20d428124b
castle-in-the-sky,Castle in the Sky,1986,https://a.ltrbxd.com/resized/film-poster/4/6/1/5/7/46157-castle-in-the-sky-0-230-0-345-crop.jpg?v=b1924d4dcd
madame-web,Madame Web,2024,https://a.ltrbxd.com/resized/film-poster/5/6/0/6/9/7/560697-madame-web-0-230-0-345-crop.jpg?v=305a4aead1
cars-2,Cars 2,2011,https://a.ltrbxd.com/resized/film-poster/1/6/5/6/0/16560-cars-2-0-230-0-345-crop.jpg?v=cb91a3561f
misery,Misery,1990,https://a.ltrbxd.com/resized/film-poster/5/0/8/4/6/50846-misery-0-230-0-345-crop.jpg?v=f079fc8138
a-ghost-story-2017,A Ghost Story,2017,https://a.ltrbxd.com/resized/sm/upload/zx/51/yo/oc/ydENrBUenr4khaP6tj4JZn1CpMs-0-230-0-345-crop.jpg?v=8a56a47391
creed,Creed,2015,https://a.ltrbxd.com/resized/film-poster/2/3/9/2/6/0/239260-creed-0-230-0-345-crop.jpg?v=3fa9f6f051
gremlins,Gremlins,1984,https://a.ltrbxd.com/resized/film-poster/5/1/2/2/6/51226-gremlins-0-230-0-345-crop.jpg?v=b444daa0c4
zack-snyders-justice-league,Zack Snyder's Justice League,2021,https://a.ltrbxd.com/resized/film-poster/7/0/9/5/3/0/709530-zack-snyder-s-justice-league-0-230-0-345-crop.jpg?v=2262a9fbc3
the-matrix-reloaded,The Matrix Reloaded,2003,https://a.ltrbxd.com/resized/film-poster/5/1/5/1/7/51517-the-matrix-reloaded-0-230-0-345-crop.jpg?v=a8bd09d740
the-craft,The Craft,1996,https://a.ltrbxd.com/resized/film-poster/4/7/3/4/5/47345-the-craft-0-230-0-345-crop.jpg?v=d340df121c
insidious,Insidious,2010,https://a.ltrbxd.com/resized/sm/upload/te/ew/lb/gd/urAaOffVaxQzRJ8X5Z0oDqOWAjl-0-230-0-345-crop.jpg?v=7016f25e4f
terrifier-2016,Terrifier,2016,https://a.ltrbxd.com/resized/film-poster/3/5/4/2/5/1/354251-terrifier-0-230-0-345-crop.jpg?v=a413b49884
godzilla-vs-kong,Godzilla vs. Kong,2021,https://a.ltrbxd.com/resized/film-poster/3/3/3/8/2/5/333825-godzilla-vs-kong-0-230-0-345-crop.jpg?v=180c5e90c2
the-seventh-seal,The Seventh Seal,1957,https://a.ltrbxd.com/resized/film-poster/5/1/6/2/0/51620-the-seventh-seal-0-230-0-345-crop.jpg?v=fa1963f0b2
batman-1989,Batman,1989,https://a.ltrbxd.com/resized/film-poster/5/1/7/8/8/51788-batman-0-230-0-345-crop.jpg?v=368ed6db7a
lisa-frankenstein,Lisa Frankenstein,2024,https://a.ltrbxd.com/resized/film-poster/8/9/5/0/0/7/895007-lisa-frankenstein-0-230-0-345-crop.jpg?v=55fbeb4cde
onward-2020,Onward,2020,https://a.ltrbxd.com/resized/film-poster/4/3/8/2/7/2/438272-onward-0-230-0-345-crop.jpg?v=3a4228d8b9
under-the-skin-2013,Under the Skin,2013,https://a.ltrbxd.com/resized/film-poster/8/0/1/9/8/80198-under-the-skin-0-230-0-345-crop.jpg?v=732bdd03b9
coda-2021,CODA,2021,https://a.ltrbxd.com/resized/film-poster/6/9/5/4/7/3/695473-coda-0-230-0-345-crop.jpg?v=dcb6fda78d
shrek-the-third,Shrek the Third,2007,https://a.ltrbxd.com/resized/sm/upload/qn/3n/0d/bn/lA17Mlz8hXVZsW5Y3WuUa8KPilQ-0-230-0-345-crop.jpg?v=43af34f51b
the-help,The Help,2011,https://a.ltrbxd.com/resized/sm/upload/y0/fn/7r/cz/6u85CuvnbrzWMhKbGk4Bm5RnO3V-0-230-0-345-crop.jpg?v=e06d442363
the-fast-and-the-furious-2001,The Fast and the Furious,2001,https://a.ltrbxd.com/resized/film-poster/4/6/8/1/3/46813-the-fast-and-the-furious-0-230-0-345-crop.jpg?v=ec37dbaf43
50-first-dates,50 First Dates,2004,https://a.ltrbxd.com/resized/film-poster/5/0/7/7/3/50773-50-first-dates-0-230-0-345-crop.jpg?v=070edf166e
knock-at-the-cabin,Knock at the Cabin,2023,https://a.ltrbxd.com/resized/film-poster/5/5/8/0/5/6/558056-knock-at-the-cabin-0-230-0-345-crop.jpg?v=a60bcc3c00
the-mummy-1999,The Mummy,1999,https://a.ltrbxd.com/resized/sm/upload/5i/du/2g/s8/6CweTLmngcPrsEH4G6RKvdwmQdC-0-230-0-345-crop.jpg?v=397ac4a555
scary-movie-2000,Scary Movie,2000,https://a.ltrbxd.com/resized/film-poster/4/9/4/4/3/49443-scary-movie-0-230-0-345-crop.jpg?v=c949a2d091
the-twilight-saga-breaking-dawn-part-2,The Twilight Saga: Breaking Dawn – Part 2,2012,https://a.ltrbxd.com/resized/film-poster/1/5/0/7/6/15076-the-twilight-saga-breaking-dawn-part-2-0-230-0-345-crop.jpg?v=1557beaa77
22-jump-street,22 Jump Street,2014,https://a.ltrbxd.com/resized/sm/upload/qq/wx/vh/dy/tPnw9oqIvIMoYjVozkDkxm3xR8r-0-230-0-345-crop.jpg?v=28856a9f35
the-creator-2023,The Creator,2023,https://a.ltrbxd.com/resized/film-poster/5/9/5/0/2/9/595029-the-creator-0-230-0-345-crop.jpg?v=b921bf1d45
neon-genesis-evangelion-the-end-of-evangelion,Neon Genesis Evangelion: The End of Evangelion,1997,https://a.ltrbxd.com/resized/film-poster/4/0/3/1/1/40311-neon-genesis-evangelion-the-end-of-evangelion-0-230-0-345-crop.jpg?v=3f8b0ad85b
project-x-2012,Project X,2012,https://a.ltrbxd.com/resized/sm/upload/h7/gc/y5/05/cWXkRLmzKfYutvWeJXaednoGKdF-0-230-0-345-crop.jpg?v=649cf07ecb
lucy-2014,Lucy,2014,https://a.ltrbxd.com/resized/film-poster/1/6/8/8/6/0/168860-lucy-0-230-0-345-crop.jpg?v=768578ef62
beauty-and-the-beast-2017,Beauty and the Beast,2017,https://a.ltrbxd.com/resized/film-poster/2/4/8/7/0/8/248708-beauty-and-the-beast-0-230-0-345-crop.jpg?v=998630b3dc
fury-2014,Fury,2014,https://a.ltrbxd.com/resized/film-poster/1/6/0/4/9/7/160497-fury-0-230-0-345-crop.jpg?v=e213dcfd19
sinister,Sinister,2012,https://a.ltrbxd.com/resized/sm/upload/e2/ry/mu/yc/hrRYY7FcRc46Ue7h9jcKiW1xqJ3-0-230-0-345-crop.jpg?v=c994fd880e
inside-llewyn-davis,Inside Llewyn Davis,2013,https://a.ltrbxd.com/resized/film-poster/7/3/3/6/7/73367-inside-llewyn-davis-0-230-0-345-crop.jpg?v=df06f071fa
bridesmaids,Bridesmaids,2011,https://a.ltrbxd.com/resized/film-poster/1/0/4/4/2/10442-bridesmaids-0-230-0-345-crop.jpg?v=da67bea0aa
after-hours,After Hours,1985,https://a.ltrbxd.com/resized/sm/upload/2z/7c/vx/lo/qpr5tRmvyx4rbv1gKMKbW1v5JUC-0-230-0-345-crop.jpg?v=3f65cdcb25
fear-street-1994,Fear Street: 1994,2021,https://a.ltrbxd.com/resized/film-poster/5/1/8/7/8/7/518787-fear-street-part-one-1994-0-230-0-345-crop.jpg?v=b53287ce08
despicable-me-4,Despicable Me 4,2024,https://a.ltrbxd.com/resized/film-poster/4/4/8/5/0/6/448506-despicable-me-4-0-230-0-345-crop.jpg?v=3391582e43
monster-2023,Monster,2023,https://a.ltrbxd.com/resized/film-poster/9/4/7/0/3/0/947030-monster-0-230-0-345-crop.jpg?v=9787f75532
the-fault-in-our-stars,The Fault in Our Stars,2014,https://a.ltrbxd.com/resized/sm/upload/py/4z/au/w9/yV44oLprmiMlJBIZzwGUyyPRT8H-0-230-0-345-crop.jpg?v=c3e2633ccc
the-butterfly-effect,The Butterfly Effect,2004,https://a.ltrbxd.com/resized/film-poster/5/0/6/5/4/50654-the-butterfly-effect-0-230-0-345-crop.jpg?v=90d4b26497
watchmen,Watchmen,2009,https://a.ltrbxd.com/resized/film-poster/4/4/0/7/0/44070-watchmen-0-230-0-345-crop.jpg?v=dccd60903f
scream-4,Scream 4,2011,https://a.ltrbxd.com/resized/sm/upload/xw/xb/gx/5p/xEl8QQunHWUtf0dlKEbMXlfKSdr-0-230-0-345-crop.jpg?v=47e41f3237
hocus-pocus,Hocus Pocus,1993,https://a.ltrbxd.com/resized/sm/upload/43/5h/8q/cg/vgtJwl5rmPyq0JQPNWd4NXbkGmd-0-230-0-345-crop.jpg?v=9e0fc85c24
tropic-thunder,Tropic Thunder,2008,https://a.ltrbxd.com/resized/film-poster/4/8/0/3/0/48030-tropic-thunder-0-230-0-345-crop.jpg?v=f75fe170e6
interview-with-the-vampire,Interview with the Vampire,1994,https://a.ltrbxd.com/resized/film-poster/5/1/4/9/6/51496-interview-with-the-vampire-0-230-0-345-crop.jpg?v=25c5aebf77
airplane,Airplane!,1980,https://a.ltrbxd.com/resized/film-poster/5/1/3/3/9/51339-airplane--0-230-0-345-crop.jpg?v=a8e9ea3a39
high-school-musical,High School Musical,2006,https://a.ltrbxd.com/resized/film-poster/4/5/7/4/7/45747-high-school-musical-0-230-0-345-crop.jpg?v=dd80ff6e14
the-wind-rises,The Wind Rises,2013,https://a.ltrbxd.com/resized/film-poster/1/1/2/9/5/7/112957-the-wind-rises-0-230-0-345-crop.jpg?v=615164f787
the-twilight-saga-breaking-dawn-part-1,The Twilight Saga: Breaking Dawn – Part 1,2011,https://a.ltrbxd.com/resized/film-poster/1/5/0/7/7/15077-the-twilight-saga-breaking-dawn-part-1-0-230-0-345-crop.jpg?v=00df403dcd
its-whats-inside,It's What's Inside,2024,https://a.ltrbxd.com/resized/film-poster/9/4/9/0/5/3/949053-its-whats-inside-0-230-0-345-crop.jpg?v=ea1abf3c49
the-goonies,The Goonies,1985,https://a.ltrbxd.com/resized/film-poster/4/7/2/5/4/47254-the-goonies-0-230-0-345-crop.jpg?v=fc8eb0611b
love-simon,"Love, Simon",2018,https://a.ltrbxd.com/resized/film-poster/3/8/1/3/4/0/381340-love-simon-0-230-0-345-crop.jpg?v=cbf13429b9
x-men-apocalypse,X-Men: Apocalypse,2016,https://a.ltrbxd.com/resized/film-poster/1/7/2/4/9/2/172492-x-men-apocalypse-0-230-0-345-crop.jpg?v=eecf0062df
maestro-2023,Maestro,2023,https://a.ltrbxd.com/resized/film-poster/4/5/3/0/6/9/453069-maestro-0-230-0-345-crop.jpg?v=1dde1fa55f
game-night,Game Night,2018,https://a.ltrbxd.com/resized/film-poster/3/7/8/0/4/8/378048-game-night-0-230-0-345-crop.jpg?v=7216b8d79c
transformers,Transformers,2007,https://a.ltrbxd.com/resized/sm/upload/5z/cu/ki/sx/transformers-0-230-0-345-crop.jpg?v=983540ffc0
the-matrix-resurrections,The Matrix Resurrections,2021,https://a.ltrbxd.com/resized/sm/upload/hx/bm/p0/ov/matrix-0-230-0-345-crop.jpg?v=e71d44078c
were-the-millers,We're the Millers,2013,https://a.ltrbxd.com/resized/sm/upload/gy/z2/o8/vq/pyrv46Lr3rOIcSg1PkkCwktCC3G-0-230-0-345-crop.jpg?v=a294641de8
willy-wonka-the-chocolate-factory,Willy Wonka & the Chocolate Factory,1971,https://a.ltrbxd.com/resized/film-poster/5/1/8/0/4/51804-willy-wonka-the-chocolate-factory-0-230-0-345-crop.jpg?v=df80e8be28
grown-ups,Grown Ups,2010,https://a.ltrbxd.com/resized/film-poster/2/6/1/9/6/26196-grown-ups-0-230-0-345-crop.jpg?v=214c173d2a
doctor-sleep,Doctor Sleep,2019,https://a.ltrbxd.com/resized/film-poster/4/3/1/1/0/9/431109-doctor-sleep-0-230-0-345-crop.jpg?v=b0696b92c8
dogtooth,Dogtooth,2009,https://a.ltrbxd.com/resized/sm/upload/j6/sh/2m/01/xUnbL2Uoh4zoc1hJvIV6MDDJpka-0-230-0-345-crop.jpg?v=f876d41d35
burn-after-reading,Burn After Reading,2008,https://a.ltrbxd.com/resized/film-poster/4/9/0/5/4/49054-burn-after-reading-0-230-0-345-crop.jpg?v=1a29d1c090
nightmare-alley-2021,Nightmare Alley,2021,https://a.ltrbxd.com/resized/film-poster/5/2/4/5/9/2/524592-nightmare-alley-0-230-0-345-crop.jpg?v=778e2ed2f0
the-king-of-comedy,The King of Comedy,1982,https://a.ltrbxd.com/resized/sm/upload/4g/y9/qr/q9/pbAqLKoLydP7jl6P0vmYwlDtRPD-0-230-0-345-crop.jpg?v=8eb030b5f7
maleficent,Maleficent,2014,https://a.ltrbxd.com/resized/sm/upload/dl/sr/wn/m6/1cFVCUYKSBuEUDoVftKvqcfuIgc-0-230-0-345-crop.jpg?v=9680229cf4
swiss-army-man,Swiss Army Man,2016,https://a.ltrbxd.com/resized/sm/upload/pp/ya/j6/9k/kH7Jwo3Pv0pbosU4rzDafTigIZx-0-230-0-345-crop.jpg?v=5acfbde8a0
kung-fu-panda-2,Kung Fu Panda 2,2011,https://a.ltrbxd.com/resized/film-poster/1/6/1/6/4/16164-kung-fu-panda-2-0-230-0-345-crop.jpg?v=d5c12242b1
wonder-woman-1984,Wonder Woman 1984,2020,https://a.ltrbxd.com/resized/film-poster/3/9/5/7/3/1/395731-wonder-woman-1984-0-230-0-345-crop.jpg?v=767573fbcd
the-farewell-2019,The Farewell,2019,https://a.ltrbxd.com/resized/film-poster/4/9/3/6/9/7/493697-the-farewell-0-230-0-345-crop.jpg?v=115ef58791
megalopolis-2024,Megalopolis,2024,https://a.ltrbxd.com/resized/film-poster/5/2/0/3/2/8/520328-megalopolis-0-230-0-345-crop.jpg?v=64ab4fa858
the-devil-all-the-time,The Devil All the Time,2020,https://a.ltrbxd.com/resized/film-poster/4/2/9/9/4/5/429945-the-devil-all-the-time-0-230-0-345-crop.jpg?v=4b048ec678
the-40-year-old-virgin,The 40 Year Old Virgin,2005,https://a.ltrbxd.com/resized/film-poster/4/8/1/6/0/48160-the-40-year-old-virgin-0-230-0-345-crop.jpg?v=3f5be0e907
melancholia,Melancholia,2011,https://a.ltrbxd.com/resized/sm/upload/1y/p9/o1/xu/eCjATHunhgLl9ARKUFtmKguaWDJ-0-230-0-345-crop.jpg?v=0fb0026d30
videodrome,Videodrome,1983,https://a.ltrbxd.com/resized/sm/upload/xw/sw/3v/st/o8psaYgwTYFpqJhHISoMq178J4n-0-230-0-345-crop.jpg?v=837f65a552
ad-astra-2019,Ad Astra,2019,https://a.ltrbxd.com/resized/film-poster/3/5/3/4/8/5/353485-ad-astra-0-230-0-345-crop.jpg?v=a4302e46ef
this-is-the-end,This Is the End,2013,https://a.ltrbxd.com/resized/sm/upload/jc/9p/19/zx/oie_1512543TJ3vNUDP-0-230-0-345-crop.jpg?v=8b2686919f
evil-dead-ii,Evil Dead II,1987,https://a.ltrbxd.com/resized/sm/upload/p9/tg/s4/ca/dxbIRmIo0rN5R6WGvxnJuUJPh3t-0-230-0-345-crop.jpg?v=12b2d3f8b3
the-house-that-jack-built-2018,The House That Jack Built,2018,https://a.ltrbxd.com/resized/film-poster/3/3/2/4/3/2/332432-the-house-that-jack-built-0-230-0-345-crop.jpg?v=874acb1dbc
scream-3,Scream 3,2000,https://a.ltrbxd.com/resized/film-poster/4/9/4/5/3/49453-scream-3-0-230-0-345-crop.jpg?v=7ba5075018
sunset-boulevard,Sunset Boulevard,1950,https://a.ltrbxd.com/resized/film-poster/5/1/5/2/2/51522-sunset-boulevard-0-230-0-345-crop.jpg?v=75e49b76e3
clue,Clue,1985,https://a.ltrbxd.com/resized/film-poster/4/2/5/3/1/42531-clue-0-230-0-345-crop.jpg?v=feff5bd18c
x2,X2,2003,https://a.ltrbxd.com/resized/sm/upload/lt/cd/xz/vb/xmen2-poster-0-230-0-345-crop.jpg?v=141895ae80
the-apartment,The Apartment,1960,https://a.ltrbxd.com/resized/film-poster/5/1/7/7/4/51774-the-apartment-0-230-0-345-crop.jpg?v=7df6fac704
minority-report,Minority Report,2002,https://a.ltrbxd.com/resized/sm/upload/1o/qh/5e/ur/dS5AHLt4DhZpisxryIxKJU6Urxb-0-230-0-345-crop.jpg?v=921863cb0d
death-proof,Death Proof,2007,https://a.ltrbxd.com/resized/film-poster/5/0/6/2/1/50621-death-proof-0-230-0-345-crop.jpg?v=e95daf344f
friday-the-13th,Friday the 13th,1980,https://a.ltrbxd.com/resized/film-poster/4/9/2/9/9/49299-friday-the-13th-0-230-0-345-crop.jpg?v=ec6f86b02b
pacific-rim,Pacific Rim,2013,https://a.ltrbxd.com/resized/film-poster/5/2/5/0/8/52508-pacific-rim-0-230-0-345-crop.jpg?v=f8a975b8cc
the-terminal,The Terminal,2004,https://a.ltrbxd.com/resized/film-poster/5/1/5/2/7/51527-the-terminal-0-230-0-345-crop.jpg?v=7517ea94ce
the-fifth-element,The Fifth Element,1997,https://a.ltrbxd.com/resized/film-poster/2/6/9/9/2699-the-fifth-element-0-230-0-345-crop.jpg?v=5f207d9244
abigail-2024,Abigail,2024,https://a.ltrbxd.com/resized/film-poster/1/0/0/1/2/8/5/1001285-abigail-0-230-0-345-crop.jpg?v=39f001008d
the-marvels,The Marvels,2023,https://a.ltrbxd.com/resized/film-poster/5/3/6/9/7/0/536970-the-marvels-0-230-0-345-crop.jpg?v=d084ca416c
the-tree-of-life-2011,The Tree of Life,2011,https://a.ltrbxd.com/resized/film-poster/4/7/4/6/8/47468-the-tree-of-life-0-230-0-345-crop.jpg?v=1794f394ea
the-purge,The Purge,2013,https://a.ltrbxd.com/resized/film-poster/1/1/8/1/1/0/118110-the-purge-0-230-0-345-crop.jpg?v=d4bfb65809
glass-2019,Glass,2019,https://a.ltrbxd.com/resized/film-poster/3/8/2/6/6/9/382669-glass-0-230-0-345-crop.jpg?v=23c456ff6d
les-miserables-2012,Les Misérables,2012,https://a.ltrbxd.com/resized/film-poster/6/9/1/4/9/69149-les-miserables-0-230-0-345-crop.jpg?v=d55a55a672
lawrence-of-arabia,Lawrence of Arabia,1962,https://a.ltrbxd.com/resized/film-poster/6/0/2/9/9/60299-lawrence-of-arabia-0-230-0-345-crop.jpg?v=a3c56f9487
jurassic-world-fallen-kingdom,Jurassic World: Fallen Kingdom,2018,https://a.ltrbxd.com/resized/film-poster/2/8/1/5/2/9/281529-jurassic-world-fallen-kingdom-0-230-0-345-crop.jpg?v=b0c50b6d29
love-rosie,"Love, Rosie",2014,https://a.ltrbxd.com/resized/sm/upload/pp/av/st/c7/fOSxpfWiNCDXgYLDdZ6hifrshrh-0-230-0-345-crop.jpg?v=0f9daba5f6
synecdoche-new-york,"Synecdoche, New York",2008,https://a.ltrbxd.com/resized/sm/upload/z9/j9/kx/ve/l3r5MgeN0UUySPbf6aWeUyKGdb2-0-230-0-345-crop.jpg?v=0185077fb6
burning-2018,Burning,2018,https://a.ltrbxd.com/resized/film-poster/4/2/2/0/3/5/422035-burning-0-230-0-345-crop.jpg?v=34c9bc6300
justice-league,Justice League,2017,https://a.ltrbxd.com/resized/film-poster/1/0/7/6/7/0/107670-justice-league-0-230-0-345-crop.jpg?v=fd3f95cbb0
cloudy-with-a-chance-of-meatballs,Cloudy with a Chance of Meatballs,2009,https://a.ltrbxd.com/resized/film-poster/3/7/6/9/6/37696-cloudy-with-a-chance-of-meatballs-0-230-0-345-crop.jpg?v=2352e21a4c
the-elephant-man,The Elephant Man,1980,https://a.ltrbxd.com/resized/film-poster/5/0/6/5/3/50653-the-elephant-man-0-230-0-345-crop.jpg?v=18fe6f5ee5
monster-house,Monster House,2006,https://a.ltrbxd.com/resized/sm/upload/7d/ix/xe/a0/lRXpOazybgbCff6xZjCPbRP685p-0-230-0-345-crop.jpg?v=803e8efb89
predator,Predator,1987,https://a.ltrbxd.com/resized/film-poster/5/1/9/4/4/51944-predator-0-230-0-345-crop.jpg?v=48eadd2372
bee-movie,Bee Movie,2007,https://a.ltrbxd.com/resized/film-poster/4/8/7/9/1/48791-bee-movie-0-230-0-345-crop.jpg?v=2b9ece5cba
nausicaa-of-the-valley-of-the-wind,Nausicaä of the Valley of the Wind,1984,https://a.ltrbxd.com/resized/film-poster/5/1/9/6/9/51969-nausicaa-of-the-valley-of-the-wind-0-230-0-345-crop.jpg?v=059bc2bbc0
godzilla-kong-the-new-empire,Godzilla × Kong: The New Empire,2024,https://a.ltrbxd.com/resized/film-poster/7/3/9/5/2/2/739522-godzilla-x-kong-the-new-empire-0-230-0-345-crop.jpg?v=7c2eb6e620
happy-death-day,Happy Death Day,2017,https://a.ltrbxd.com/resized/sm/upload/zf/k0/fc/si/cTaEIUYTt52ooq9quVbAQ7NpGwo-0-230-0-345-crop.jpg?v=7b51a4b743
raya-and-the-last-dragon,Raya and the Last Dragon,2021,https://a.ltrbxd.com/resized/film-poster/4/5/7/1/8/0/457180-raya-and-the-last-dragon-0-230-0-345-crop.jpg?v=98f8b76caf
the-birds,The Birds,1963,https://a.ltrbxd.com/resized/film-poster/5/1/5/4/9/51549-the-birds-0-230-0-345-crop.jpg?v=3b7bf23e10
o-brother-where-art-thou,"O Brother, Where Art Thou?",2000,https://a.ltrbxd.com/resized/sm/upload/a0/sz/qf/mq/erBsxkzVwkXuvuzUBpVnNxxPYhO-0-230-0-345-crop.jpg?v=80375a32fa
murder-on-the-orient-express-2017,Murder on the Orient Express,2017,https://a.ltrbxd.com/resized/sm/upload/x3/oo/kp/41/iBlfxlw8qwtUS0R8YjIU7JtM6LM-0-230-0-345-crop.jpg?v=3e7799436b
jurassic-world-dominion,Jurassic World Dominion,2022,https://a.ltrbxd.com/resized/film-poster/4/3/7/0/5/0/437050-jurassic-world-dominion-0-230-0-345-crop.jpg?v=7e84c73412
despicable-me-2,Despicable Me 2,2013,https://a.ltrbxd.com/resized/sm/upload/dz/ec/y7/pf/ek09KXB8ytg9nUb3hDUpJn7APdT-0-230-0-345-crop.jpg?v=3b9b2c06c8
enchanted,Enchanted,2007,https://a.ltrbxd.com/resized/film-poster/4/9/2/8/0/49280-enchanted-0-230-0-345-crop.jpg?v=cfce205bab
the-others,The Others,2001,https://a.ltrbxd.com/resized/film-poster/5/0/6/7/5/50675-the-others-0-230-0-345-crop.jpg?v=5849ee4f9f
rrr,RRR,2022,https://a.ltrbxd.com/resized/film-poster/5/0/8/0/3/7/508037-rrr-0-230-0-345-crop.jpg?v=4e4649b7f9
whisper-of-the-heart,Whisper of the Heart,1995,https://a.ltrbxd.com/resized/film-poster/2/6/7/1/3/26713-whisper-of-the-heart-0-230-0-345-crop.jpg?v=d1e50d223e
the-lion-king-2019,The Lion King,2019,https://a.ltrbxd.com/resized/film-poster/3/5/4/5/3/9/354539-the-lion-king-0-230-0-345-crop.jpg?v=e347ae4e13
porco-rosso,Porco Rosso,1992,https://a.ltrbxd.com/resized/sm/upload/pf/lk/cj/4e/nCx0EESDNxwXGn7rkCU6cvXTpIB-0-230-0-345-crop.jpg?v=67361260f7
nimona-2023,Nimona,2023,https://a.ltrbxd.com/resized/film-poster/8/6/5/1/1/2/865112-nimona-0-230-0-345-crop.jpg?v=23fa6c0b1b
sonic-the-hedgehog,Sonic the Hedgehog,2020,https://a.ltrbxd.com/resized/film-poster/3/8/6/6/0/8/386608-sonic-the-hedgehog-0-230-0-345-crop.jpg?v=a2e34150ce
judas-and-the-black-messiah,Judas and the Black Messiah,2021,https://a.ltrbxd.com/resized/film-poster/5/1/1/3/4/2/511342-judas-and-the-black-messiah-0-230-0-345-crop.jpg?v=e21573b175
harakiri,Harakiri,1962,https://a.ltrbxd.com/resized/film-poster/4/3/0/1/5/43015-harakiri-0-230-0-345-crop.jpg?v=007080a0fb
collateral,Collateral,2004,https://a.ltrbxd.com/resized/film-poster/5/0/9/9/5/50995-collateral-0-230-0-345-crop.jpg?v=1691f38093
ralph-breaks-the-internet,Ralph Breaks the Internet,2018,https://a.ltrbxd.com/resized/film-poster/3/3/8/8/8/3/338883-ralph-breaks-the-internet-0-230-0-345-crop.jpg?v=12b4f9e3d0
unbreakable,Unbreakable,2000,https://a.ltrbxd.com/resized/film-poster/4/6/8/6/6/46866-unbreakable-0-230-0-345-crop.jpg?v=c5d94f79e1
sweeney-todd-the-demon-barber-of-fleet-street-2007,Sweeney Todd: The Demon Barber of Fleet Street,2007,https://a.ltrbxd.com/resized/sm/upload/5k/6p/zw/vr/jqPaoeBu3hEphyyR0anAkMAxflb-0-230-0-345-crop.jpg?v=6b7b0886fc
alien-covenant,Alien: Covenant,2017,https://a.ltrbxd.com/resized/film-poster/9/9/1/4/4/99144-alien-covenant-0-230-0-345-crop.jpg?v=8cbd31946f
aladdin-2019,Aladdin,2019,https://a.ltrbxd.com/resized/film-poster/3/5/4/5/3/8/354538-aladdin-0-230-0-345-crop.jpg?v=b0c1f0cc74
the-place-beyond-the-pines,The Place Beyond the Pines,2012,https://a.ltrbxd.com/resized/film-poster/8/0/2/0/0/80200-the-place-beyond-the-pines-0-230-0-345-crop.jpg?v=e30d64f591
captain-fantastic,Captain Fantastic,2016,https://a.ltrbxd.com/resized/sm/upload/5d/hg/f9/my/fnaGmGCWgGOQjCpM0TqKPZJ5x85-0-230-0-345-crop.jpg?v=f4a9ad9d7a
the-disaster-artist,The Disaster Artist,2017,https://a.ltrbxd.com/resized/film-poster/3/0/7/2/9/8/307298-the-disaster-artist-0-230-0-345-crop.jpg?v=fdf94cff54
ghost-in-the-shell,Ghost in the Shell,1995,https://a.ltrbxd.com/resized/film-poster/4/7/2/7/0/47270-ghost-in-the-shell-0-230-0-345-crop.jpg?v=c837d80ee1
pokemon-detective-pikachu,Pokémon Detective Pikachu,2019,https://a.ltrbxd.com/resized/film-poster/3/7/9/6/2/6/379626-pokemon-detective-pikachu-0-230-0-345-crop.jpg?v=5ab0bc33bf
spectre-2015,Spectre,2015,https://a.ltrbxd.com/resized/sm/upload/z4/ic/gk/3h/1o9prR1gAZdF9KpxH4qneJ3Rglf-0-230-0-345-crop.jpg?v=bee769afd4
rain-man,Rain Man,1988,https://a.ltrbxd.com/resized/film-poster/5/1/7/0/5/51705-rain-man-0-230-0-345-crop.jpg?v=f7ebcc5d4d
8-mile,8 Mile,2002,https://a.ltrbxd.com/resized/sm/upload/sx/ew/do/rx/dXzTrKwpbLpCqn8O70FUUhNbYQT-0-230-0-345-crop.jpg?v=c5c2812b92
fantastic-beasts-the-crimes-of-grindelwald,Fantastic Beasts: The Crimes of Grindelwald,2018,https://a.ltrbxd.com/resized/film-poster/2/6/8/3/6/5/268365-fantastic-beasts-the-crimes-of-grindelwald-0-230-0-345-crop.jpg?v=3c5528fd13
twelve-monkeys,Twelve Monkeys,1995,https://a.ltrbxd.com/resized/sm/upload/gx/5a/fn/12/6Sj9wDu3YugthXsU0Vry5XFAZGg-0-230-0-345-crop.jpg?v=f6da1ec950
shoplifters,Shoplifters,2018,https://a.ltrbxd.com/resized/film-poster/4/3/5/1/2/9/435129-shoplifters-0-230-0-345-crop.jpg?v=f4c3e34d37
chicago,Chicago,2002,https://a.ltrbxd.com/resized/sm/upload/o0/rp/mq/1k/18pCc2XZ5MO7wsywOYEbhoeuxNw-0-230-0-345-crop.jpg?v=cdd4bb7a58
sherlock-holmes-2009,Sherlock Holmes,2009,https://a.ltrbxd.com/resized/film-poster/4/6/1/4/4/46144-sherlock-holmes-0-230-0-345-crop.jpg?v=92f4a1b4a1
signs,Signs,2002,https://a.ltrbxd.com/resized/film-poster/5/0/1/5/2/50152-signs-0-230-0-345-crop.jpg?v=8efc1ad42c
kong-skull-island,Kong: Skull Island,2017,https://a.ltrbxd.com/resized/film-poster/2/2/0/0/8/0/220080-kong-skull-island-0-230-0-345-crop.jpg?v=71e0e3ba82
district-9,District 9,2009,https://a.ltrbxd.com/resized/film-poster/4/0/8/6/0/40860-district-9-0-230-0-345-crop.jpg?v=5fb9b8c5a9
the-trial-of-the-chicago-7,The Trial of the Chicago 7,2020,https://a.ltrbxd.com/resized/film-poster/4/8/5/5/1/9/485519-the-trial-of-the-chicago-7-0-230-0-345-crop.jpg?v=284072013c
y-tu-mama-tambien,Y Tu Mamá También,2001,https://a.ltrbxd.com/resized/film-poster/5/1/0/6/8/51068-y-tu-mama-tambien-0-230-0-345-crop.jpg?v=1052852218
step-brothers,Step Brothers,2008,https://a.ltrbxd.com/resized/film-poster/4/4/7/6/8/44768-step-brothers-0-230-0-345-crop.jpg?v=0a3c38369a
speak-no-evil-2024,Speak No Evil,2024,https://a.ltrbxd.com/resized/film-poster/1/0/0/4/5/3/1/1004531-speak-no-evil-0-230-0-345-crop.jpg?v=2c01632a58
fear-and-loathing-in-las-vegas,Fear and Loathing in Las Vegas,1998,https://a.ltrbxd.com/resized/film-poster/5/0/7/2/5/50725-fear-and-loathing-in-las-vegas-0-230-0-345-crop.jpg?v=ff824b403c
batman-returns,Batman Returns,1992,https://a.ltrbxd.com/resized/film-poster/5/1/7/0/9/51709-batman-returns-0-230-0-345-crop.jpg?v=810ef07957
the-skin-i-live-in,The Skin I Live In,2011,https://a.ltrbxd.com/resized/sm/upload/jc/zx/ej/uw/iFIgRIhz3CdWDuKBqEDURV4a4Ly-0-230-0-345-crop.jpg?v=db0dde8109
halloween-2018,Halloween,2018,https://a.ltrbxd.com/resized/film-poster/3/5/7/6/8/2/357682-halloween-0-230-0-345-crop.jpg?v=6ccefef144
mommy-2014,Mommy,2014,https://a.ltrbxd.com/resized/film-poster/1/8/8/4/2/1/188421-mommy-0-230-0-345-crop.jpg?v=716f2957f8
bridge-to-terabithia,Bridge to Terabithia,2007,https://a.ltrbxd.com/resized/film-poster/5/1/1/1/7/51117-bridge-to-terabithia-0-230-0-345-crop.jpg?v=424632b691
gangs-of-new-york-2002,Gangs of New York,2002,https://a.ltrbxd.com/resized/film-poster/4/9/8/4/6/49846-gangs-of-new-york-0-230-0-345-crop.jpg?v=5c4435acc6
the-gray-man-2022,The Gray Man,2022,https://a.ltrbxd.com/resized/film-poster/6/4/7/7/6/0/647760-the-gray-man-0-230-0-345-crop.jpg?v=85006270c0
the-addams-family,The Addams Family,1991,https://a.ltrbxd.com/resized/film-poster/5/0/0/1/7/50017-the-addams-family-0-230-0-345-crop.jpg?v=3dd26b5545
men-2022,Men,2022,https://a.ltrbxd.com/resized/film-poster/6/9/9/2/9/8/699298-men-0-230-0-345-crop.jpg?v=5065da5191
closer,Closer,2004,https://a.ltrbxd.com/resized/sm/upload/hh/ky/he/yx/v8kg6Dse9LWS4Ihftx1KNihe7Fc-0-230-0-345-crop.jpg?v=8fa514af51
indiana-jones-and-the-kingdom-of-the-crystal-skull,Indiana Jones and the Kingdom of the Crystal Skull,2008,https://a.ltrbxd.com/resized/film-poster/5/1/8/3/9/51839-indiana-jones-and-the-kingdom-of-the-crystal-skull-0-230-0-345-crop.jpg?v=3dfe92e26e
the-conjuring-the-devil-made-me-do-it,The Conjuring: The Devil Made Me Do It,2021,https://a.ltrbxd.com/resized/film-poster/3/5/6/7/2/3/356723-the-conjuring-the-devil-made-me-do-it-0-230-0-345-crop.jpg?v=baf20ea2fd
saw-x,Saw X,2023,https://a.ltrbxd.com/resized/film-poster/8/5/6/0/3/6/856036-saw-x-0-230-0-345-crop.jpg?v=d30236e00f
the-kings-speech,The King's Speech,2010,https://a.ltrbxd.com/resized/film-poster/5/3/6/3/5363-the-king-s-speech-0-230-0-345-crop.jpg?v=334f06fd89
lost-highway,Lost Highway,1997,https://a.ltrbxd.com/resized/sm/upload/25/5e/r1/3t/z6yhgEzGUJaBBgAxoyggRzwLnVM-0-230-0-345-crop.jpg?v=49d0ffd43f
training-day,Training Day,2001,https://a.ltrbxd.com/resized/film-poster/5/0/5/8/0/50580-training-day-0-230-0-345-crop.jpg?v=5ce5342625
fear-street-1978,Fear Street: 1978,2021,https://a.ltrbxd.com/resized/film-poster/5/1/8/7/8/8/518788-fear-street-1978-0-230-0-345-crop.jpg?v=bedb574857
hellraiser,Hellraiser,1987,https://a.ltrbxd.com/resized/film-poster/4/7/4/3/8/47438-hellraiser-0-230-0-345-crop.jpg?v=c927113564
creep-2014,Creep,2014,https://a.ltrbxd.com/resized/film-poster/1/7/4/9/2/8/174928-creep-0-230-0-345-crop.jpg?v=d01c2ba3a8
mission-impossible-rogue-nation,Mission: Impossible – Rogue Nation,2015,https://a.ltrbxd.com/resized/sm/upload/lk/jb/17/6y/oUDKymEL932AeHyl4A4ee8zuBLF-0-230-0-345-crop.jpg?v=e415a0cdd0
8-half,8½,1963,https://a.ltrbxd.com/resized/sm/upload/qt/2y/ms/4w/5pQlc8dp5dXzWg1yM70DZrsDpOl-0-230-0-345-crop.jpg?v=17965d9ac6
300,300,2006,https://a.ltrbxd.com/resized/film-poster/5/1/1/1/1/51111-300-0-230-0-345-crop.jpg?v=84df44bf2e
final-destination,Final Destination,2000,https://a.ltrbxd.com/resized/film-poster/4/7/0/6/8/47068-final-destination-0-230-0-345-crop.jpg?v=cde2a9e624
metropolis,Metropolis,1927,https://a.ltrbxd.com/resized/sm/upload/2z/xx/r0/hy/qriaeUUwdmlgethK3aSAx68mG05-0-230-0-345-crop.jpg?v=31b29ec62d
x-men-origins-wolverine,X-Men Origins: Wolverine,2009,https://a.ltrbxd.com/resized/film-poster/5/0/5/4/4/50544-x-men-origins-wolverine-0-230-0-345-crop.jpg?v=2b7fb7e161
black-adam,Black Adam,2022,https://a.ltrbxd.com/resized/film-poster/3/6/9/1/7/9/369179-black-adam-0-230-0-345-crop.jpg?v=5e1791e3fa
the-piano-teacher,The Piano Teacher,2001,https://a.ltrbxd.com/resized/sm/upload/9o/pb/jp/4e/the-piano-teacher-0-230-0-345-crop.jpg?v=378e261ece
braveheart,Braveheart,1995,https://a.ltrbxd.com/resized/sm/upload/kd/dn/w8/u2/2qAgGeYdLjelOEqjW9FYvPHpplC-0-230-0-345-crop.jpg?v=4c238c1082
i-care-a-lot,I Care a Lot,2020,https://a.ltrbxd.com/resized/film-poster/5/2/9/2/0/3/529203-i-care-a-lot-0-230-0-345-crop.jpg?v=56598113a5
buffalo-66,Buffalo '66,1998,https://a.ltrbxd.com/resized/sm/upload/eo/sj/w9/xl/taVFuUhUWoX9YE7bb2bWkSPjC9P-0-230-0-345-crop.jpg?v=94ae22e6f8
terrifier-2,Terrifier 2,2022,https://a.ltrbxd.com/resized/film-poster/5/8/8/9/0/7/588907-terrifier-2-0-230-0-345-crop.jpg?v=235a7cd041
when-evil-lurks,When Evil Lurks,2023,https://a.ltrbxd.com/resized/film-poster/6/6/6/3/9/6/666396-when-evil-lurks-0-230-0-345-crop.jpg?v=cf13e1893c
the-spongebob-squarepants-movie,The SpongeBob SquarePants Movie,2004,https://a.ltrbxd.com/resized/sm/upload/9o/zo/eb/3q/9NsjFw5NEBppIb7KUDQa4010jKT-0-230-0-345-crop.jpg?v=3a47734a51
tarzan,Tarzan,1999,https://a.ltrbxd.com/resized/sm/upload/8n/sc/7d/pp/y6k0qn4tcDfbnrjJ2BUnoZYmMBk-0-230-0-345-crop.jpg?v=9f2175055b
click,Click,2006,https://a.ltrbxd.com/resized/film-poster/4/7/2/5/5/47255-click-0-230-0-345-crop.jpg?v=21dfe24b64
cure,Cure,1997,https://a.ltrbxd.com/resized/film-poster/2/8/1/9/5/28195-cure-0-230-0-345-crop.jpg?v=74a48c4849
looper,Looper,2012,https://a.ltrbxd.com/resized/sm/upload/qp/zb/lh/ec/yZ7e9bmLURRe89No7ei6eZQO1qZ-0-230-0-345-crop.jpg?v=b145ef432f
orphan,Orphan,2009,https://a.ltrbxd.com/resized/film-poster/3/8/5/4/4/38544-orphan-0-230-0-345-crop.jpg?v=4649d234cb
funny-games,Funny Games,1997,https://a.ltrbxd.com/resized/film-poster/4/6/4/1/8/46418-funny-games-0-230-0-345-crop.jpg?v=00900d829d
im-still-here-2024,I'm Still Here,2024,https://a.ltrbxd.com/resized/film-poster/9/0/1/6/7/1/901671-im-still-here-2024-0-230-0-345-crop.jpg?v=62be7ea503
adaptation,Adaptation.,2002,https://a.ltrbxd.com/resized/film-poster/5/0/1/1/2/50112-adaptation--0-230-0-345-crop.jpg?v=5bf5496cc7
hugo,Hugo,2011,https://a.ltrbxd.com/resized/sm/upload/kp/9v/8u/7j/rSmmVKeW3nsP86V2S6R7ePs4CFw-0-230-0-345-crop.jpg?v=2e7a1b811a
saw-ii,Saw II,2005,https://a.ltrbxd.com/resized/film-poster/5/1/8/4/1/51841-saw-ii-0-230-0-345-crop.jpg?v=c8721d4d0f
green-room,Green Room,2015,https://a.ltrbxd.com/resized/film-poster/2/4/1/0/5/2/241052-green-room-0-230-0-345-crop.jpg?v=d54271a379
submarine,Submarine,2010,https://a.ltrbxd.com/resized/sm/upload/vp/ip/de/v2/mqunaysed9wv8OJsrZAlOF3j0Sr-0-230-0-345-crop.jpg?v=7f69e9b7e5
anchorman-the-legend-of-ron-burgundy,Anchorman: The Legend of Ron Burgundy,2004,https://a.ltrbxd.com/resized/film-poster/4/7/6/3/7/47637-anchorman-the-legend-of-ron-burgundy-0-230-0-345-crop.jpg?v=afdb4fa667
mission-impossible-ghost-protocol,Mission: Impossible – Ghost Protocol,2011,https://a.ltrbxd.com/resized/sm/upload/mi/dr/zr/6r/e3SnEE5ug02TsH86H6EF30laHjO-0-230-0-345-crop.jpg?v=7a2d316f72
the-wolverine,The Wolverine,2013,https://a.ltrbxd.com/resized/film-poster/6/2/6/3/8/62638-the-wolverine-0-230-0-345-crop.jpg?v=f232f1b127
argo,Argo,2012,https://a.ltrbxd.com/resized/sm/upload/vx/tj/jr/as/PHf0KsjBWMmxjf_1_m-0-230-0-345-crop.jpg?v=84217647a3
dont-breathe-2016,Don't Breathe,2016,https://a.ltrbxd.com/resized/sm/upload/fq/1t/ps/wi/lw0IqOSMsQcy1QnVIEIDppLmNwk-0-230-0-345-crop.jpg?v=206fde5888
labyrinth,Labyrinth,1986,https://a.ltrbxd.com/resized/film-poster/4/3/7/5/1/43751-labyrinth-0-230-0-345-crop.jpg?v=608378d65b
pig-2021,Pig,2021,https://a.ltrbxd.com/resized/film-poster/5/6/1/7/6/3/561763-pig-0-230-0-345-crop.jpg?v=fb522b9d9a
alice-in-wonderland-1951,Alice in Wonderland,1951,https://a.ltrbxd.com/resized/sm/upload/p5/63/wj/c3/AdwfqyNiH8UqeYKFYoiKhwTtjAb-0-230-0-345-crop.jpg?v=f9c56785d4
pirates-of-the-caribbean-on-stranger-tides,Pirates of the Caribbean: On Stranger Tides,2011,https://a.ltrbxd.com/resized/film-poster/5/0/7/3/5/50735-pirates-of-the-caribbean-on-stranger-tides-0-230-0-345-crop.jpg?v=84b9897282
the-matrix-revolutions,The Matrix Revolutions,2003,https://a.ltrbxd.com/resized/film-poster/5/1/5/1/6/51516-the-matrix-revolutions-0-230-0-345-crop.jpg?v=919dceb0be
twin-peaks-fire-walk-with-me,Twin Peaks: Fire Walk with Me,1992,https://a.ltrbxd.com/resized/sm/upload/xb/qg/78/zd/tOQekTHJmVCgfUYXTb6dLAu6l8W-0-230-0-345-crop.jpg?v=647348df81
the-machinist,The Machinist,2004,https://a.ltrbxd.com/resized/film-poster/4/9/2/5/4/49254-the-machinist-0-230-0-345-crop.jpg?v=71a9922e95
hotel-transylvania,Hotel Transylvania,2012,https://a.ltrbxd.com/resized/sm/upload/f8/kq/gh/fa/9qugesYpAWHUpdrw2w8URSGkAPt-0-230-0-345-crop.jpg?v=44f60b3cc6
the-first-omen,The First Omen,2024,https://a.ltrbxd.com/resized/film-poster/3/7/0/1/7/8/370178-the-first-omen-0-230-0-345-crop.jpg?v=ee3160fca0
the-bikeriders,The Bikeriders,2023,https://a.ltrbxd.com/resized/film-poster/9/0/8/3/2/7/908327-the-bikeriders-0-230-0-345-crop.jpg?v=71c876af34
the-godfather-part-iii,The Godfather Part III,1990,https://a.ltrbxd.com/resized/film-poster/5/1/8/1/4/51814-the-godfather-part-iii-0-230-0-345-crop.jpg?v=2c12635c8a
the-prince-of-egypt,The Prince of Egypt,1998,https://a.ltrbxd.com/resized/film-poster/4/6/7/7/8/46778-the-prince-of-egypt-0-230-0-345-crop.jpg?v=b29fc0a633
the-simpsons-movie,The Simpsons Movie,2007,https://a.ltrbxd.com/resized/film-poster/2/6/8/4/2684-the-simpsons-movie-0-230-0-345-crop.jpg?v=a6eea99a2a
mandy-2018,Mandy,2018,https://a.ltrbxd.com/resized/film-poster/3/9/2/6/5/4/392654-mandy-0-230-0-345-crop.jpg?v=cf29f00f84
x-men-the-last-stand,X-Men: The Last Stand,2006,https://a.ltrbxd.com/resized/film-poster/2/7/7/1/3/27713-x-men-the-last-stand-0-230-0-345-crop.jpg?v=61ff7376df
my-own-private-idaho,My Own Private Idaho,1991,https://a.ltrbxd.com/resized/film-poster/5/1/6/3/4/51634-my-own-private-idaho-0-230-0-345-crop.jpg?v=8ac7ef6e68
a-real-pain,A Real Pain,2024,https://a.ltrbxd.com/resized/film-poster/9/1/3/2/5/8/913258-a-real-pain-0-230-0-345-crop.jpg?v=893a943872
passengers-2016,Passengers,2016,https://a.ltrbxd.com/resized/sm/upload/7v/7c/8u/gl/mJJV2pv6Dh1WiZV0SxfuFSvXWfV-0-230-0-345-crop.jpg?v=1d896aa116
as-above-so-below-2014,"As Above, So Below",2014,https://a.ltrbxd.com/resized/film-poster/1/8/0/0/8/7/180087-as-above-so-below-0-230-0-345-crop.jpg?v=fba432615e
the-hangover-part-ii,The Hangover Part II,2011,https://a.ltrbxd.com/resized/sm/upload/14/sk/45/1c/hFUsdnUoQDQ02EVlKTyhDTdehEr-0-230-0-345-crop.jpg?v=b607a95894
the-king-2019,The King,2019,https://a.ltrbxd.com/resized/film-poster/4/3/4/7/5/3/434753-the-king-0-230-0-345-crop.jpg?v=0c5cfedd4a
snow-white-and-the-seven-dwarfs,Snow White and the Seven Dwarfs,1937,https://a.ltrbxd.com/resized/film-poster/5/1/6/8/2/51682-snow-white-and-the-seven-dwarfs-0-230-0-345-crop.jpg?v=93d2681131
the-descent,The Descent,2005,https://a.ltrbxd.com/resized/film-poster/4/7/2/0/4/47204-the-descent-0-230-0-345-crop.jpg?v=bdd6f75932
some-like-it-hot,Some Like It Hot,1959,https://a.ltrbxd.com/resized/film-poster/5/1/8/1/7/51817-some-like-it-hot-0-230-0-345-crop.jpg?v=fc0b1b87eb
first-reformed,First Reformed,2017,https://a.ltrbxd.com/resized/sm/upload/25/z1/3z/xn/8HKA3Hwf8jQWy8TCYWr7C8Wft23-0-230-0-345-crop.jpg?v=79051e4cf2
yesterday-2019,Yesterday,2019,https://a.ltrbxd.com/resized/film-poster/4/4/4/7/9/9/444799-yesterday-0-230-0-345-crop.jpg?v=5f26868151
uptown-girls,Uptown Girls,2003,https://a.ltrbxd.com/resized/film-poster/4/2/7/0/6/42706-uptown-girls-0-230-0-345-crop.jpg?v=df6971a9e3
million-dollar-baby,Million Dollar Baby,2004,https://a.ltrbxd.com/resized/film-poster/5/1/9/7/9/51979-million-dollar-baby-0-230-0-345-crop.jpg?v=0003198e90
the-last-duel-2021,The Last Duel,2021,https://a.ltrbxd.com/resized/film-poster/5/4/4/3/8/0/544380-the-last-duel-0-230-0-345-crop.jpg?v=b3cf1ae7a1
once-upon-a-time-in-america,Once Upon a Time in America,1984,https://a.ltrbxd.com/resized/film-poster/5/1/7/4/8/51748-once-upon-a-time-in-america-0-230-0-345-crop.jpg?v=803d65b52c
borat-subsequent-moviefilm,Borat Subsequent Moviefilm,2020,https://a.ltrbxd.com/resized/sm/upload/vm/qf/ng/lp/2FE2A140-82B9-48C7-ABD8-6632D4385666-0-230-0-345-crop.jpg?v=e2d1dfedaa
hunt-for-the-wilderpeople,Hunt for the Wilderpeople,2016,https://a.ltrbxd.com/resized/sm/upload/z3/0g/ol/7s/gALeMjf3NlSXy1gbz3eKct1aRhd-0-230-0-345-crop.jpg?v=d2b19175d7
the-fast-and-the-furious-tokyo-drift,The Fast and the Furious: Tokyo Drift,2006,https://a.ltrbxd.com/resized/film-poster/4/6/9/8/6/46986-the-fast-and-the-furious-tokyo-drift-0-230-0-345-crop.jpg?v=d90305bf54
minions,Minions,2015,https://a.ltrbxd.com/resized/film-poster/1/5/0/5/4/1/150541-minions-0-230-0-345-crop.jpg?v=5d8a2bb837
coherence,Coherence,2013,https://a.ltrbxd.com/resized/sm/upload/kp/ay/8h/oo/sDhWq6zSWW95Po5HJCeH0NVyblY-0-230-0-345-crop.jpg?v=a286174883
totally-killer,Totally Killer,2023,https://a.ltrbxd.com/resized/film-poster/8/7/7/3/6/0/877360-totally-killer-0-230-0-345-crop.jpg?v=6d21ed0bed
sleepy-hollow,Sleepy Hollow,1999,https://a.ltrbxd.com/resized/film-poster/5/0/1/5/8/50158-sleepy-hollow-0-230-0-345-crop.jpg?v=2b0876af9c
how-to-train-your-dragon-the-hidden-world,How to Train Your Dragon: The Hidden World,2019,https://a.ltrbxd.com/resized/film-poster/1/2/3/0/6/7/123067-how-to-train-your-dragon-the-hidden-world-0-230-0-345-crop.jpg?v=a50b1e759f
rec,[REC],2007,https://a.ltrbxd.com/resized/sm/upload/wc/8v/37/hl/cOW5Oc3vnjD2QgK68BUvm6GGLZ4-0-230-0-345-crop.jpg?v=afc2876405
under-the-silver-lake,Under the Silver Lake,2018,https://a.ltrbxd.com/resized/film-poster/3/3/0/8/1/0/330810-under-the-silver-lake-0-230-0-345-crop.jpg?v=28f0cabef3
godzilla-2014,Godzilla,2014,https://a.ltrbxd.com/resized/film-poster/9/8/3/3/6/98336-godzilla-0-230-0-345-crop.jpg?v=c1344855a7
chicken-run,Chicken Run,2000,https://a.ltrbxd.com/resized/film-poster/4/8/0/3/3/48033-chicken-run-0-230-0-345-crop.jpg?v=e8ee6a3b20
american-hustle,American Hustle,2013,https://a.ltrbxd.com/resized/film-poster/1/2/4/3/7/9/124379-american-hustle-0-230-0-345-crop.jpg?v=f3d7328b50
suzume,Suzume,2022,https://a.ltrbxd.com/resized/film-poster/8/2/2/2/8/1/822281-suzume-0-230-0-345-crop.jpg?v=fadaf47b7f
are-you-there-god-its-me-margaret,"Are You There God? It's Me, Margaret.",2023,https://a.ltrbxd.com/resized/film-poster/4/8/3/9/5/1/483951-are-you-there-god-it-s-me-margaret--0-230-0-345-crop.jpg?v=cbd73d07a9
la-confidential,L.A. Confidential,1997,https://a.ltrbxd.com/resized/sm/upload/3n/0w/ax/pt/rIXzJCAvyd3Ci8ipylDQ5wUKqwh-0-230-0-345-crop.jpg?v=40685f4e4e
death-on-the-nile-2022,Death on the Nile,2022,https://a.ltrbxd.com/resized/film-poster/4/3/4/9/1/3/434913-death-on-the-nile-0-230-0-345-crop.jpg?v=b202451f0b
mystic-river,Mystic River,2003,https://a.ltrbxd.com/resized/film-poster/5/1/7/3/7/51737-mystic-river-0-230-0-345-crop.jpg?v=7c4cbb89ba
wonder-2017,Wonder,2017,https://a.ltrbxd.com/resized/film-poster/3/4/1/4/4/0/341440-wonder-0-230-0-345-crop.jpg?v=a73db5a6e9
a-haunting-in-venice,A Haunting in Venice,2023,https://a.ltrbxd.com/resized/film-poster/8/5/0/3/7/5/850375-a-haunting-in-venice-0-230-0-345-crop.jpg?v=e6956812f9
the-neon-demon,The Neon Demon,2016,https://a.ltrbxd.com/resized/sm/upload/bq/o8/8y/yr/paofVcjP4QgIruLIqeRKIskpDUw-0-230-0-345-crop.jpg?v=c33585e69f
loving-vincent,Loving Vincent,2017,https://a.ltrbxd.com/resized/film-poster/2/6/9/3/5/8/269358-loving-vincent-0-230-0-345-crop.jpg?v=a66298b3b4
battle-royale,Battle Royale,2000,https://a.ltrbxd.com/resized/film-poster/4/9/8/1/0/49810-battle-royale-0-230-0-345-crop.jpg?v=a625ba98ef
north-by-northwest,North by Northwest,1959,https://a.ltrbxd.com/resized/film-poster/5/1/8/4/3/51843-north-by-northwest-0-230-0-345-crop.jpg?v=b7064eeb7d
paths-of-glory,Paths of Glory,1957,https://a.ltrbxd.com/resized/film-poster/5/1/1/9/4/51194-paths-of-glory-0-230-0-345-crop.jpg?v=fc010f50d8
annie-hall,Annie Hall,1977,https://a.ltrbxd.com/resized/film-poster/5/1/4/2/3/51423-annie-hall-0-230-0-345-crop.jpg?v=1fa63140ef
the-lost-world-jurassic-park,The Lost World: Jurassic Park,1997,https://a.ltrbxd.com/resized/sm/upload/ab/ir/xl/7z/u1fXmEQUCI9CjyHCCYOPBSq2DYo-0-230-0-345-crop.jpg?v=9931b85f00
who-framed-roger-rabbit,Who Framed Roger Rabbit,1988,https://a.ltrbxd.com/resized/film-poster/5/1/2/9/6/51296-who-framed-roger-rabbit-0-230-0-345-crop.jpg?v=b3602a5ccc
evil-dead,Evil Dead,2013,https://a.ltrbxd.com/resized/sm/upload/he/wz/f9/h1/6gtHgAxgemVd3pIQlbg4YoniqEY-0-230-0-345-crop.jpg?v=c86fe09a93
friends-with-benefits,Friends with Benefits,2011,https://a.ltrbxd.com/resized/sm/upload/gx/n5/br/ke/nKhhDFCdzxeJ3GUunQ570LDpUkz-0-230-0-345-crop.jpg?v=58e048fe68
robocop,RoboCop,1987,https://a.ltrbxd.com/resized/sm/upload/dz/ke/a9/9m/robocop-0-230-0-345-crop.jpg?v=46efa9f76c
sing-street,Sing Street,2016,https://a.ltrbxd.com/resized/sm/upload/ks/uk/z5/up/s0C78plmx3dFcO3WMnoXCz56FiN-0-230-0-345-crop.jpg?v=af7d03d32b
lightyear-2022,Lightyear,2022,https://a.ltrbxd.com/resized/film-poster/6/4/1/5/7/4/641574-lightyear-0-230-0-345-crop.jpg?v=e6f722b008
bolt,Bolt,2008,https://a.ltrbxd.com/resized/sm/upload/5q/da/f1/rt/6pTNDqXPPZmN6I5buVeTEnwbjn0-0-230-0-345-crop.jpg?v=ff50fd01d6
thanksgiving-2023,Thanksgiving,2023,https://a.ltrbxd.com/resized/film-poster/9/6/5/3/4/6/965346-thanksgiving-0-230-0-345-crop.jpg?v=f29d222842
night-of-the-living-dead,Night of the Living Dead,1968,https://a.ltrbxd.com/resized/sm/upload/mj/ua/dq/ml/faPfcZ181gWmCoMbal7bAXFPFh9-0-230-0-345-crop.jpg?v=29916e0458
zombieland-double-tap,Zombieland: Double Tap,2019,https://a.ltrbxd.com/resized/film-poster/2/6/8/3/8/0/268380-zombieland-double-tap-0-230-0-345-crop.jpg?v=3bbb3e327b
the-worlds-end,The World's End,2013,https://a.ltrbxd.com/resized/film-poster/8/6/9/9/1/86991-the-world-s-end-0-230-0-345-crop.jpg?v=48a7252f0d
20th-century-women,20th Century Women,2016,https://a.ltrbxd.com/resized/sm/upload/k1/lp/gd/60/mfmOHQRAiypRJQ8uSO7r2ZBVtur-0-230-0-345-crop.jpg?v=cbe8c1bbe4
theater-camp-2023,Theater Camp,2023,https://a.ltrbxd.com/resized/film-poster/8/8/7/6/5/0/887650-theater-camp-0-230-0-345-crop.jpg?v=ba9c77cf10
now-you-see-me-2,Now You See Me 2,2016,https://a.ltrbxd.com/resized/film-poster/2/1/8/0/5/1/218051-now-you-see-me-2-0-230-0-345-crop.jpg?v=b5b3265e19
pirates-of-the-caribbean-dead-men-tell-no-tales,Pirates of the Caribbean: Dead Men Tell No Tales,2017,https://a.ltrbxd.com/resized/film-poster/1/2/3/0/6/6/123066-pirates-of-the-caribbean-dead-men-tell-no-tales-0-230-0-345-crop.jpg?v=67c23b3308
enter-the-void,Enter the Void,2009,https://a.ltrbxd.com/resized/film-poster/2/9/0/4/1/29041-enter-the-void-0-230-0-345-crop.jpg?v=5a7c2754fb
crimson-peak,Crimson Peak,2015,https://a.ltrbxd.com/resized/sm/upload/ab/6v/2r/jl/pCj8zem1NDAODdtvha9WFEB6iWR-0-230-0-345-crop.jpg?v=b019ae9643
the-mist,The Mist,2007,https://a.ltrbxd.com/resized/film-poster/4/8/6/0/2/48602-the-mist-0-230-0-345-crop.jpg?v=925b803013
oceans-twelve,Ocean's Twelve,2004,https://a.ltrbxd.com/resized/film-poster/5/1/8/8/8/51888-ocean-s-twelve-0-230-0-345-crop.jpg?v=762e2eac3c
road-house-2024,Road House,2024,https://a.ltrbxd.com/resized/film-poster/2/9/1/2/1/3/291213-road-house-0-230-0-345-crop.jpg?v=c0d0e95ba3
the-interview-2014,The Interview,2014,https://a.ltrbxd.com/resized/film-poster/1/6/1/0/0/2/161002-the-interview-0-230-0-345-crop.jpg?v=9c3c3bf8ea
chef,Chef,2014,https://a.ltrbxd.com/resized/film-poster/1/5/1/3/0/9/151309-chef-0-230-0-345-crop.jpg?v=e8ec38c88e
the-love-witch,The Love Witch,2016,https://a.ltrbxd.com/resized/sm/upload/aq/32/q4/ke/jDKJ3yHiia0IR1uzIIIL7kUvwhu-0-230-0-345-crop.jpg?v=cedd7a43ca
american-sniper,American Sniper,2014,https://a.ltrbxd.com/resized/film-poster/1/3/7/4/7/6/137476-american-sniper-0-230-0-345-crop.jpg?v=bd4ebfac7c
first-man,First Man,2018,https://a.ltrbxd.com/resized/film-poster/3/0/5/8/1/1/305811-first-man-0-230-0-345-crop.jpg?v=4b9c3337c8
hush-2016,Hush,2016,https://a.ltrbxd.com/resized/sm/upload/uy/c2/ed/fu/khDYdmPFlaTqeLQVD4ds4xC1mIf-0-230-0-345-crop.jpg?v=ae158bcac1
shrek-forever-after,Shrek Forever After,2010,https://a.ltrbxd.com/resized/sm/upload/el/uo/sb/5o/enqVwbUu6OX5LHq0fuk7sLT35zy-0-230-0-345-crop.jpg?v=57ff4362eb
audition,Audition,1999,https://a.ltrbxd.com/resized/sm/upload/d4/v1/sb/mo/uhfPMv88ccK5EfeMCHGgz2EiSSL-0-230-0-345-crop.jpg?v=15541a80bd
the-adam-project,The Adam Project,2022,https://a.ltrbxd.com/resized/film-poster/6/2/0/6/6/5/620665-the-adam-project-0-230-0-345-crop.jpg?v=703f0c7e11
where-the-crawdads-sing,Where the Crawdads Sing,2022,https://a.ltrbxd.com/resized/film-poster/6/0/6/8/8/0/606880-where-the-crawdads-sing-0-230-0-345-crop.jpg?v=914d0bff77
miss-peregrines-home-for-peculiar-children,Miss Peregrine's Home for Peculiar Children,2016,https://a.ltrbxd.com/resized/film-poster/2/0/8/6/6/4/208664-miss-peregrine-s-home-for-peculiar-children-0-230-0-345-crop.jpg?v=d0835b2f50
yi-yi,Yi Yi,2000,https://a.ltrbxd.com/resized/sm/upload/7s/h0/6e/0f/hhsYCYVPy1V0eTjkGNGdvpDO2qk-0-230-0-345-crop.jpg?v=f8d5b0fe80
death-becomes-her,Death Becomes Her,1992,https://a.ltrbxd.com/resized/sm/upload/rq/bc/7v/ac/qBujUtUMenca7C6HzZhd0an0Jg3-0-230-0-345-crop.jpg?v=025c6b1e50
the-ballad-of-buster-scruggs,The Ballad of Buster Scruggs,2018,https://a.ltrbxd.com/resized/film-poster/4/6/7/0/6/1/467061-the-ballad-of-buster-scruggs-0-230-0-345-crop.jpg?v=a101ed196e
fantastic-planet,Fantastic Planet,1973,https://a.ltrbxd.com/resized/film-poster/4/1/6/6/3/41663-fantastic-planet-0-230-0-345-crop.jpg?v=cd9e6f3917
kung-fu-panda-4,Kung Fu Panda 4,2024,https://a.ltrbxd.com/resized/film-poster/9/1/1/1/8/7/911187-kung-fu-panda-4-0-230-0-345-crop.jpg?v=3d7288b4bb
the-secret-world-of-arrietty,The Secret World of Arrietty,2010,https://a.ltrbxd.com/resized/sm/upload/ba/5u/k5/he/arietty-0-230-0-345-crop.jpg?v=c291004a3a
the-guilty-2021,The Guilty,2021,https://a.ltrbxd.com/resized/film-poster/4/9/6/1/9/8/496198-the-guilty-0-230-0-345-crop.jpg?v=3b0d782f54
shark-tale,Shark Tale,2004,https://a.ltrbxd.com/resized/film-poster/4/6/1/1/7/46117-shark-tale-0-230-0-345-crop.jpg?v=cf45b90c76
sausage-party,Sausage Party,2016,https://a.ltrbxd.com/resized/sm/upload/h4/fy/g1/ks/jDeDRLEa8JqB3xmKVy6q3bkmDt6-0-230-0-345-crop.jpg?v=0c90eb6397
the-ring-2002,The Ring,2002,https://a.ltrbxd.com/resized/sm/upload/fi/eb/jh/ni/the-ring-0-230-0-345-crop.jpg?v=e9d1f52d16
whats-eating-gilbert-grape,What's Eating Gilbert Grape,1993,https://a.ltrbxd.com/resized/sm/upload/30/7g/xk/6u/8FxWgsfDNosewo7H65oE4QkOb7g-0-230-0-345-crop.jpg?v=46d29853c0
creed-iii,Creed III,2023,https://a.ltrbxd.com/resized/film-poster/6/0/1/6/2/4/601624-creed-iii-0-230-0-345-crop.jpg?v=0855f08594
the-karate-kid,The Karate Kid,1984,https://a.ltrbxd.com/resized/film-poster/5/0/7/1/8/50718-the-karate-kid-0-230-0-345-crop.jpg?v=afdad7bbc0
morbius,Morbius,2022,https://a.ltrbxd.com/resized/film-poster/4/5/6/3/2/7/456327-morbius-0-230-0-345-crop.jpg?v=0139d15a49
solaris,Solaris,1972,https://a.ltrbxd.com/resized/film-poster/5/1/5/2/8/51528-solaris-0-230-0-345-crop.jpg?v=18b2bcf9ce
terrifier-3,Terrifier 3,2024,https://a.ltrbxd.com/resized/film-poster/9/3/2/7/3/9/932739-terrifier-3-0-230-0-345-crop.jpg?v=6c46b036d1
ikiru,Ikiru,1952,https://a.ltrbxd.com/resized/film-poster/4/9/5/9/5/49595-ikiru-0-230-0-345-crop.jpg?v=3b6666bd18
irreversible,Irreversible,2002,https://a.ltrbxd.com/resized/film-poster/5/1/1/9/0/51190-irreversible-0-230-0-345-crop.jpg?v=65767926de
drive-away-dolls,Drive-Away Dolls,2024,https://a.ltrbxd.com/resized/film-poster/8/6/1/2/5/0/861250-drive-away-dolls-0-230-0-345-crop.jpg?v=2e83bbe648
a-man-called-otto,A Man Called Otto,2022,https://a.ltrbxd.com/resized/film-poster/8/4/2/2/2/1/842221-a-man-called-otto-0-230-0-345-crop.jpg?v=30a264925c
rope,Rope,1948,https://a.ltrbxd.com/resized/film-poster/5/0/9/5/4/50954-rope-0-230-0-345-crop.jpg?v=bd8d1695a5
cloverfield,Cloverfield,2008,https://a.ltrbxd.com/resized/sm/upload/07/hp/61/ut/as01o40tJ2FhtheqeXf7bVZ0EQO-0-230-0-345-crop.jpg?v=08b1fe1af9
the-wicker-man,The Wicker Man,1973,https://a.ltrbxd.com/resized/film-poster/4/1/6/6/2/41662-the-wicker-man-0-230-0-345-crop.jpg?v=1ccafd8db0
poltergeist,Poltergeist,1982,https://a.ltrbxd.com/resized/film-poster/5/1/5/1/2/51512-poltergeist-0-230-0-345-crop.jpg?v=bf882f6595
you-were-never-really-here,You Were Never Really Here,2017,https://a.ltrbxd.com/resized/film-poster/3/3/2/4/3/7/332437-you-were-never-really-here-0-230-0-345-crop.jpg?v=56e5177879
spring-breakers,Spring Breakers,2012,https://a.ltrbxd.com/resized/film-poster/9/6/1/0/9/96109-spring-breakers-0-230-0-345-crop.jpg?v=419b8d6331
renfield,Renfield,2023,https://a.ltrbxd.com/resized/film-poster/5/7/5/2/5/8/575258-renfield-0-230-0-345-crop.jpg?v=cb762c27df
27-dresses,27 Dresses,2008,https://a.ltrbxd.com/resized/film-poster/4/8/2/5/5/48255-27-dresses-0-230-0-345-crop.jpg?v=d632890d91
the-400-blows,The 400 Blows,1959,https://a.ltrbxd.com/resized/film-poster/5/1/9/0/4/51904-the-400-blows-0-230-0-345-crop.jpg?v=25ae7ceb86
rush-hour,Rush Hour,1998,https://a.ltrbxd.com/resized/film-poster/5/0/5/1/7/50517-rush-hour-0-230-0-345-crop.jpg?v=fa0689eb4f
breathless,Breathless,1960,https://a.ltrbxd.com/resized/film-poster/5/1/7/8/7/51787-breathless-0-230-0-345-crop.jpg?v=53a2f150d5
lars-and-the-real-girl,Lars and the Real Girl,2007,https://a.ltrbxd.com/resized/sm/upload/wj/gh/ve/0j/t8CjVSDVT5fy2AMZRwL0l9OCVhG-0-230-0-345-crop.jpg?v=a13f374ec7
the-nun-2018,The Nun,2018,https://a.ltrbxd.com/resized/film-poster/3/7/1/8/4/2/371842-the-nun-0-230-0-345-crop.jpg?v=f5b4ea0e76
a-simple-favor,A Simple Favor,2018,https://a.ltrbxd.com/resized/film-poster/4/1/5/2/0/8/415208-a-simple-favor-0-230-0-345-crop.jpg?v=7ca4056092
sing-2016,Sing,2016,https://a.ltrbxd.com/resized/sm/upload/mn/7p/6m/zn/lW0kUtXTOVlHTVhDO2VzNBACAHX-0-230-0-345-crop.jpg?v=b75340fe68
twister,Twister,1996,https://a.ltrbxd.com/resized/film-poster/5/1/4/6/0/51460-twister-0-230-0-345-crop.jpg?v=fb3e6b239c
happy-together-1997,Happy Together,1997,https://a.ltrbxd.com/resized/sm/upload/4w/sy/nq/o5/qrpUybe97xNRYk63TryiwbItoAV-0-230-0-345-crop.jpg?v=064ed91055
cuckoo-2024,Cuckoo,2024,https://a.ltrbxd.com/resized/film-poster/7/8/1/2/2/3/781223-cuckoo-0-230-0-345-crop.jpg?v=0f8477b292
venom-the-last-dance,Venom: The Last Dance,2024,https://a.ltrbxd.com/resized/film-poster/8/1/9/3/2/0/819320-venom-the-last-dance-0-230-0-345-crop.jpg?v=6a049e8f65
blue-is-the-warmest-color,Blue Is the Warmest Color,2013,https://a.ltrbxd.com/resized/film-poster/1/1/4/5/7/6/114576-blue-is-the-warmest-color-0-230-0-345-crop.jpg?v=039edf9ea6
one-day-2011,One Day,2011,https://a.ltrbxd.com/resized/sm/upload/i4/v9/0k/7z/aj9ue9uPAc1iMkmro0qWHS76Isu-0-230-0-345-crop.jpg?v=7b306bf9d8
insomnia-2002,Insomnia,2002,https://a.ltrbxd.com/resized/film-poster/5/1/7/3/9/51739-insomnia-0-230-0-345-crop.jpg?v=d843de8189
fear-street-1666,Fear Street: 1666,2021,https://a.ltrbxd.com/resized/film-poster/5/1/8/7/8/9/518789-fear-street-1666-0-230-0-345-crop.jpg?v=85d9173b4c
jumanji-the-next-level,Jumanji: The Next Level,2019,https://a.ltrbxd.com/resized/film-poster/4/4/1/8/6/2/441862-jumanji-the-next-level-0-230-0-345-crop.jpg?v=f233388973
the-bling-ring,The Bling Ring,2013,https://a.ltrbxd.com/resized/film-poster/7/9/8/9/3/79893-the-bling-ring-0-230-0-345-crop.jpg?v=b9409f8bdc
high-school-musical-2,High School Musical 2,2007,https://a.ltrbxd.com/resized/film-poster/4/3/7/1/3/43713-high-school-musical-2-0-230-0-345-crop.jpg?v=51c07784d5
life-of-brian,Life of Brian,1979,https://a.ltrbxd.com/resized/sm/upload/ui/oc/sh/aa/wEgm6iVOD4afMlEo1VGi3Yz0cmd-0-230-0-345-crop.jpg?v=84c2b92572
point-break,Point Break,1991,https://a.ltrbxd.com/resized/film-poster/5/1/1/5/7/51157-point-break-0-230-0-345-crop.jpg?v=3cd33a67b2
fantastic-beasts-the-secrets-of-dumbledore,Fantastic Beasts: The Secrets of Dumbledore,2022,https://a.ltrbxd.com/resized/film-poster/2/6/8/3/6/6/268366-fantastic-beasts-the-secrets-of-dumbledore-0-230-0-345-crop.jpg?v=9f87b69904
the-deer-hunter,The Deer Hunter,1978,https://a.ltrbxd.com/resized/sm/upload/16/v3/46/iu/slNJESItHPqp1CENEJQUPw8d7WE-0-230-0-345-crop.jpg?v=55162bb367
raising-arizona,Raising Arizona,1987,https://a.ltrbxd.com/resized/film-poster/5/1/7/0/7/51707-raising-arizona-0-230-0-345-crop.jpg?v=4a10e2c93f
cmon-cmon,C'mon C'mon,2021,https://a.ltrbxd.com/resized/film-poster/5/5/8/8/0/6/558806-c-mon-c-mon-0-230-0-345-crop.jpg?v=edbb87ba0a
mrs-doubtfire,Mrs. Doubtfire,1993,https://a.ltrbxd.com/resized/film-poster/5/1/3/6/4/51364-mrs-doubtfire-0-230-0-345-crop.jpg?v=f30c65a693
127-hours,127 Hours,2010,https://a.ltrbxd.com/resized/film-poster/2/1/0/5/0/21050-127-hours-0-230-0-345-crop.jpg?v=00379b4446
gran-torino,Gran Torino,2008,https://a.ltrbxd.com/resized/sm/upload/il/wm/1v/to/9ip2LgCyVMdovhJqY4mttTWfyo6-0-230-0-345-crop.jpg?v=64938979ef
the-lost-boys,The Lost Boys,1987,https://a.ltrbxd.com/resized/sm/upload/8m/l0/fg/b6/b4ky5hvgGwgYDZFq2NoEYGbZB2x-0-230-0-345-crop.jpg?v=9eeb8962a6
alien-3,Alien³,1992,https://a.ltrbxd.com/resized/film-poster/4/7/8/8/8/47888-alien-0-230-0-345-crop.jpg?v=8b2645e0e9
damsel-2024,Damsel,2024,https://a.ltrbxd.com/resized/film-poster/6/8/3/4/5/1/683451-damsel-0-230-0-345-crop.jpg?v=c22af16d0a
brazil,Brazil,1985,https://a.ltrbxd.com/resized/film-poster/5/1/9/8/1/51981-brazil-0-230-0-345-crop.jpg?v=cc28feee48
blue-beetle,Blue Beetle,2023,https://a.ltrbxd.com/resized/film-poster/4/9/4/2/4/8/494248-blue-beetle-0-230-0-345-crop.jpg?v=6368aaa0ca
me-and-earl-and-the-dying-girl,Me and Earl and the Dying Girl,2015,https://a.ltrbxd.com/resized/film-poster/2/3/5/4/8/0/235480-me-and-earl-and-the-dying-girl-0-230-0-345-crop.jpg?v=6b44d79a3d
they-live,They Live,1988,https://a.ltrbxd.com/resized/film-poster/4/7/7/9/8/47798-they-live-0-230-0-345-crop.jpg?v=816bf826a0
la-chimera,La Chimera,2023,https://a.ltrbxd.com/resized/film-poster/7/5/2/6/2/6/752626-la-chimera-0-230-0-345-crop.jpg?v=8f8cf76e33
the-intern-2015,The Intern,2015,https://a.ltrbxd.com/resized/film-poster/1/8/0/9/8/2/180982-the-intern-0-230-0-345-crop.jpg?v=305de9a810
speed,Speed,1994,https://a.ltrbxd.com/resized/film-poster/5/0/9/0/4/50904-speed-0-230-0-345-crop.jpg?v=08424df13d
the-visit-2015,The Visit,2015,https://a.ltrbxd.com/resized/film-poster/2/2/5/4/3/7/225437-the-visit-0-230-0-345-crop.jpg?v=af0f1530d4
set-it-up,Set It Up,2018,https://a.ltrbxd.com/resized/film-poster/3/1/9/5/5/0/319550-set-it-up-0-230-0-345-crop.jpg?v=ed5f6e4d77
the-aviator,The Aviator,2004,https://a.ltrbxd.com/resized/sm/upload/3e/ft/n3/pz/y7TLJzyaz5ILCPqqvoJoVK0zfD3-0-230-0-345-crop.jpg?v=7d8d7fc76e
lion,Lion,2016,https://a.ltrbxd.com/resized/film-poster/2/6/3/2/2/2/263222-lion-0-230-0-345-crop.jpg?v=1311804f8d
the-bourne-identity-2002,The Bourne Identity,2002,https://a.ltrbxd.com/resized/film-poster/5/0/2/2/5/50225-the-bourne-identity-0-230-0-345-crop.jpg?v=84a1e28f00
maze-runner-the-scorch-trials,Maze Runner: The Scorch Trials,2015,https://a.ltrbxd.com/resized/film-poster/2/2/1/2/3/2/221232-maze-runner-the-scorch-trials-0-230-0-345-crop.jpg?v=d0d409ed40
the-lost-daughter-2021,The Lost Daughter,2021,https://a.ltrbxd.com/resized/film-poster/4/8/3/0/0/8/483008-the-lost-daughter-0-230-0-345-crop.jpg?v=d94060af3e
i-saw-the-devil,I Saw the Devil,2010,https://a.ltrbxd.com/resized/sm/upload/m3/dw/c1/xn/4o52BPrgvq7b2xFy1OdVSIoIn1T-0-230-0-345-crop.jpg?v=7cdd6fab3f
look-back-2024,Look Back,2024,https://a.ltrbxd.com/resized/film-poster/1/1/2/7/6/6/9/1127669-look-back-0-230-0-345-crop.jpg?v=6a67407577
the-lorax-2012,The Lorax,2012,https://a.ltrbxd.com/resized/film-poster/6/0/0/2/7/60027-the-lorax-0-230-0-345-crop.jpg?v=917a04f655
roman-holiday,Roman Holiday,1953,https://a.ltrbxd.com/resized/film-poster/5/1/3/4/8/51348-roman-holiday-0-230-0-345-crop.jpg?v=7329a156b1
rashomon,Rashomon,1950,https://a.ltrbxd.com/resized/film-poster/5/1/5/7/0/51570-rashomon-0-230-0-345-crop.jpg?v=f8eb7c45da
rio-2011,Rio,2011,https://a.ltrbxd.com/resized/film-poster/1/9/1/2/2/19122-rio-0-230-0-345-crop.jpg?v=dd4c1aac72
an-american-werewolf-in-london,An American Werewolf in London,1981,https://a.ltrbxd.com/resized/film-poster/5/1/3/3/8/51338-an-american-werewolf-in-london-0-230-0-345-crop.jpg?v=20aaa45d61
ran,Ran,1985,https://a.ltrbxd.com/resized/sm/upload/h6/yo/p7/1t/ran-0-230-0-345-crop.jpg?v=3cabb176dc
king-richard,King Richard,2021,https://a.ltrbxd.com/resized/film-poster/5/4/1/9/9/8/541998-king-richard-0-230-0-345-crop.jpg?v=7d41c2c664
hustle-2022,Hustle,2022,https://a.ltrbxd.com/resized/film-poster/6/2/9/3/7/6/629376-hustle-0-230-0-345-crop.jpg?v=953511f8ad
bruce-almighty,Bruce Almighty,2003,https://a.ltrbxd.com/resized/film-poster/5/1/7/4/9/51749-bruce-almighty-0-230-0-345-crop.jpg?v=23d0b1d321
independence-day,Independence Day,1996,https://a.ltrbxd.com/resized/sm/upload/7q/v8/7h/61/bqLlWZJdhrS0knfEJRkquW7L8z2-0-230-0-345-crop.jpg?v=668fcae5df
silence,Silence,2016,https://a.ltrbxd.com/resized/film-poster/5/2/5/0/4/52504-silence-0-230-0-345-crop.jpg?v=b1740fd4a3
sin-city,Sin City,2005,https://a.ltrbxd.com/resized/film-poster/5/1/8/6/5/51865-sin-city-0-230-0-345-crop.jpg?v=7b08e32379
red-notice,Red Notice,2021,https://a.ltrbxd.com/resized/film-poster/4/4/1/8/5/8/441858-red-notice-0-230-0-345-crop.jpg?v=d2c7c01ef2
once-upon-a-time-in-the-west,Once Upon a Time in the West,1968,https://a.ltrbxd.com/resized/sm/upload/vz/7i/ka/ys/6ED4Wr2vgOc7yPiXIqovwLiQfCl-0-230-0-345-crop.jpg?v=3da900f744
war-dogs-2016,War Dogs,2016,https://a.ltrbxd.com/resized/sm/upload/7b/d2/2z/ef/aqhAqttDq7zgsTaBHtCD8wmTk6k-0-230-0-345-crop.jpg?v=b1d4ca3acb
moon,Moon,2009,https://a.ltrbxd.com/resized/sm/upload/1z/15/kh/dw/ydmC5WsPEhMZKV7VwQ8jT8hQLlc-0-230-0-345-crop.jpg?v=4343a06e20
space-jam,Space Jam,1996,https://a.ltrbxd.com/resized/sm/upload/2r/nv/5b/ef/bJhVLribUKCrKv1h1WFqv4QmRWM-0-230-0-345-crop.jpg?v=9a1c4350c3
spree-2020,Spree,2020,https://a.ltrbxd.com/resized/film-poster/5/7/9/0/2/3/579023-spree-0-230-0-345-crop.jpg?v=77ee88fd3a
didi-2024,Dìdi (弟弟),2024,https://a.ltrbxd.com/resized/film-poster/1/0/4/5/1/1/5/1045115-didi--0-230-0-345-crop.jpg?v=e65b2443a7
cars-3,Cars 3,2017,https://a.ltrbxd.com/resized/film-poster/1/8/4/0/6/2/184062-cars-3-0-230-0-345-crop.jpg?v=c1813ef2ec
kung-fu-panda-3,Kung Fu Panda 3,2016,https://a.ltrbxd.com/resized/sm/upload/l0/ym/x8/kn/zb0wDV7TZesz0Crq1e8j0unbzQ1-0-230-0-345-crop.jpg?v=4cd90121c1
my-old-ass,My Old Ass,2024,https://a.ltrbxd.com/resized/film-poster/8/5/2/5/3/1/852531-my-old-ass-0-230-0-345-crop.jpg?v=2b684502b7
dark-phoenix,Dark Phoenix,2019,https://a.ltrbxd.com/resized/film-poster/2/4/7/3/8/5/247385-dark-phoenix-0-230-0-345-crop.jpg?v=bfbcfb3540
candyman-2021,Candyman,2021,https://a.ltrbxd.com/resized/film-poster/4/9/3/4/4/1/493441-candyman-0-230-0-345-crop.jpg?v=6b8fde38f5
alita-battle-angel,Alita: Battle Angel,2019,https://a.ltrbxd.com/resized/film-poster/3/3/3/8/3/2/333832-alita-battle-angel-0-230-0-345-crop.jpg?v=6aacab4c13
godzilla-king-of-the-monsters-2019,Godzilla: King of the Monsters,2019,https://a.ltrbxd.com/resized/film-poster/3/0/9/1/0/7/309107-godzilla-king-of-the-monsters-0-230-0-345-crop.jpg?v=d6625b756a
natural-born-killers,Natural Born Killers,1994,https://a.ltrbxd.com/resized/film-poster/5/1/8/1/5/51815-natural-born-killers-0-230-0-345-crop.jpg?v=9b5fec11e1
mission-impossible-iii,Mission: Impossible III,2006,https://a.ltrbxd.com/resized/film-poster/5/1/2/0/4/51204-mission-impossible-iii-0-230-0-345-crop.jpg?v=486f81c47d
robots,Robots,2005,https://a.ltrbxd.com/resized/film-poster/4/6/7/0/6/46706-robots-0-230-0-345-crop.jpg?v=36362bdbea
2-fast-2-furious,2 Fast 2 Furious,2003,https://a.ltrbxd.com/resized/film-poster/5/1/5/3/6/51536-2-fast-2-furious-0-230-0-345-crop.jpg?v=63379fdd8d
close-encounters-of-the-third-kind,Close Encounters of the Third Kind,1977,https://a.ltrbxd.com/resized/sm/upload/4j/8g/do/5y/3Av8ZPiMrxFq9XiOjZl0tkoq9Oo-0-230-0-345-crop.jpg?v=de312c03b7
crimes-of-the-future-2022,Crimes of the Future,2022,https://a.ltrbxd.com/resized/film-poster/7/3/6/3/1/8/736318-crimes-of-the-future-0-230-0-345-crop.jpg?v=ae8a4b1603
mirror,Mirror,1975,https://a.ltrbxd.com/resized/film-poster/5/1/0/6/4/51064-mirror-0-230-0-345-crop.jpg?v=88898b6c6e
pocahontas,Pocahontas,1995,https://a.ltrbxd.com/resized/sm/upload/9l/z0/ae/2v/kZ1ft0QZ4e3zDUPMBftEkwI9ftd-0-230-0-345-crop.jpg?v=f59ca3fb9d
taken,Taken,2008,https://a.ltrbxd.com/resized/film-poster/4/7/6/4/8/47648-taken-0-230-0-345-crop.jpg?v=e4d86bfd68
lolita,Lolita,1962,https://a.ltrbxd.com/resized/film-poster/5/1/3/5/0/51350-lolita-0-230-0-345-crop.jpg?v=674373a926
american-pie,American Pie,1999,https://a.ltrbxd.com/resized/film-poster/5/0/5/2/1/50521-american-pie-0-230-0-345-crop.jpg?v=fdda0fda98
the-da-vinci-code,The Da Vinci Code,2006,https://a.ltrbxd.com/resized/sm/upload/z4/t4/e8/sa/3hM1jR5zoee8h9sV5IxmcFt0gbZ-0-230-0-345-crop.jpg?v=fbb523bbbd
blade,Blade,1998,https://a.ltrbxd.com/resized/film-poster/2/7/7/3/0/27730-blade-0-230-0-345-crop.jpg?v=c6c4275ae2
the-tragedy-of-macbeth,The Tragedy of Macbeth,2021,https://a.ltrbxd.com/resized/film-poster/5/1/9/0/5/2/519052-the-tragedy-of-macbeth-0-230-0-345-crop.jpg?v=2feba2c908
bicycle-thieves,Bicycle Thieves,1948,https://a.ltrbxd.com/resized/film-poster/4/8/9/3/0/48930-bicycle-thieves-0-230-0-345-crop.jpg?v=274fd27e34
the-tale-of-the-princess-kaguya,The Tale of The Princess Kaguya,2013,https://a.ltrbxd.com/resized/film-poster/1/1/2/9/5/6/112956-the-tale-of-the-princess-kaguya-0-230-0-345-crop.jpg?v=2f4295660e
true-grit-2010,True Grit,2010,https://a.ltrbxd.com/resized/film-poster/2/0/9/0/8/20908-true-grit-0-230-0-345-crop.jpg?v=059be06447
inherent-vice,Inherent Vice,2014,https://a.ltrbxd.com/resized/film-poster/1/2/5/8/3/0/125830-inherent-vice-0-230-0-345-crop.jpg?v=342795552c
the-host,The Host,2006,https://a.ltrbxd.com/resized/film-poster/5/1/1/2/5/51125-the-host-0-230-0-345-crop.jpg?v=98f2d8c268
the-muppet-christmas-carol,The Muppet Christmas Carol,1992,https://a.ltrbxd.com/resized/film-poster/4/6/2/3/1/46231-the-muppet-christmas-carol-0-230-0-345-crop.jpg?v=f16d842c57
hell-or-high-water,Hell or High Water,2016,https://a.ltrbxd.com/resized/sm/upload/os/sk/tr/0a/6YOrNBdoXvT8aC5VPLkkN6t5z0V-0-230-0-345-crop.jpg?v=ae04fa804c
vivarium,Vivarium,2019,https://a.ltrbxd.com/resized/film-poster/3/9/0/1/3/9/390139-vivarium-0-230-0-345-crop.jpg?v=013b2fca58
brother-bear,Brother Bear,2003,https://a.ltrbxd.com/resized/film-poster/4/6/6/3/3/46633-brother-bear-0-230-0-345-crop.jpg?v=fbd33ac429
three-colours-blue,Three Colours: Blue,1993,https://a.ltrbxd.com/resized/film-poster/5/1/9/4/2/51942-three-colors-blue-0-230-0-345-crop.jpg?v=2f5ab6d19e
the-crow,The Crow,1994,https://a.ltrbxd.com/resized/film-poster/4/7/1/0/4/47104-the-crow-0-230-0-345-crop.jpg?v=ee1947baad
from-dusk-till-dawn,From Dusk Till Dawn,1996,https://a.ltrbxd.com/resized/film-poster/5/1/3/9/7/51397-from-dusk-till-dawn-0-230-0-345-crop.jpg?v=8cdce617f0
mission-impossible-ii,Mission: Impossible II,2000,https://a.ltrbxd.com/resized/sm/upload/67/p1/1d/1m/MnK1Kn8cFcORYT8pIIexPUwLfW-0-230-0-345-crop.jpg?v=9f1c48e1b3
cleo-from-5-to-7,Cléo from 5 to 7,1962,https://a.ltrbxd.com/resized/film-poster/5/1/6/1/1/51611-cleo-from-5-to-7-0-230-0-345-crop.jpg?v=57e2214b3d
national-lampoons-christmas-vacation,National Lampoon's Christmas Vacation,1989,https://a.ltrbxd.com/resized/film-poster/4/8/6/3/8/48638-national-lampoon-s-christmas-vacation-0-230-0-345-crop.jpg?v=e91c94d094
ghostbusters-afterlife,Ghostbusters: Afterlife,2021,https://a.ltrbxd.com/resized/film-poster/3/5/9/3/4/9/359349-ghostbusters-afterlife-0-230-0-345-crop.jpg?v=b306cafe34
halloween-kills,Halloween Kills,2021,https://a.ltrbxd.com/resized/film-poster/5/3/7/2/2/8/537228-halloween-kills-0-230-0-345-crop.jpg?v=d46cec8106
in-time,In Time,2011,https://a.ltrbxd.com/resized/film-poster/1/6/0/8/2/16082-in-time-0-230-0-345-crop.jpg?v=48a150559c
childs-play,Child's Play,1988,https://a.ltrbxd.com/resized/film-poster/4/6/0/8/7/46087-child-s-play-0-230-0-345-crop.jpg?v=cc6f984b42
sonic-the-hedgehog-2,Sonic the Hedgehog 2,2022,https://a.ltrbxd.com/resized/film-poster/6/0/0/1/0/3/600103-sonic-the-hedgehog-2-0-230-0-345-crop.jpg?v=a173df230c
skinamarink,Skinamarink,2022,https://a.ltrbxd.com/resized/film-poster/8/9/5/1/3/0/895130-skinamarink-0-230-0-345-crop.jpg?v=fa79a136c6
army-of-darkness,Army of Darkness,1992,https://a.ltrbxd.com/resized/sm/upload/a7/6d/2x/pn/z7jxLTbnDx4tmLprfClKoUvOPmF-0-230-0-345-crop.jpg?v=80ad22d392
fantastic-four-2005,Fantastic Four,2005,https://a.ltrbxd.com/resized/film-poster/4/6/8/6/9/46869-fantastic-four-0-230-0-345-crop.jpg?v=5c17ff9e78
dinner-in-america,Dinner in America,2020,https://a.ltrbxd.com/resized/film-poster/5/7/9/0/5/2/579052-dinner-in-america-0-230-0-345-crop.jpg?v=15a53313fc
the-lovely-bones,The Lovely Bones,2009,https://a.ltrbxd.com/resized/film-poster/4/7/9/4/2/47942-the-lovely-bones-0-230-0-345-crop.jpg?v=00e1e13849
gattaca,Gattaca,1997,https://a.ltrbxd.com/resized/film-poster/5/1/3/7/0/51370-gattaca-0-230-0-345-crop.jpg?v=a0ca9198ff
panic-room,Panic Room,2002,https://a.ltrbxd.com/resized/sm/upload/f2/vz/w1/kw/cLwfIWHGjXXrtVgaww33RbIR4Dh-0-230-0-345-crop.jpg?v=9b09061843
mary-poppins,Mary Poppins,1964,https://a.ltrbxd.com/resized/sm/upload/u3/4q/88/zi/ei8hhYCMfURfPOXKBnyl61be2iV-0-230-0-345-crop.jpg?v=64a5b86293
see-how-they-run-2022,See How They Run,2022,https://a.ltrbxd.com/resized/film-poster/6/8/6/5/1/0/686510-see-how-they-run-0-230-0-345-crop.jpg?v=6f39272362
love-other-drugs,Love & Other Drugs,2010,https://a.ltrbxd.com/resized/film-poster/2/1/8/0/1/21801-love-other-drugs-0-230-0-345-crop.jpg?v=08511b998f
youve-got-mail,You've Got Mail,1998,https://a.ltrbxd.com/resized/film-poster/4/7/1/0/9/47109-you-ve-got-mail-0-230-0-345-crop.jpg?v=4a6ca4dba1
fall-2022,Fall,2022,https://a.ltrbxd.com/resized/film-poster/8/8/7/6/2/1/887621-fall-0-230-0-345-crop.jpg?v=6bf31e9474
cape-fear-1991,Cape Fear,1991,https://a.ltrbxd.com/resized/sm/upload/wc/jb/p9/ds/cape-fear-0-230-0-345-crop.jpg?v=6e148eef07
pitch-perfect-2,Pitch Perfect 2,2015,https://a.ltrbxd.com/resized/film-poster/1/7/8/2/8/2/178282-pitch-perfect-2-0-230-0-345-crop.jpg?v=c4530d149e
the-peanut-butter-falcon,The Peanut Butter Falcon,2019,https://a.ltrbxd.com/resized/sm/upload/oq/hs/fz/xj/qyQcRGvdW3VtxHR4fSDgPOePEip-0-230-0-345-crop.jpg?v=286844cae3
chicken-little-2005,Chicken Little,2005,https://a.ltrbxd.com/resized/sm/upload/qd/pr/6y/e2/iLMALbInUmbNn1tHmxJEWm5MyjP-0-230-0-345-crop.jpg?v=060decb487
mad-max,Mad Max,1979,https://a.ltrbxd.com/resized/film-poster/4/6/9/4/2/46942-mad-max-0-230-0-345-crop.jpg?v=677bca879a
women-talking,Women Talking,2022,https://a.ltrbxd.com/resized/film-poster/6/9/6/3/1/0/696310-women-talking-0-230-0-345-crop.jpg?v=86d892ac55
maze-runner-the-death-cure,Maze Runner: The Death Cure,2018,https://a.ltrbxd.com/resized/film-poster/2/6/6/1/3/2/266132-maze-runner-the-death-cure-0-230-0-345-crop.jpg?v=ea8eaf5ae5
miss-congeniality,Miss Congeniality,2000,https://a.ltrbxd.com/resized/film-poster/5/1/0/0/6/51006-miss-congeniality-0-230-0-345-crop.jpg?v=e79d873290
just-go-with-it,Just Go with It,2011,https://a.ltrbxd.com/resized/film-poster/1/5/1/4/3/15143-just-go-with-it-0-230-0-345-crop.jpg?v=603d5fb33a
office-space,Office Space,1999,https://a.ltrbxd.com/resized/film-poster/5/0/9/9/1/50991-office-space-0-230-0-345-crop.jpg?v=ecc49b2fbf
the-meg,The Meg,2018,https://a.ltrbxd.com/resized/film-poster/2/7/6/2/9/1/276291-the-meg-0-230-0-345-crop.jpg?v=55a1bb2539
all-about-my-mother,All About My Mother,1999,https://a.ltrbxd.com/resized/sm/upload/b3/fr/od/2f/jopVQl2gYGPeSfEfDX9ZktlG0In-0-230-0-345-crop.jpg?v=355ee6a895
the-wailing,The Wailing,2016,https://a.ltrbxd.com/resized/film-poster/2/2/0/5/5/6/220556-the-wailing-0-230-0-345-crop.jpg?v=4c008fcbc3
the-dreamers,The Dreamers,2003,https://a.ltrbxd.com/resized/sm/upload/lr/y5/2n/1c/7ABcfmXQZeCXl5sNrDuLS1URMPN-0-230-0-345-crop.jpg?v=982f67cff6
paterson,Paterson,2016,https://a.ltrbxd.com/resized/sm/upload/ki/j6/o2/2a/steNZE5bgKiHb3AeLQNIl1j8YAS-0-230-0-345-crop.jpg?v=5a46866305
red-eye,Red Eye,2005,https://a.ltrbxd.com/resized/film-poster/4/5/2/8/2/45282-red-eye-0-230-0-345-crop.jpg?v=7d7fb89685
ai-artificial-intelligence,A.I. Artificial Intelligence,2001,https://a.ltrbxd.com/resized/film-poster/5/1/4/8/0/51480-a-i-artificial-intelligence-0-230-0-345-crop.jpg?v=cce766abd8
hustlers-2019,Hustlers,2019,https://a.ltrbxd.com/resized/film-poster/4/6/9/9/7/1/469971-hustlers-0-230-0-345-crop.jpg?v=f758510a90
platoon,Platoon,1986,https://a.ltrbxd.com/resized/sm/upload/ty/tq/ny/c9/aXRkPBQr7ZF59ZSx7AOYHUYTXjH-0-230-0-345-crop.jpg?v=47090981cc
constantine,Constantine,2005,https://a.ltrbxd.com/resized/film-poster/5/1/5/5/7/51557-constantine-0-230-0-345-crop.jpg?v=4d97045756
treasure-planet,Treasure Planet,2002,https://a.ltrbxd.com/resized/sm/upload/wp/rr/cv/ib/ywx63JcoVMLJVupUb7kcEvPoF0s-0-230-0-345-crop.jpg?v=a4ac82f200
ferrari-2023,Ferrari,2023,https://a.ltrbxd.com/resized/film-poster/3/0/1/5/5/2/301552-ferrari-0-230-0-345-crop.jpg?v=dec8f086d1
saint-maud,Saint Maud,2019,https://a.ltrbxd.com/resized/sm/upload/8i/fl/ux/x4/uQjxpEYktu36ZiWKfn0t0FySmXl-0-230-0-345-crop.jpg?v=adf9e62e9b
the-kings-man,The King's Man,2021,https://a.ltrbxd.com/resized/film-poster/4/0/7/8/5/5/407855-the-king-s-man-0-230-0-345-crop.jpg?v=2e3a40da08
the-cabinet-of-dr-caligari-1920,The Cabinet of Dr. Caligari,1920,https://a.ltrbxd.com/resized/film-poster/5/1/8/2/2/51822-the-cabinet-of-dr-caligari-0-230-0-345-crop.jpg?v=385b332ed8
madagascar-escape-2-africa,Madagascar: Escape 2 Africa,2008,https://a.ltrbxd.com/resized/film-poster/4/6/1/4/5/46145-madagascar-escape-2-africa-0-230-0-345-crop.jpg?v=92f4a1b4a1
tangerine,Tangerine,2015,https://a.ltrbxd.com/resized/film-poster/2/3/4/8/1/4/234814-tangerine-0-230-0-345-crop.jpg?v=98d18138c1
blonde-2022,Blonde,2022,https://a.ltrbxd.com/resized/film-poster/2/2/8/5/9/4/228594-blonde-0-230-0-345-crop.jpg?v=7d0ba051a3
percy-jackson-the-olympians-the-lightning-thief,Percy Jackson & the Olympians: The Lightning Thief,2010,https://a.ltrbxd.com/resized/film-poster/3/0/2/6/4/30264-percy-jackson-the-olympians-the-lightning-thief-0-230-0-345-crop.jpg?v=a87204f8e1
paranormal-activity,Paranormal Activity,2007,https://a.ltrbxd.com/resized/sm/upload/b7/gq/eb/td/aZFREpbTtX47axpa2bUaKy3669Y-0-230-0-345-crop.jpg?v=7211900bd1
quantum-of-solace,Quantum of Solace,2008,https://a.ltrbxd.com/resized/film-poster/4/5/9/1/8/45918-quantum-of-solace-0-230-0-345-crop.jpg?v=0f9d245225
king-kong-2005,King Kong,2005,https://a.ltrbxd.com/resized/sm/upload/jb/d6/wt/v2/ueMFrWi2NTqvpDAUWh5lSewai8Q-0-230-0-345-crop.jpg?v=df351e2420
the-lost-city-2022,The Lost City,2022,https://a.ltrbxd.com/resized/film-poster/6/7/3/4/7/4/673474-the-lost-city-0-230-0-345-crop.jpg?v=adc61a529d
missing-2023,Missing,2023,https://a.ltrbxd.com/resized/film-poster/6/8/8/0/8/8/688088-missing-0-230-0-345-crop.jpg?v=4f8c500ef6
true-romance,True Romance,1993,https://a.ltrbxd.com/resized/film-poster/5/1/7/4/0/51740-true-romance-0-230-0-345-crop.jpg?v=1ca7826d01
cinderella,Cinderella,1950,https://a.ltrbxd.com/resized/sm/upload/v2/rx/es/za/2wlK3RvdWK3zcyDYd5lUB5r4XMe-0-230-0-345-crop.jpg?v=5e0bf1e2f8
ice-age-the-meltdown,Ice Age: The Meltdown,2006,https://a.ltrbxd.com/resized/sm/upload/mo/zt/u1/sw/eEyTnhc3V5ggDaShQocn03gKRzu-0-230-0-345-crop.jpg?v=85ce364fd1
primal-fear,Primal Fear,1996,https://a.ltrbxd.com/resized/film-poster/5/0/9/4/2/50942-primal-fear-0-230-0-345-crop.jpg?v=8e664558ef
emilia-perez,Emilia Pérez,2024,https://a.ltrbxd.com/resized/film-poster/8/7/7/6/0/8/877608-emilia-perez-0-230-0-345-crop.jpg?v=cc7782128e
the-fallout,The Fallout,2021,https://a.ltrbxd.com/resized/film-poster/7/1/3/1/7/8/713178-the-fallout-0-230-0-345-crop.jpg?v=07975833d7
argylle,Argylle,2024,https://a.ltrbxd.com/resized/film-poster/7/6/3/1/6/0/763160-argylle-0-230-0-345-crop.jpg?v=82c014880d
the-princess-diaries-2-royal-engagement,The Princess Diaries 2: Royal Engagement,2004,https://a.ltrbxd.com/resized/sm/upload/r6/9y/js/f0/w9Z7A0GHEhIp7etpj0vyKOeU1Wx-0-230-0-345-crop.jpg?v=8bcd8320c6
the-devils-advocate,The Devil's Advocate,1997,https://a.ltrbxd.com/resized/film-poster/5/0/7/8/0/50780-the-devil-s-advocate-0-230-0-345-crop.jpg?v=3e200616d7
kubo-and-the-two-strings,Kubo and the Two Strings,2016,https://a.ltrbxd.com/resized/film-poster/2/4/0/0/6/8/240068-kubo-and-the-two-strings-0-230-0-345-crop.jpg?v=0ff2eecb8b
saturday-night-2024,Saturday Night,2024,https://a.ltrbxd.com/resized/film-poster/1/0/1/0/6/8/3/1010683-saturday-night-0-230-0-345-crop.jpg?v=f4857efc36
crash,Crash,1996,https://a.ltrbxd.com/resized/sm/upload/h5/38/gr/q3/4PDLGJsS5uVBQlYjLMZ7t85dU0P-0-230-0-345-crop.jpg?v=9e90b06a02
hairspray-2007,Hairspray,2007,https://a.ltrbxd.com/resized/film-poster/4/9/9/8/3/49983-hairspray-0-230-0-345-crop.jpg?v=9a1698a437
dumb-and-dumber,Dumb and Dumber,1994,https://a.ltrbxd.com/resized/sm/upload/72/oe/b4/no/st4P2TtPrAfNwu8HLXoPsPPii42-0-230-0-345-crop.jpg?v=b9b04f9e8b
cruel-intentions,Cruel Intentions,1999,https://a.ltrbxd.com/resized/film-poster/5/1/3/5/6/51356-cruel-intentions-0-230-0-345-crop.jpg?v=2f669d4209
gran-turismo,Gran Turismo,2023,https://a.ltrbxd.com/resized/film-poster/8/8/2/7/1/8/882718-gran-turismo-0-230-0-345-crop.jpg?v=78ec370927
the-blind-side,The Blind Side,2009,https://a.ltrbxd.com/resized/sm/upload/et/lu/jq/mu/the-blind-side-0-230-0-345-crop.jpg?v=075ead1c26
erin-brockovich,Erin Brockovich,2000,https://a.ltrbxd.com/resized/film-poster/5/1/6/4/0/51640-erin-brockovich-0-230-0-345-crop.jpg?v=6d5ed6af13
dune,Dune,1984,https://a.ltrbxd.com/resized/sm/upload/e9/3l/l6/pt/dune-0-230-0-345-crop.jpg?v=a79bf8b4f6
unforgiven,Unforgiven,1992,https://a.ltrbxd.com/resized/sm/upload/jm/nq/0c/ke/9oPodyvCWyPMZJDjg29tBfFRwtG-0-230-0-345-crop.jpg?v=9afed9f6aa
total-recall,Total Recall,1990,https://a.ltrbxd.com/resized/film-poster/5/1/2/9/1/51291-total-recall-0-230-0-345-crop.jpg?v=85f262b6c9
murder-mystery,Murder Mystery,2019,https://a.ltrbxd.com/resized/film-poster/4/4/4/5/9/8/444598-murder-mystery-0-230-0-345-crop.jpg?v=bba1934d04
bambi,Bambi,1942,https://a.ltrbxd.com/resized/film-poster/4/9/8/1/6/49816-bambi-0-230-0-345-crop.jpg?v=3df9758764
gone-with-the-wind,Gone with the Wind,1939,https://a.ltrbxd.com/resized/film-poster/5/1/3/8/2/51382-gone-with-the-wind-0-230-0-345-crop.jpg?v=26a1d7ea7e
troy,Troy,2004,https://a.ltrbxd.com/resized/sm/upload/s4/d9/77/ed/edMlij7nw2NMla32xskDnzMCFBM-0-230-0-345-crop.jpg?v=e7b13d27e0
fast-five,Fast Five,2011,https://a.ltrbxd.com/resized/sm/upload/xr/1t/wx/2n/cA81CI8odKv5KHRUUzJbj83yN7c-0-230-0-345-crop.jpg?v=0d8a25a11f
the-conversation,The Conversation,1974,https://a.ltrbxd.com/resized/film-poster/5/1/5/2/9/51529-the-conversation-0-230-0-345-crop.jpg?v=12ad21bbbf
mank,Mank,2020,https://a.ltrbxd.com/resized/film-poster/5/4/1/4/2/5/541425-mank-0-230-0-345-crop.jpg?v=a8a9533853
blow-out,Blow Out,1981,https://a.ltrbxd.com/resized/film-poster/4/5/1/0/9/45109-blow-out-0-230-0-345-crop.jpg?v=0d7535d1bb
belfast,Belfast,2021,https://a.ltrbxd.com/resized/film-poster/6/9/6/6/3/0/696630-belfast-0-230-0-345-crop.jpg?v=d286601381
amsterdam-2022,Amsterdam,2022,https://a.ltrbxd.com/resized/film-poster/5/8/9/3/1/7/589317-amsterdam-0-230-0-345-crop.jpg?v=92e1cb7cab
antichrist,Antichrist,2009,https://a.ltrbxd.com/resized/sm/upload/d7/y1/ub/ph/lY4Y9buUIZY17vpvL5dsBpbORo0-0-230-0-345-crop.jpg?v=1e15ad22d2
tokyo-story,Tokyo Story,1953,https://a.ltrbxd.com/resized/sm/upload/jm/ov/7q/pp/pmb1KAw83l0N5m2sJhdKpgCL6wA-0-230-0-345-crop.jpg?v=ef7ec8c445
the-room,The Room,2003,https://a.ltrbxd.com/resized/sm/upload/qq/yi/i3/dk/aUC39cFC2KO8CJ0EV0ijIJRr3PT-0-230-0-345-crop.jpg?v=95164ef310
national-treasure,National Treasure,2004,https://a.ltrbxd.com/resized/film-poster/5/0/5/6/1/50561-national-treasure-0-230-0-345-crop.jpg?v=e2b1828dd0
practical-magic,Practical Magic,1998,https://a.ltrbxd.com/resized/film-poster/4/8/3/2/2/48322-practical-magic-0-230-0-345-crop.jpg?v=5994b961f2
charlies-angels,Charlie's Angels,2000,https://a.ltrbxd.com/resized/sm/upload/1m/yy/vt/1n/eBzf9d09Vgq2HSVC4fIZm1QNQd-0-230-0-345-crop.jpg?v=2ad9c80809
saw-iii,Saw III,2006,https://a.ltrbxd.com/resized/film-poster/5/1/8/4/2/51842-saw-iii-0-230-0-345-crop.jpg?v=c8721d4d0f
dogville,Dogville,2003,https://a.ltrbxd.com/resized/sm/upload/rj/sn/o2/md/5U7mo8mMVNoVVF1I0YDLxvaGrXv-0-230-0-345-crop.jpg?v=1f4e9e34e4
vice-2018,Vice,2018,https://a.ltrbxd.com/resized/film-poster/3/6/2/3/6/5/362365-vice-0-230-0-345-crop.jpg?v=69d45c87f7
wind-river-2017,Wind River,2017,https://a.ltrbxd.com/resized/film-poster/3/3/0/2/2/0/330220-wind-river-0-230-0-345-crop.jpg?v=a7e862113f
only-lovers-left-alive,Only Lovers Left Alive,2013,https://a.ltrbxd.com/resized/film-poster/1/1/4/5/6/3/114563-only-lovers-left-alive-0-230-0-345-crop.jpg?v=d6151d5d18
halloween-ends,Halloween Ends,2022,https://a.ltrbxd.com/resized/film-poster/5/4/3/5/9/6/543596-halloween-ends-0-230-0-345-crop.jpg?v=9571693d97
anastasia-1997,Anastasia,1997,https://a.ltrbxd.com/resized/film-poster/4/7/1/5/3/47153-anastasia-0-230-0-345-crop.jpg?v=e335cab98c
three-colours-red,Three Colours: Red,1994,https://a.ltrbxd.com/resized/film-poster/5/1/9/4/0/51940-three-colors-red-0-230-0-345-crop.jpg?v=6347a21b2c
the-ritual-2017,The Ritual,2017,https://a.ltrbxd.com/resized/sm/upload/p0/5w/nn/bg/hHuJqzby593lmYmw1SzT0XYy99t-0-230-0-345-crop.jpg?v=5e686a841b
the-kissing-booth,The Kissing Booth,2018,https://a.ltrbxd.com/resized/film-poster/3/8/7/0/3/5/387035-the-kissing-booth-0-230-0-345-crop.jpg?v=fc2b5cd262
m,M,1931,https://a.ltrbxd.com/resized/film-poster/5/1/3/2/0/51320-m-0-230-0-345-crop.jpg?v=8c52412b7a
violent-night,Violent Night,2022,https://a.ltrbxd.com/resized/film-poster/8/0/9/3/9/5/809395-violent-night-0-230-0-345-crop.jpg?v=9d0180c01a
the-night-of-the-hunter,The Night of the Hunter,1955,https://a.ltrbxd.com/resized/film-poster/4/9/8/6/0/49860-the-night-of-the-hunter-0-230-0-345-crop.jpg?v=23fb657323
candyman,Candyman,1992,https://a.ltrbxd.com/resized/sm/upload/hs/ok/6b/1z/w5YQqrwzreHfa7RmXCB7rpLLxbe-0-230-0-345-crop.jpg?v=bd68374729
tokyo-godfathers,Tokyo Godfathers,2003,https://a.ltrbxd.com/resized/sm/upload/zl/no/np/nn/aY1q9dTGC8u8TUsAgnpJHsdAdJZ-0-230-0-345-crop.jpg?v=6bf4242f8d
fifty-shades-of-grey,Fifty Shades of Grey,2015,https://a.ltrbxd.com/resized/sm/upload/fb/qp/f7/re/v8OHt1ZG1K7c5KvDCGpX2zvlWzA-0-230-0-345-crop.jpg?v=db84f91ac7
cinderella-2015,Cinderella,2015,https://a.ltrbxd.com/resized/film-poster/1/1/3/3/8/0/113380-cinderella-0-230-0-345-crop.jpg?v=744473316c
starship-troopers,Starship Troopers,1997,https://a.ltrbxd.com/resized/film-poster/5/1/5/5/5/51555-starship-troopers-0-230-0-345-crop.jpg?v=dd7022caf2
my-cousin-vinny,My Cousin Vinny,1992,https://a.ltrbxd.com/resized/film-poster/4/6/2/8/8/46288-my-cousin-vinny-0-230-0-345-crop.jpg?v=8444588281
the-outsiders,The Outsiders,1983,https://a.ltrbxd.com/resized/film-poster/5/1/8/2/9/51829-the-outsiders-0-230-0-345-crop.jpg?v=6596aa5148
a-fistful-of-dollars,A Fistful of Dollars,1964,https://a.ltrbxd.com/resized/film-poster/5/1/6/9/8/51698-a-fistful-of-dollars-0-230-0-345-crop.jpg?v=616ebad024
furious-7,Furious 7,2015,https://a.ltrbxd.com/resized/film-poster/1/2/4/1/3/3/124133-furious-7-0-230-0-345-crop.jpg?v=cab4a0ecf6
creed-ii,Creed II,2018,https://a.ltrbxd.com/resized/film-poster/4/1/1/4/3/9/411439-creed-ii-0-230-0-345-crop.jpg?v=24aeabbb89
lamb-2021,Lamb,2021,https://a.ltrbxd.com/resized/film-poster/7/0/7/1/1/4/707114-lamb-0-230-0-345-crop.jpg?v=06329d82b2
the-hunchback-of-notre-dame-1996,The Hunchback of Notre Dame,1996,https://a.ltrbxd.com/resized/sm/upload/na/zg/pz/52/9ePngDtnhAmXOilL3bmWSF8HeZE-0-230-0-345-crop.jpg?v=c990396543
west-side-story,West Side Story,1961,https://a.ltrbxd.com/resized/sm/upload/em/vs/66/tb/zRQhCSREdR9h4OzEVvwhdlZNZ6m-0-230-0-345-crop.jpg?v=60c3df64d6
women-on-the-verge-of-a-nervous-breakdown,Women on the Verge of a Nervous Breakdown,1988,https://a.ltrbxd.com/resized/film-poster/4/9/4/6/8/49468-women-on-the-verge-of-a-nervous-breakdown-0-230-0-345-crop.jpg?v=62abc94559
the-umbrellas-of-cherbourg,The Umbrellas of Cherbourg,1964,https://a.ltrbxd.com/resized/sm/upload/kj/2i/dj/q6/jQuRu615tCfZKJzGCKzGbuIsfmP-0-230-0-345-crop.jpg?v=89036aefa7
tron-legacy,TRON: Legacy,2010,https://a.ltrbxd.com/resized/film-poster/3/8/9/5/7/38957-tron-legacy-0-230-0-345-crop.jpg?v=9452aea970
sleeping-beauty,Sleeping Beauty,1959,https://a.ltrbxd.com/resized/film-poster/4/5/8/0/3/45803-sleeping-beauty-0-230-0-345-crop.jpg?v=91898e4602
the-autopsy-of-jane-doe,The Autopsy of Jane Doe,2016,https://a.ltrbxd.com/resized/sm/upload/2k/4n/af/80/hvQgtEMXzQZDCZkkLFPK6cO1FIy-0-230-0-345-crop.jpg?v=36a2f39999
a-woman-under-the-influence,A Woman Under the Influence,1974,https://a.ltrbxd.com/resized/film-poster/3/2/5/0/2/32502-a-woman-under-the-influence-0-230-0-345-crop.jpg?v=b86a71d9ea
dancer-in-the-dark,Dancer in the Dark,2000,https://a.ltrbxd.com/resized/sm/upload/pq/pq/ri/6q/snWzVgZGcau8LjZMqsYWevGgw6c-0-230-0-345-crop.jpg?v=0befd3d267
war-of-the-worlds,War of the Worlds,2005,https://a.ltrbxd.com/resized/film-poster/5/1/9/7/6/51976-war-of-the-worlds-0-230-0-345-crop.jpg?v=762a144731
martyrs,Martyrs,2008,https://a.ltrbxd.com/resized/film-poster/4/7/0/6/1/47061-martyrs-0-230-0-345-crop.jpg?v=26b1166803
scent-of-a-woman,Scent of a Woman,1992,https://a.ltrbxd.com/resized/film-poster/4/7/1/2/3/47123-scent-of-a-woman-0-230-0-345-crop.jpg?v=444f663843
the-nun-ii,The Nun II,2023,https://a.ltrbxd.com/resized/film-poster/8/7/1/3/8/5/871385-the-nun-ii-0-230-0-345-crop.jpg?v=53916fc6a4
captain-phillips,Captain Phillips,2013,https://a.ltrbxd.com/resized/sm/upload/40/ff/o6/j6/zyYLjnmr928WDLOxGPF1fzdu7E5-0-230-0-345-crop.jpg?v=fb0b4ffe39
let-the-right-one-in,Let the Right One In,2008,https://a.ltrbxd.com/resized/film-poster/4/3/9/8/9/43989-let-the-right-one-in-0-230-0-345-crop.jpg?v=c738641b77
the-guardians-of-the-galaxy-holiday-special,The Guardians of the Galaxy Holiday Special,2022,https://a.ltrbxd.com/resized/film-poster/6/9/3/8/9/0/693890-the-guardians-of-the-galaxy-holiday-special-0-230-0-345-crop.jpg?v=cc3d660612
high-and-low,High and Low,1963,https://a.ltrbxd.com/resized/sm/upload/do/zm/ur/ug/dgnyE40yWdI7gbaHmmB5yCCIVpI-0-230-0-345-crop.jpg?v=b0fd9f50fd
atlantis-the-lost-empire,Atlantis: The Lost Empire,2001,https://a.ltrbxd.com/resized/sm/upload/q8/rz/fn/on/pJx5AMkZL5BzmkQbf6x7X7Oj9Hf-0-230-0-345-crop.jpg?v=f4651f9c5a
crouching-tiger-hidden-dragon,"Crouching Tiger, Hidden Dragon",2000,https://a.ltrbxd.com/resized/film-poster/5/1/9/0/5/51905-crouching-tiger-hidden-dragon-0-230-0-345-crop.jpg?v=6ce0305909
rush-2013,Rush,2013,https://a.ltrbxd.com/resized/film-poster/7/9/7/8/7/79787-rush-0-230-0-345-crop.jpg?v=ca082886e5
enola-holmes-2,Enola Holmes 2,2022,https://a.ltrbxd.com/resized/film-poster/7/4/4/8/2/6/744826-enola-holmes-2-0-230-0-345-crop.jpg?v=8cf7dbcca4
billy-elliot,Billy Elliot,2000,https://a.ltrbxd.com/resized/sm/upload/s3/7y/2h/eu/jz9qerOJ3qPXcp8xe8p17WtL2Os-0-230-0-345-crop.jpg?v=0a82b22092
happy-feet,Happy Feet,2006,https://a.ltrbxd.com/resized/film-poster/4/6/7/7/9/46779-happy-feet-0-230-0-345-crop.jpg?v=d31ea7dd17
searching-2018,Searching,2018,https://a.ltrbxd.com/resized/film-poster/4/2/0/4/6/7/420467-searching-0-230-0-345-crop.jpg?v=1485a93a9f
fantasia,Fantasia,1940,https://a.ltrbxd.com/resized/sm/upload/u3/vf/g6/w1/2jbLGpf4gRcoluzgMQMDjZaQ47l-0-230-0-345-crop.jpg?v=50e3632861
the-red-shoes,The Red Shoes,1948,https://a.ltrbxd.com/resized/sm/upload/rh/3s/bc/rr/oyOtIdNJJO8zVwPyCtxVRxPLuHO-0-230-0-345-crop.jpg?v=e083c8c594
pinocchio,Pinocchio,1940,https://a.ltrbxd.com/resized/film-poster/4/5/7/9/7/45797-pinocchio-0-230-0-345-crop.jpg?v=a404509a48
ghost-world,Ghost World,2001,https://a.ltrbxd.com/resized/sm/upload/b3/fj/5k/es/t9uXmc321EzCp6uUYU3XtghjqTq-0-230-0-345-crop.jpg?v=8c0964a95e
logan-lucky,Logan Lucky,2017,https://a.ltrbxd.com/resized/sm/upload/oh/pn/ri/gu/mQrhrBaaHvRfBQq0Px3HtVbH9iE-0-230-0-345-crop.jpg?v=2334b4b53b
vanilla-sky,Vanilla Sky,2001,https://a.ltrbxd.com/resized/film-poster/5/0/7/0/2/50702-vanilla-sky-0-230-0-345-crop.jpg?v=fbd4b97e55
the-jungle-book-2016,The Jungle Book,2016,https://a.ltrbxd.com/resized/sm/upload/re/d0/vo/uh/iMmpHJ9MeOwOF41BmUqytbHCWtz-0-230-0-345-crop.jpg?v=497a52cf57
possessor,Possessor,2020,https://a.ltrbxd.com/resized/film-poster/3/6/8/5/4/0/368540-possessor-0-230-0-345-crop.jpg?v=c949ea1fc0
the-adventures-of-tintin,The Adventures of Tintin,2011,https://a.ltrbxd.com/resized/sm/upload/tx/v5/nk/lz/rLsuszK65hQRl4KHmOtCNYV4kyD-0-230-0-345-crop.jpg?v=9bb0de40a2
no-one-will-save-you,No One Will Save You,2023,https://a.ltrbxd.com/resized/film-poster/7/3/6/8/2/1/736821-no-one-will-save-you-0-230-0-345-crop.jpg?v=aee13d8c3c
surfs-up,Surf's Up,2007,https://a.ltrbxd.com/resized/film-poster/4/7/1/8/8/47188-surf-s-up-0-230-0-345-crop.jpg?v=df58128c8b
fast-x,Fast X,2023,https://a.ltrbxd.com/resized/film-poster/3/2/0/4/8/1/320481-fast-x-0-230-0-345-crop.jpg?v=58239dde0a
alvin-and-the-chipmunks,Alvin and the Chipmunks,2007,https://a.ltrbxd.com/resized/film-poster/4/8/2/9/8/48298-alvin-and-the-chipmunks-0-230-0-345-crop.jpg?v=5ad5d3b4e2
the-untouchables,The Untouchables,1987,https://a.ltrbxd.com/resized/sm/upload/wg/dc/x2/1o/bDcqwNTwhEDfQHFj7jpt18N6Giz-0-230-0-345-crop.jpg?v=d0b239391d
bad-times-at-the-el-royale,Bad Times at the El Royale,2018,https://a.ltrbxd.com/resized/film-poster/3/7/8/4/7/3/378473-bad-times-at-the-el-royale-0-230-0-345-crop.jpg?v=3c8a34b920
limitless,Limitless,2011,https://a.ltrbxd.com/resized/film-poster/1/3/9/7/2/13972-limitless-0-230-0-345-crop.jpg?v=7599c9da90
the-day-after-tomorrow,The Day After Tomorrow,2004,https://a.ltrbxd.com/resized/sm/upload/y4/7o/ft/rg/pRmpaFjtegy8PnUvSBDyT9dm7c-0-230-0-345-crop.jpg?v=a685626868
the-man-from-uncle,The Man from U.N.C.L.E.,2015,https://a.ltrbxd.com/resized/film-poster/1/4/5/8/2/2/145822-the-man-from-u-n-c-l-e--0-230-0-345-crop.jpg?v=2cc57633aa
one-hundred-and-one-dalmatians,One Hundred and One Dalmatians,1961,https://a.ltrbxd.com/resized/film-poster/4/4/6/8/1/44681-one-hundred-and-one-dalmatians-0-230-0-345-crop.jpg?v=6aeaeedd39
frankenweenie-2012,Frankenweenie,2012,https://a.ltrbxd.com/resized/sm/upload/w7/w9/ex/7w/zMFJ0Uy9y0Oy3KPbgtRic6IYzRk-0-230-0-345-crop.jpg?v=e838af3efa
happiest-season,Happiest Season,2020,https://a.ltrbxd.com/resized/film-poster/4/4/9/7/7/1/449771-happiest-season-0-230-0-345-crop.jpg?v=0d726c3471
meet-the-robinsons,Meet the Robinsons,2007,https://a.ltrbxd.com/resized/sm/upload/39/3k/16/fo/8FRwaCoVePjPPPAPP0chHSweU8L-0-230-0-345-crop.jpg?v=bb81a7d14b
contagion,Contagion,2011,https://a.ltrbxd.com/resized/sm/upload/a3/9l/70/5b/kbC6I0AOSLTHFA2dieyat9h8QHP-0-230-0-345-crop.jpg?v=85cf37099a
the-founder,The Founder,2016,https://a.ltrbxd.com/resized/sm/upload/92/i7/c9/p4/fxvlzT7yyKiZneTDPwk85BSw1JF-0-230-0-345-crop.jpg?v=5999e6ff06
brooklyn,Brooklyn,2015,https://a.ltrbxd.com/resized/sm/upload/0t/9m/7m/ti/5R4sbomuxa8wlH1T3WeSUTRZo4z-0-230-0-345-crop.jpg?v=b6e716a28f
over-the-hedge,Over the Hedge,2006,https://a.ltrbxd.com/resized/film-poster/4/7/9/9/4/47994-over-the-hedge-0-230-0-345-crop.jpg?v=98cdd831a6
network,Network,1976,https://a.ltrbxd.com/resized/sm/upload/lr/v7/b3/mr/2W1xPQldNjJmFgqLllpUi6XRRCs-0-230-0-345-crop.jpg?v=1aff06d731
pineapple-express,Pineapple Express,2008,https://a.ltrbxd.com/resized/film-poster/4/6/4/6/2/46462-pineapple-express-0-230-0-345-crop.jpg?v=671682c7b0
straight-outta-compton,Straight Outta Compton,2015,https://a.ltrbxd.com/resized/film-poster/2/0/1/3/4/0/201340-straight-outta-compton-0-230-0-345-crop.jpg?v=4a1e40617a
nerve-2016,Nerve,2016,https://a.ltrbxd.com/resized/film-poster/2/5/5/9/0/0/255900-nerve-0-230-0-345-crop.jpg?v=149e8ebb3e
columbus-2017,Columbus,2017,https://a.ltrbxd.com/resized/sm/upload/l1/zo/7p/wc/3ZE5Wl3CdfUH4BkWRmyMKPHkWHx-0-230-0-345-crop.jpg?v=800e4a6439
happy-gilmore,Happy Gilmore,1996,https://a.ltrbxd.com/resized/film-poster/4/6/9/8/7/46987-happy-gilmore-0-230-0-345-crop.jpg?v=09dc9d06bd
17-again,17 Again,2009,https://a.ltrbxd.com/resized/film-poster/4/1/2/7/6/41276-17-again-0-230-0-345-crop.jpg?v=6b6f2344f2
fallen-leaves-2023,Fallen Leaves,2023,https://a.ltrbxd.com/resized/film-poster/8/8/8/0/5/4/888054-fallen-leaves-0-230-0-345-crop.jpg?v=0726b99f09
run-2020,Run,2020,https://a.ltrbxd.com/resized/film-poster/4/7/5/0/3/2/475032-run-0-230-0-345-crop.jpg?v=565e813be0
little-shop-of-horrors,Little Shop of Horrors,1986,https://a.ltrbxd.com/resized/sm/upload/kc/v0/s3/u0/8HCGR4TaFwhlvmsqPPqobKC73F3-0-230-0-345-crop.jpg?v=e816aae25f
men-in-black-ii,Men in Black II,2002,https://a.ltrbxd.com/resized/film-poster/5/1/5/1/3/51513-men-in-black-ii-0-230-0-345-crop.jpg?v=e67cb29305
red-rocket-2021,Red Rocket,2021,https://a.ltrbxd.com/resized/film-poster/6/8/3/6/2/0/683620-red-rocket-0-230-0-345-crop.jpg?v=073384c9e9
a-cinderella-story,A Cinderella Story,2004,https://a.ltrbxd.com/resized/film-poster/4/5/4/6/4/45464-a-cinderella-story-0-230-0-345-crop.jpg?v=56abbbe59a
atomic-blonde,Atomic Blonde,2017,https://a.ltrbxd.com/resized/film-poster/2/7/0/4/7/7/270477-atomic-blonde-0-230-0-345-crop.jpg?v=97fb76a7d4
the-watchers-2024,The Watchers,2024,https://a.ltrbxd.com/resized/film-poster/9/7/9/7/8/3/979783-the-watchers-0-230-0-345-crop.jpg?v=efaa9f479d
face-off,Face/Off,1997,https://a.ltrbxd.com/resized/film-poster/5/1/3/9/8/51398-face-off-0-230-0-345-crop.jpg?v=d5e85f6afa
flow-2024,Flow,2024,https://a.ltrbxd.com/resized/film-poster/7/3/9/4/5/1/739451-flow-2024-0-230-0-345-crop.jpg?v=32f49339d9
upgrade,Upgrade,2018,https://a.ltrbxd.com/resized/film-poster/4/3/0/6/3/3/430633-upgrade-0-230-0-345-crop.jpg?v=52274fb0bb
white-noise-2022,White Noise,2022,https://a.ltrbxd.com/resized/film-poster/6/6/6/2/6/9/666269-white-noise-0-230-0-345-crop.jpg?v=26c36ea2f6
kids,Kids,1995,https://a.ltrbxd.com/resized/film-poster/4/7/2/5/0/47250-kids-0-230-0-345-crop.jpg?v=a93dab25a6
the-thin-red-line,The Thin Red Line,1998,https://a.ltrbxd.com/resized/film-poster/4/7/6/2/7/47627-the-thin-red-line-0-230-0-345-crop.jpg?v=996c013c41
austin-powers-international-man-of-mystery,Austin Powers: International Man of Mystery,1997,https://a.ltrbxd.com/resized/film-poster/5/1/3/3/6/51336-austin-powers-international-man-of-mystery-0-230-0-345-crop.jpg?v=b24eda4ee9
the-babysitter-2017,The Babysitter,2017,https://a.ltrbxd.com/resized/sm/upload/06/mp/w2/ub/86a7GRVRCwfl7wdI4QadyvKa6Zu-0-230-0-345-crop.jpg?v=a72efe54ba
wings-of-desire,Wings of Desire,1987,https://a.ltrbxd.com/resized/film-poster/5/1/9/0/7/51907-wings-of-desire-0-230-0-345-crop.jpg?v=9b4044c82d
2012,2012,2009,https://a.ltrbxd.com/resized/film-poster/4/3/3/0/1/43301-2012-0-230-0-345-crop.jpg?v=5dcfb3042d
double-indemnity,Double Indemnity,1944,https://a.ltrbxd.com/resized/film-poster/5/1/1/7/3/51173-double-indemnity-0-230-0-345-crop.jpg?v=8e753e6645
rise-of-the-guardians,Rise of the Guardians,2012,https://a.ltrbxd.com/resized/sm/upload/sq/uq/2f/zg/dnEZZ0ZIVIfSIPIYl7kqYktAZlm-0-230-0-345-crop.jpg?v=32aac0db78
sleepless-in-seattle,Sleepless in Seattle,1993,https://a.ltrbxd.com/resized/film-poster/5/1/2/9/4/51294-sleepless-in-seattle-0-230-0-345-crop.jpg?v=dfcd625aba
lady-vengeance,Lady Vengeance,2005,https://a.ltrbxd.com/resized/film-poster/4/9/2/5/7/49257-lady-vengeance-0-230-0-345-crop.jpg?v=08caa7fc94
when-marnie-was-there,When Marnie Was There,2014,https://a.ltrbxd.com/resized/film-poster/1/7/0/0/6/2/170062-when-marnie-was-there-0-230-0-345-crop.jpg?v=7e34859d4e
i-robot,"I, Robot",2004,https://a.ltrbxd.com/resized/sm/upload/ux/1s/8d/ra/2mkFzf168xJrV6Leqq0bjqOlJCK-0-230-0-345-crop.jpg?v=0e4ac7c060
robot-dreams,Robot Dreams,2023,https://a.ltrbxd.com/resized/film-poster/7/5/3/4/2/0/753420-robot-dreams-0-230-0-345-crop.jpg?v=f231becfbe
cha-cha-real-smooth,Cha Cha Real Smooth,2022,https://a.ltrbxd.com/resized/film-poster/7/3/0/7/9/8/730798-cha-cha-real-smooth-0-230-0-345-crop.jpg?v=6d120a326b
sixteen-candles,Sixteen Candles,1984,https://a.ltrbxd.com/resized/film-poster/4/2/5/6/5/42565-sixteen-candles-0-230-0-345-crop.jpg?v=94f0a9665e
hannibal,Hannibal,2001,https://a.ltrbxd.com/resized/sm/upload/yx/a8/od/dk/6IW3Q2I9yzIcvk7KF1XjfD6p3eJ-0-230-0-345-crop.jpg?v=209b41b8b8
jurassic-park-iii,Jurassic Park III,2001,https://a.ltrbxd.com/resized/film-poster/5/1/7/3/1/51731-jurassic-park-iii-0-230-0-345-crop.jpg?v=22cdbe26f3
the-village,The Village,2004,https://a.ltrbxd.com/resized/sm/upload/7k/4h/3a/4l/4GdOoOnMuZkkaqXuSS5h5URhOVR-0-230-0-345-crop.jpg?v=fc2f1af56f
american-gangster,American Gangster,2007,https://a.ltrbxd.com/resized/film-poster/4/9/0/1/9/49019-american-gangster-0-230-0-345-crop.jpg?v=a49b2d92f6
basic-instinct,Basic Instinct,1992,https://a.ltrbxd.com/resized/sm/upload/8l/jd/rr/y2/vGBtnm9clhAjLp3D3dky7zFTQBA-0-230-0-345-crop.jpg?v=bd854b595a
to-kill-a-mockingbird,To Kill a Mockingbird,1962,https://a.ltrbxd.com/resized/film-poster/5/1/5/2/6/51526-to-kill-a-mockingbird-0-230-0-345-crop.jpg?v=dd6c6a5b7f
hook,Hook,1991,https://a.ltrbxd.com/resized/film-poster/5/1/2/7/3/51273-hook-0-230-0-345-crop.jpg?v=40154e8922
black-christmas,Black Christmas,1974,https://a.ltrbxd.com/resized/film-poster/4/1/3/0/5/41305-black-christmas-0-230-0-345-crop.jpg?v=d92adfabac
neighbors-2014,Neighbors,2014,https://a.ltrbxd.com/resized/film-poster/1/4/0/5/1/2/140512-neighbors-0-230-0-345-crop.jpg?v=9ddeec6ac0
daisies,Daisies,1966,https://a.ltrbxd.com/resized/film-poster/1/8/4/4/7/18447-daisies-0-230-0-345-crop.jpg?v=4c08c58c03
midnight-cowboy,Midnight Cowboy,1969,https://a.ltrbxd.com/resized/sm/upload/3k/22/wx/tu/jEeyGsyoiRPwwxDkR1WWNT8eoyN-0-230-0-345-crop.jpg?v=71eddcb5b8
high-fidelity,High Fidelity,2000,https://a.ltrbxd.com/resized/sm/upload/fh/qn/as/cp/sEZKCUFU6Ozf7hZ3UuaKWUqHLTZ-0-230-0-345-crop.jpg?v=73f6b8a843
five-feet-apart,Five Feet Apart,2019,https://a.ltrbxd.com/resized/film-poster/4/5/6/8/9/5/456895-five-feet-apart-0-230-0-345-crop.jpg?v=4c06370676
salo-or-the-120-days-of-sodom,"Salò, or the 120 Days of Sodom",1975,https://a.ltrbxd.com/resized/film-poster/4/8/8/6/5/48865-salo-or-the-120-days-of-sodom-0-230-0-345-crop.jpg?v=d44ef57732
super-8,Super 8,2011,https://a.ltrbxd.com/resized/sm/upload/94/zp/vm/wr/b2FnFpBRuXa9buiYwctujn6zWrZ-0-230-0-345-crop.jpg?v=40c36ab160
bottle-rocket-1996,Bottle Rocket,1996,https://a.ltrbxd.com/resized/film-poster/4/3/6/8/0/43680-bottle-rocket-0-230-0-345-crop.jpg?v=a2644ae3c2
the-strangers,The Strangers,2008,https://a.ltrbxd.com/resized/film-poster/4/6/0/1/0/46010-the-strangers-0-230-0-345-crop.jpg?v=62b1d2f33f
palo-alto,Palo Alto,2013,https://a.ltrbxd.com/resized/sm/upload/7h/k3/fj/g0/sScjrGWtCw7OvsmoVUwjhEcGNWs-0-230-0-345-crop.jpg?v=6c5acbd4c8
oceans-thirteen,Ocean's Thirteen,2007,https://a.ltrbxd.com/resized/film-poster/5/1/7/6/1/51761-ocean-s-thirteen-0-230-0-345-crop.jpg?v=ada66df834
annabelle,Annabelle,2014,https://a.ltrbxd.com/resized/sm/upload/h1/9m/2u/4k/annabelle-0-230-0-345-crop.jpg?v=b6e9f214e6
shame-2011,Shame,2011,https://a.ltrbxd.com/resized/sm/upload/h1/2m/i0/od/wo6j31YThvs8VPTv9DAI3StSoby-0-230-0-345-crop.jpg?v=e096e7764d
modern-times,Modern Times,1936,https://a.ltrbxd.com/resized/film-poster/4/9/8/8/9/49889-modern-times-0-230-0-345-crop.jpg?v=4f248e6b54
speak-no-evil-2022,Speak No Evil,2022,https://a.ltrbxd.com/resized/film-poster/7/4/8/9/4/3/748943-speak-no-evil-0-230-0-345-crop.jpg?v=350d218b81
the-raid-2011,The Raid,2011,https://a.ltrbxd.com/resized/film-poster/7/8/2/6/6/78266-the-raid-0-230-0-345-crop.jpg?v=4095a2a23a
boyz-n-the-hood,Boyz n the Hood,1991,https://a.ltrbxd.com/resized/film-poster/5/1/4/7/4/51474-boyz-n-the-hood-0-230-0-345-crop.jpg?v=cfd318a89f
the-beekeeper-2024,The Beekeeper,2024,https://a.ltrbxd.com/resized/film-poster/7/8/0/1/7/0/780170-the-beekeeper-0-230-0-345-crop.jpg?v=bf94429baa
eyes-without-a-face,Eyes Without a Face,1960,https://a.ltrbxd.com/resized/film-poster/3/1/1/9/4/31194-eyes-without-a-face-0-230-0-345-crop.jpg?v=9caa862376
strange-darling,Strange Darling,2023,https://a.ltrbxd.com/resized/film-poster/9/2/7/8/3/2/927832-strange-darling-0-230-0-345-crop.jpg?v=4bfda06e23
the-big-sick,The Big Sick,2017,https://a.ltrbxd.com/resized/film-poster/3/5/0/3/8/4/350384-the-big-sick-0-230-0-345-crop.jpg?v=6c8629c912
puss-in-boots,Puss in Boots,2011,https://a.ltrbxd.com/resized/sm/upload/li/68/db/nc/7r57xOw0zSCW59pys29KyPrDS3t-0-230-0-345-crop.jpg?v=2af3f5dd67
the-death-of-stalin,The Death of Stalin,2017,https://a.ltrbxd.com/resized/film-poster/3/3/7/5/6/5/337565-the-death-of-stalin-0-230-0-345-crop.jpg?v=7cd2c6b158
hail-caesar-2016,"Hail, Caesar!",2016,https://a.ltrbxd.com/resized/film-poster/1/9/3/7/4/8/193748-hail-caesar--0-230-0-345-crop.jpg?v=148db9cc83
in-the-heights,In the Heights,2021,https://a.ltrbxd.com/resized/film-poster/3/9/9/5/0/0/399500-in-the-heights-0-230-0-345-crop.jpg?v=f626d78385
it-comes-at-night,It Comes at Night,2017,https://a.ltrbxd.com/resized/film-poster/3/5/1/9/1/4/351914-it-comes-at-night-0-230-0-345-crop.jpg?v=e57569d566
wild-at-heart,Wild at Heart,1990,https://a.ltrbxd.com/resized/sm/upload/bi/3h/zv/k4/5Lu9HbcGBxjm4R1KNthmqaD5VRT-0-230-0-345-crop.jpg?v=36a83d1697
the-spectacular-now,The Spectacular Now,2013,https://a.ltrbxd.com/resized/sm/upload/9o/06/4d/er/p8XfqaxYgopBMhpka6W8WP7hulU-0-230-0-345-crop.jpg?v=af31c9caad
the-hurt-locker,The Hurt Locker,2008,https://a.ltrbxd.com/resized/film-poster/4/4/7/4/1/44741-the-hurt-locker-0-230-0-345-crop.jpg?v=ea165af0c3
taste-of-cherry,Taste of Cherry,1997,https://a.ltrbxd.com/resized/film-poster/3/2/3/4/5/32345-taste-of-cherry-0-230-0-345-crop.jpg?v=64fada0a9a
forgetting-sarah-marshall,Forgetting Sarah Marshall,2008,https://a.ltrbxd.com/resized/film-poster/4/6/7/6/3/46763-forgetting-sarah-marshall-0-230-0-345-crop.jpg?v=dc6717aea3
star-trek,Star Trek,2009,https://a.ltrbxd.com/resized/film-poster/4/3/8/6/0/43860-star-trek-0-230-0-345-crop.jpg?v=a48a19a106
men-in-black-3,Men in Black 3,2012,https://a.ltrbxd.com/resized/sm/upload/tq/ip/el/3z/l9hrvXyGq19f6jPRZhSVRibTMwW-0-230-0-345-crop.jpg?v=91141e41b0
moonstruck,Moonstruck,1987,https://a.ltrbxd.com/resized/film-poster/5/0/5/7/5/50575-moonstruck-0-230-0-345-crop.jpg?v=ec942da30b
blackberry-2023,BlackBerry,2023,https://a.ltrbxd.com/resized/film-poster/9/1/5/2/3/0/915230-blackberry-0-230-0-345-crop.jpg?v=06a0669b8f
high-school-musical-3-senior-year,High School Musical 3: Senior Year,2008,https://a.ltrbxd.com/resized/film-poster/4/4/9/1/9/44919-high-school-musical-3-senior-year-0-230-0-345-crop.jpg?v=1e36cf34cc
the-other-guys,The Other Guys,2010,https://a.ltrbxd.com/resized/film-poster/3/4/3/9/4/34394-the-other-guys-0-230-0-345-crop.jpg?v=5cc54e3d99
le-samourai,Le Samouraï,1967,https://a.ltrbxd.com/resized/film-poster/4/8/8/1/7/48817-le-samourai-0-230-0-345-crop.jpg?v=11267d74cc
three-thousand-years-of-longing,Three Thousand Years of Longing,2022,https://a.ltrbxd.com/resized/film-poster/4/8/5/2/6/5/485265-three-thousand-years-of-longing-0-230-0-345-crop.jpg?v=2abe84afc5
i-know-what-you-did-last-summer,I Know What You Did Last Summer,1997,https://a.ltrbxd.com/resized/film-poster/4/9/6/3/8/49638-i-know-what-you-did-last-summer-0-230-0-345-crop.jpg?v=0800c84ab8
flipped,Flipped,2010,https://a.ltrbxd.com/resized/film-poster/2/1/2/1/1/21211-flipped-0-230-0-345-crop.jpg?v=07943ed4b4
escape-from-new-york,Escape from New York,1981,https://a.ltrbxd.com/resized/sm/upload/ft/7g/e0/y0/50aa3ZKcDF0c3r6nqY5I4jP1xnp-0-230-0-345-crop.jpg?v=5fc0a2486a
50-50,50/50,2011,https://a.ltrbxd.com/resized/film-poster/2/4/1/7/7/24177-50-50-0-230-0-345-crop.jpg?v=ab24bb607e
the-karate-kid-2010,The Karate Kid,2010,https://a.ltrbxd.com/resized/film-poster/2/6/0/2/5/26025-the-karate-kid-0-230-0-345-crop.jpg?v=e1397c637d
days-of-heaven,Days of Heaven,1978,https://a.ltrbxd.com/resized/sm/upload/x3/jx/v5/l2/rwxTYjOZmX2rGhz7avLe1qsjNqe-0-230-0-345-crop.jpg?v=5fe1a56460
wallace-gromit-the-curse-of-the-were-rabbit,Wallace & Gromit: The Curse of the Were-Rabbit,2005,https://a.ltrbxd.com/resized/film-poster/5/1/5/8/4/51584-wallace-gromit-the-curse-of-the-were-rabbit-0-230-0-345-crop.jpg?v=6ac9f0b386
love-and-monsters,Love and Monsters,2020,https://a.ltrbxd.com/resized/film-poster/5/1/7/8/2/8/517828-love-and-monsters-0-230-0-345-crop.jpg?v=4bd3b47d3c
run-lola-run,Run Lola Run,1998,https://a.ltrbxd.com/resized/film-poster/5/1/9/4/6/51946-run-lola-run-0-230-0-345-crop.jpg?v=06ffcb44b3
the-dictator-2012,The Dictator,2012,https://a.ltrbxd.com/resized/film-poster/6/2/9/1/1/62911-the-dictator-0-230-0-345-crop.jpg?v=22cb165f90
liar-liar,Liar Liar,1997,https://a.ltrbxd.com/resized/sm/upload/fq/hq/vj/re/qd8VcWKrE4cNfInl9Osb8o8h9KP-0-230-0-345-crop.jpg?v=848feea68e
bumblebee,Bumblebee,2018,https://a.ltrbxd.com/resized/film-poster/3/5/8/2/7/2/358272-bumblebee-0-230-0-345-crop.jpg?v=3302ad1aeb
la-dolce-vita,La Dolce Vita,1960,https://a.ltrbxd.com/resized/film-poster/5/1/6/5/6/51656-la-dolce-vita-0-230-0-345-crop.jpg?v=8fd824d49b
after-yang,After Yang,2021,https://a.ltrbxd.com/resized/film-poster/5/1/3/2/0/6/513206-after-yang-0-230-0-345-crop.jpg?v=a7b081cba8
badlands,Badlands,1973,https://a.ltrbxd.com/resized/film-poster/4/9/8/4/4/49844-badlands-0-230-0-345-crop.jpg?v=d57e83e76f
the-hangover-part-iii,The Hangover Part III,2013,https://a.ltrbxd.com/resized/film-poster/8/7/9/5/3/87953-the-hangover-part-iii-0-230-0-345-crop.jpg?v=f0e2a6655e
a-few-good-men,A Few Good Men,1992,https://a.ltrbxd.com/resized/sm/upload/dw/l7/qy/bb/WgWLwk55YaXFZdlMnPJTKlxGcz-0-230-0-345-crop.jpg?v=60ddf4aa47
a-girl-walks-home-alone-at-night,A Girl Walks Home Alone at Night,2014,https://a.ltrbxd.com/resized/film-poster/1/7/6/0/5/3/176053-a-girl-walks-home-alone-at-night-0-230-0-345-crop.jpg?v=2dc9d92abb
peter-pan,Peter Pan,1953,https://a.ltrbxd.com/resized/film-poster/4/5/9/8/3/45983-peter-pan-0-230-0-345-crop.jpg?v=9c9c09a672
they-cloned-tyrone,They Cloned Tyrone,2023,https://a.ltrbxd.com/resized/film-poster/6/5/8/9/0/6/658906-they-cloned-tyrone-0-230-0-345-crop.jpg?v=afe533ab4e
transformers-revenge-of-the-fallen,Transformers: Revenge of the Fallen,2009,https://a.ltrbxd.com/resized/film-poster/4/7/7/6/9/47769-transformers-revenge-of-the-fallen-0-230-0-345-crop.jpg?v=ce2d386ed2
elephant-2003,Elephant,2003,https://a.ltrbxd.com/resized/sm/upload/83/vy/ou/e2/AgSWtbb8zMtTyjHFP12QeRbQGD5-0-230-0-345-crop.jpg?v=27813a0514
mean-streets,Mean Streets,1973,https://a.ltrbxd.com/resized/film-poster/5/1/8/5/0/51850-mean-streets-0-230-0-345-crop.jpg?v=931fbfc6b7
the-holy-mountain,The Holy Mountain,1973,https://a.ltrbxd.com/resized/film-poster/4/7/8/0/5/47805-the-holy-mountain-0-230-0-345-crop.jpg?v=d7002e900e
meet-the-parents,Meet the Parents,2000,https://a.ltrbxd.com/resized/film-poster/5/0/9/3/7/50937-meet-the-parents-0-230-0-345-crop.jpg?v=238ab9236a
my-best-friends-wedding,My Best Friend's Wedding,1997,https://a.ltrbxd.com/resized/film-poster/4/7/5/5/0/47550-my-best-friend-s-wedding-0-230-0-345-crop.jpg?v=181f47401f
the-king-of-staten-island,The King of Staten Island,2020,https://a.ltrbxd.com/resized/film-poster/5/0/7/5/9/2/507592-the-king-of-staten-island-0-230-0-345-crop.jpg?v=8db886d4c0
the-jungle-book,The Jungle Book,1967,https://a.ltrbxd.com/resized/film-poster/4/7/2/6/9/47269-the-jungle-book-0-230-0-345-crop.jpg?v=c3ac83a81f
shazam-fury-of-the-gods,Shazam! Fury of the Gods,2023,https://a.ltrbxd.com/resized/film-poster/5/2/2/4/0/5/522405-shazam-fury-of-the-gods-0-230-0-345-crop.jpg?v=6f53eef30f
the-blues-brothers,The Blues Brothers,1980,https://a.ltrbxd.com/resized/sm/upload/5y/2q/7e/82/9kMAFSod5guhdxLjXIfxgVhA5cM-0-230-0-345-crop.jpg?v=b873849661
despicable-me-3,Despicable Me 3,2017,https://a.ltrbxd.com/resized/film-poster/2/5/1/9/4/0/251940-despicable-me-3-0-230-0-345-crop.jpg?v=84bf8a95ce
sunshine-2007,Sunshine,2007,https://a.ltrbxd.com/resized/film-poster/5/1/1/1/0/51110-sunshine-0-230-0-345-crop.jpg?v=c4ffc70fd4
a-serious-man,A Serious Man,2009,https://a.ltrbxd.com/resized/sm/upload/2u/48/o1/04/kCl9WXR7LOqDTEU3XUX8ssUETQR-0-230-0-345-crop.jpg?v=c73ded0855
how-to-have-sex,How to Have Sex,2023,https://a.ltrbxd.com/resized/film-poster/9/6/9/3/5/0/969350-how-to-have-sex-0-230-0-345-crop.jpg?v=bcce0cabfa
meet-joe-black,Meet Joe Black,1998,https://a.ltrbxd.com/resized/film-poster/5/1/7/6/2/51762-meet-joe-black-0-230-0-345-crop.jpg?v=a48335de29
sherlock-holmes-a-game-of-shadows,Sherlock Holmes: A Game of Shadows,2011,https://a.ltrbxd.com/resized/sm/upload/sh/7g/r1/5p/y0VDbFfEE2ehlCysjIihgNBzmA3-0-230-0-345-crop.jpg?v=e20a541915
the-age-of-adaline,The Age of Adaline,2015,https://a.ltrbxd.com/resized/film-poster/2/2/0/7/5/4/220754-the-age-of-adaline-0-230-0-345-crop.jpg?v=483cebf29e
at-eternitys-gate,At Eternity's Gate,2018,https://a.ltrbxd.com/resized/film-poster/4/2/2/0/9/6/422096-at-eternity-s-gate-0-230-0-345-crop.jpg?v=05fad8a4cd
ice-age-dawn-of-the-dinosaurs,Ice Age: Dawn of the Dinosaurs,2009,https://a.ltrbxd.com/resized/film-poster/4/7/7/8/1/47781-ice-age-dawn-of-the-dinosaurs-0-230-0-345-crop.jpg?v=0b0a533895
dark-shadows,Dark Shadows,2012,https://a.ltrbxd.com/resized/film-poster/4/5/5/1/4551-dark-shadows-0-230-0-345-crop.jpg?v=714ebd58de
transformers-one,Transformers One,2024,https://a.ltrbxd.com/resized/film-poster/6/2/2/4/1/3/622413-transformers-one-0-230-0-345-crop.jpg?v=b86bf0cdb6
big,Big,1988,https://a.ltrbxd.com/resized/sm/upload/jf/or/pv/94/me6uugsf6zWTkrcLBoNc9EElb5j-0-230-0-345-crop.jpg?v=36ce8e9b4d
ace-ventura-pet-detective,Ace Ventura: Pet Detective,1994,https://a.ltrbxd.com/resized/film-poster/4/9/9/2/2/49922-ace-ventura-pet-detective-0-230-0-345-crop.jpg?v=b11241d826
begin-again,Begin Again,2013,https://a.ltrbxd.com/resized/film-poster/1/4/2/2/9/9/142299-begin-again-0-230-0-345-crop.jpg?v=4050295ee8
geralds-game,Gerald's Game,2017,https://a.ltrbxd.com/resized/sm/upload/ij/ki/nj/ti/32dippiypDdaKv7XFEfUlQ7kPup-0-230-0-345-crop.jpg?v=c2c7aaf0b7
persepolis,Persepolis,2007,https://a.ltrbxd.com/resized/sm/upload/28/um/1t/jq/dYvyF1RlNokAd1N7Nek0vDpYsV6-0-230-0-345-crop.jpg?v=fc5d71c744
flushed-away,Flushed Away,2006,https://a.ltrbxd.com/resized/film-poster/4/5/1/3/2/45132-flushed-away-0-230-0-345-crop.jpg?v=aab4a5062b
grown-ups-2,Grown Ups 2,2013,https://a.ltrbxd.com/resized/sm/upload/5j/17/k1/d2/xVfzcl1fcTDA4T76enoHF80MR4n-0-230-0-345-crop.jpg?v=02684786cb
the-beguiled-2017,The Beguiled,2017,https://a.ltrbxd.com/resized/sm/upload/rq/93/gp/2u/uQxfqFAqAvNK5b1wD11b2ycDAVg-0-230-0-345-crop.jpg?v=c259bde0ff
lock-stock-and-two-smoking-barrels,"Lock, Stock and Two Smoking Barrels",1998,https://a.ltrbxd.com/resized/film-poster/5/1/9/5/0/51950-lock-stock-and-two-smoking-barrels-0-230-0-345-crop.jpg?v=d5dd66a550
source-code,Source Code,2011,https://a.ltrbxd.com/resized/sm/upload/zf/hs/c9/gh/7mf5uH97NS2tUDcw01kcU5wdSZt-0-230-0-345-crop.jpg?v=fcd156c7fe
the-apprentice-2024,The Apprentice,2024,https://a.ltrbxd.com/resized/sm/upload/yj/8m/d9/4r/apprentice_xxlg-0-230-0-345-crop.jpg?v=684581b66b
amores-perros,Amores Perros,2000,https://a.ltrbxd.com/resized/film-poster/5/1/9/9/0/51990-amores-perros-0-230-0-345-crop.jpg?v=f9c46ae728
rebel-without-a-cause,Rebel Without a Cause,1955,https://a.ltrbxd.com/resized/film-poster/5/1/8/3/5/51835-rebel-without-a-cause-0-230-0-345-crop.jpg?v=a260a5a896
the-house-2022-1,The House,2022,https://a.ltrbxd.com/resized/film-poster/8/3/2/4/4/4/832444-the-house-0-230-0-345-crop.jpg?v=169aaffdeb
the-basketball-diaries,The Basketball Diaries,1995,https://a.ltrbxd.com/resized/sm/upload/qj/cu/mm/9v/basketball-diaries-0-230-0-345-crop.jpg?v=007cf66338
ghostbusters-frozen-empire,Ghostbusters: Frozen Empire,2024,https://a.ltrbxd.com/resized/film-poster/8/7/1/0/4/1/871041-ghostbusters-frozen-empire-0-230-0-345-crop.jpg?v=f37c6d2384
the-equalizer,The Equalizer,2014,https://a.ltrbxd.com/resized/film-poster/1/1/6/8/2/5/116825-the-equalizer-0-230-0-345-crop.jpg?v=a10d34a9da
the-good-dinosaur,The Good Dinosaur,2015,https://a.ltrbxd.com/resized/film-poster/8/5/5/7/9/85579-the-good-dinosaur-0-230-0-345-crop.jpg?v=f3e32ed09e
malcolm-marie,Malcolm & Marie,2021,https://a.ltrbxd.com/resized/film-poster/6/4/5/4/8/7/645487-malcolm-marie-0-230-0-345-crop.jpg?v=544b59817b
the-croods,The Croods,2013,https://a.ltrbxd.com/resized/film-poster/1/6/0/9/3/16093-the-croods-0-230-0-345-crop.jpg?v=4f00258d69
lady-and-the-tramp,Lady and the Tramp,1955,https://a.ltrbxd.com/resized/film-poster/4/6/3/2/1/46321-lady-and-the-tramp-0-230-0-345-crop.jpg?v=315ff23a73
seven-psychopaths,Seven Psychopaths,2012,https://a.ltrbxd.com/resized/sm/upload/pg/x4/nh/ju/tBXdHVUQozj229NqnM9CoExXvw1-0-230-0-345-crop.jpg?v=5e8e2b0334
the-half-of-it,The Half of It,2020,https://a.ltrbxd.com/resized/film-poster/5/2/4/6/6/3/524663-the-half-of-it-0-230-0-345-crop.jpg?v=c3fb22f042
gifted-2017,Gifted,2017,https://a.ltrbxd.com/resized/sm/upload/qr/og/nn/p2/2l1rACWEktbcxKGMPqvP5d905qC-0-230-0-345-crop.jpg?v=34855f96a1
yes-man,Yes Man,2008,https://a.ltrbxd.com/resized/sm/upload/6c/fc/ie/uc/yes-man-0-230-0-345-crop.jpg?v=ed766118c7
transformers-rise-of-the-beasts,Transformers: Rise of the Beasts,2023,https://a.ltrbxd.com/resized/film-poster/5/9/2/3/1/8/592318-transformers-rise-of-the-beasts-0-230-0-345-crop.jpg?v=4c6c375975
mad-max-2,Mad Max 2,1981,https://a.ltrbxd.com/resized/film-poster/4/7/5/9/9/47599-mad-max-2-the-road-warrior-0-230-0-345-crop.jpg?v=59f8b765f3
the-secret-life-of-pets,The Secret Life of Pets,2016,https://a.ltrbxd.com/resized/sm/upload/he/r7/r6/5u/9qv3D1danfYQLZj21EgWvjMHbz6-0-230-0-345-crop.jpg?v=b54ef5111b
shes-all-that,She's All That,1999,https://a.ltrbxd.com/resized/film-poster/4/6/3/4/5/46345-she-s-all-that-0-230-0-345-crop.jpg?v=9ac5114625
its-such-a-beautiful-day,It's Such a Beautiful Day,2012,https://a.ltrbxd.com/resized/sm/upload/on/mj/ou/k4/such%20a%20beautiful-0-230-0-345-crop.jpg?v=70d7c20455
my-life-as-a-zucchini,My Life as a Zucchini,2016,https://a.ltrbxd.com/resized/film-poster/3/2/7/9/0/9/327909-my-life-as-a-zucchini-0-230-0-345-crop.jpg?v=bd9c2b849c
werewolf-by-night-in-color,Werewolf by Night,2022,https://a.ltrbxd.com/resized/film-poster/8/0/5/1/0/6/805106-werewolf-by-night-0-230-0-345-crop.jpg?v=5abea85cf4
batman-robin,Batman & Robin,1997,https://a.ltrbxd.com/resized/sm/upload/xx/iy/mi/j7/cGRDufDDSrFrv7VI4YnmWnslne0-0-230-0-345-crop.jpg?v=1981fc504b
alien-resurrection,Alien Resurrection,1997,https://a.ltrbxd.com/resized/film-poster/4/7/8/8/7/47887-alien-resurrection-0-230-0-345-crop.jpg?v=2b6009c350
dodgeball-a-true-underdog-story,DodgeBall: A True Underdog Story,2004,https://a.ltrbxd.com/resized/sm/upload/6n/a5/c9/ob/sgTJCyuZSJJt9LatGHolpCpqg1m-0-230-0-345-crop.jpg?v=bc4fad3d76
spy-kids,Spy Kids,2001,https://a.ltrbxd.com/resized/sm/upload/90/36/3m/ts/10zMofjfvnKahF8wqZ4nNzVeNps-0-230-0-345-crop.jpg?v=318141fcc8
life-2017,Life,2017,https://a.ltrbxd.com/resized/sm/upload/sb/s5/xi/u4/h2mhfbEBGABSHo2vXG1ECMKAJa7-0-230-0-345-crop.jpg?v=adf0fe8947
army-of-the-dead-2021,Army of the Dead,2021,https://a.ltrbxd.com/resized/film-poster/4/3/3/6/5/2/433652-army-of-the-dead-0-230-0-345-crop.jpg?v=a6fb93b0e3
inland-empire,Inland Empire,2006,https://a.ltrbxd.com/resized/film-poster/5/0/8/2/2/50822-inland-empire-0-230-0-345-crop.jpg?v=b4bd226d73
blood-diamond,Blood Diamond,2006,https://a.ltrbxd.com/resized/film-poster/5/1/0/8/4/51084-blood-diamond-0-230-0-345-crop.jpg?v=00d299e362
diary-of-a-wimpy-kid,Diary of a Wimpy Kid,2010,https://a.ltrbxd.com/resized/film-poster/2/9/9/4/7/29947-diary-of-a-wimpy-kid-0-230-0-345-crop.jpg?v=ac8c399cae
high-life-2018,High Life,2018,https://a.ltrbxd.com/resized/sm/upload/d7/uh/1s/rj/wElOvH7H6sLElsTOLu1MY6oWRUx-0-230-0-345-crop.jpg?v=ef2950865e
four-weddings-and-a-funeral,Four Weddings and a Funeral,1994,https://a.ltrbxd.com/resized/sm/upload/9j/zy/5o/tg/md9kMKnLG8LG4pMDM98gy5x4K5L-0-230-0-345-crop.jpg?v=92fc8c1a91
hes-just-not-that-into-you,He's Just Not That Into You,2009,https://a.ltrbxd.com/resized/film-poster/4/6/4/6/7/46467-he-s-just-not-that-into-you-0-230-0-345-crop.jpg?v=efbe2a16a1
gummo,Gummo,1997,https://a.ltrbxd.com/resized/sm/upload/ax/63/ma/r8/54rpZVaJ2PJ9SrqFAYqxY2YAdRB-0-230-0-345-crop.jpg?v=c3d50845ae
all-about-lily-chou-chou,All About Lily Chou-Chou,2001,https://a.ltrbxd.com/resized/film-poster/4/1/4/4/7/41447-all-about-lily-chou-chou-0-230-0-345-crop.jpg?v=7db4522cd0
steve-jobs,Steve Jobs,2015,https://a.ltrbxd.com/resized/sm/upload/ql/1g/sz/63/7SUaf2UgoY0ZRGbQtRlfDkLDBCb-0-230-0-345-crop.jpg?v=867f24dae3
bring-it-on,Bring It On,2000,https://a.ltrbxd.com/resized/sm/upload/ir/nv/38/hm/yg0O6eGgrumDZ1bht3pqMjNaWon-0-230-0-345-crop.jpg?v=7ed351a70a
bound,Bound,1996,https://a.ltrbxd.com/resized/film-poster/4/7/2/8/9/47289-bound-0-230-0-345-crop.jpg?v=54e3ef63ae
the-post-2017,The Post,2017,https://a.ltrbxd.com/resized/sm/upload/3w/bp/ll/7n/qyRwj5VvuTRdJ76o2grP93grNxt-0-230-0-345-crop.jpg?v=62a9bdd004
fast-furious,Fast & Furious,2009,https://a.ltrbxd.com/resized/film-poster/4/3/5/8/2/43582-fast-furious-0-230-0-345-crop.jpg?v=e16e161e36
wild-child,Wild Child,2008,https://a.ltrbxd.com/resized/film-poster/4/3/4/4/1/43441-wild-child-0-230-0-345-crop.jpg?v=4c8d6af96f
cold-war-2018,Cold War,2018,https://a.ltrbxd.com/resized/film-poster/3/7/3/0/1/8/373018-cold-war-0-230-0-345-crop.jpg?v=de8b168828
mollys-game,Molly's Game,2017,https://a.ltrbxd.com/resized/sm/upload/te/bh/hd/ib/h9hUP5ZJGsjL2wbERrGlj4dMjZq-0-230-0-345-crop.jpg?v=cd55a90634
the-aristocats,The Aristocats,1970,https://a.ltrbxd.com/resized/film-poster/4/6/5/3/7/46537-the-aristocats-0-230-0-345-crop.jpg?v=8eeab59d9f
dumb-money,Dumb Money,2023,https://a.ltrbxd.com/resized/film-poster/7/1/0/0/7/3/710073-dumb-money-0-230-0-345-crop.jpg?v=3ec94863dd
the-grinch,The Grinch,2018,https://a.ltrbxd.com/resized/film-poster/2/9/2/6/8/8/292688-the-grinch-0-230-0-345-crop.jpg?v=d3d620a3f8
batman-forever,Batman Forever,1995,https://a.ltrbxd.com/resized/film-poster/5/1/6/7/8/51678-batman-forever-0-230-0-345-crop.jpg?v=5400ab0f1e
detachment,Detachment,2011,https://a.ltrbxd.com/resized/sm/upload/8e/5j/1t/9e/e0uefngyZyVVTm9SVHdEsB6egTi-0-230-0-345-crop.jpg?v=481e5530de
fast-furious-6,Fast & Furious 6,2013,https://a.ltrbxd.com/resized/film-poster/6/9/4/5/3/69453-fast-furious-6-0-230-0-345-crop.jpg?v=c1a5aa4775
popstar-never-stop-never-stopping,Popstar: Never Stop Never Stopping,2016,https://a.ltrbxd.com/resized/film-poster/2/7/0/4/7/6/270476-popstar-never-stop-never-stopping-0-230-0-345-crop.jpg?v=c6e71d71e8
the-impossible,The Impossible,2012,https://a.ltrbxd.com/resized/sm/upload/3s/us/9m/yz/s2fKqwIHPmZZOSZZdoHWfeXfl3o-0-230-0-345-crop.jpg?v=9f3c8b61a9
jerry-maguire,Jerry Maguire,1996,https://a.ltrbxd.com/resized/film-poster/4/7/2/0/6/47206-jerry-maguire-0-230-0-345-crop.jpg?v=0f7ed523ed
the-town,The Town,2010,https://a.ltrbxd.com/resized/sm/upload/am/yz/8g/am/c7zMl6igI6LMBuuov0tEz7fN2EH-0-230-0-345-crop.jpg?v=b15a92a025
close-up,Close-Up,1990,https://a.ltrbxd.com/resized/sm/upload/t8/k4/3s/ts/xrgd24H2WnZVeiWDnnJxHkC7UVY-0-230-0-345-crop.jpg?v=8ef4459add
the-third-man,The Third Man,1949,https://a.ltrbxd.com/resized/film-poster/5/1/1/5/4/51154-the-third-man-0-230-0-345-crop.jpg?v=877e4f37cf
the-invitation-2015,The Invitation,2015,https://a.ltrbxd.com/resized/sm/upload/d0/yt/w1/l2/v5Bdti2w5sqKNPge6I9jF2YpAqF-0-230-0-345-crop.jpg?v=26794d9001
thief,Thief,1981,https://a.ltrbxd.com/resized/film-poster/4/5/2/2/4/45224-thief-0-230-0-345-crop.jpg?v=775424c4c3
thoroughbreds-2017,Thoroughbreds,2017,https://a.ltrbxd.com/resized/film-poster/3/3/2/0/0/9/332009-thoroughbreds-0-230-0-345-crop.jpg?v=65b4ba3ce8
f9,F9,2021,https://a.ltrbxd.com/resized/film-poster/3/2/0/0/0/0/320000-f9-0-230-0-345-crop.jpg?v=437fefa45f
petite-maman,Petite Maman,2021,https://a.ltrbxd.com/resized/film-poster/6/6/9/7/4/4/669744-petite-maman-0-230-0-345-crop.jpg?v=c7cbed5a06
wild-strawberries,Wild Strawberries,1957,https://a.ltrbxd.com/resized/sm/upload/7y/dg/6m/fs/je9lvVfSihc4L4yMNmw0rg6oks0-0-230-0-345-crop.jpg?v=670240b18f
honey-boy,Honey Boy,2019,https://a.ltrbxd.com/resized/film-poster/4/4/1/8/7/0/441870-honey-boy-0-230-0-345-crop.jpg?v=5b5d2325dd
holes,Holes,2003,https://a.ltrbxd.com/resized/sm/upload/dd/2w/x4/la/o2Dm2mcE1qW8vT0bpsJO5OMBbqa-1-0-230-0-345-crop.jpg?v=419801ed91
first-blood,First Blood,1982,https://a.ltrbxd.com/resized/film-poster/5/1/0/8/8/51088-first-blood-0-230-0-345-crop.jpg?v=79a5cef2a7
hellboy,Hellboy,2004,https://a.ltrbxd.com/resized/film-poster/5/1/0/1/2/51012-hellboy-0-230-0-345-crop.jpg?v=e79d873290
a-history-of-violence,A History of Violence,2005,https://a.ltrbxd.com/resized/sm/upload/7g/wl/b8/1g/mz1qCHXxTUJm2AqOdW3IIpwYdo3-0-230-0-345-crop.jpg?v=782f3e510e
mother-2009,Mother,2009,https://a.ltrbxd.com/resized/sm/upload/d9/ak/bf/ux/mHdlmzflukTX2a2w6rwOkCix34v-0-230-0-345-crop.jpg?v=81bd682d39
frankenstein-1931,Frankenstein,1931,https://a.ltrbxd.com/resized/sm/upload/0v/a7/ib/7t/wB58wlBAr6484Wm6VyFDqSD8VOJ-0-230-0-345-crop.jpg?v=70996dc2b3
city-lights,City Lights,1931,https://a.ltrbxd.com/resized/film-poster/5/1/2/5/1/51251-city-lights-0-230-0-345-crop.jpg?v=942b2629ea
the-passion-of-joan-of-arc,The Passion of Joan of Arc,1928,https://a.ltrbxd.com/resized/film-poster/5/1/3/7/2/51372-the-passion-of-joan-of-arc-0-230-0-345-crop.jpg?v=6c0e1e9561
ghostbusters-2016,Ghostbusters,2016,https://a.ltrbxd.com/resized/film-poster/2/2/0/4/8/22048-ghostbusters-0-230-0-345-crop.jpg?v=03c4fd1de5
mars-attacks,Mars Attacks!,1996,https://a.ltrbxd.com/resized/sm/upload/dx/sb/el/ld/sM4VrptBRIFHmN7mLJZ2BaGKYNq-0-230-0-345-crop.jpg?v=c5cd771487
if-beale-street-could-talk,If Beale Street Could Talk,2018,https://a.ltrbxd.com/resized/film-poster/3/9/7/5/7/8/397578-if-beale-street-could-talk-0-230-0-345-crop.jpg?v=2f69ae8b7a
freaky,Freaky,2020,https://a.ltrbxd.com/resized/film-poster/4/8/0/5/2/5/480525-freaky-0-230-0-345-crop.jpg?v=6793b72939
lemony-snickets-a-series-of-unfortunate-events,Lemony Snicket's A Series of Unfortunate Events,2004,https://a.ltrbxd.com/resized/film-poster/4/5/0/2/1/45021-lemony-snickets-a-series-of-unfortunate-events-0-230-0-345-crop.jpg?v=5fb85c0a28
transformers-dark-of-the-moon,Transformers: Dark of the Moon,2011,https://a.ltrbxd.com/resized/sm/upload/5b/qz/q0/l6/p2CcXx2AUllgwGis5jsffYQGE3F-0-230-0-345-crop.jpg?v=887640d802
aquaman-and-the-lost-kingdom,Aquaman and the Lost Kingdom,2023,https://a.ltrbxd.com/resized/film-poster/5/0/1/1/7/0/501170-aquaman-and-the-lost-kingdom-0-230-0-345-crop.jpg?v=5f51cc8c73
trick-r-treat,Trick 'r Treat,2007,https://a.ltrbxd.com/resized/sm/upload/dr/w1/yw/kh/oiW2UimyycX7Y0AaGBvvWOerTBr-0-230-0-345-crop.jpg?v=1494f7e2fd
the-cat-in-the-hat-2003,The Cat in the Hat,2003,https://a.ltrbxd.com/resized/film-poster/4/6/0/8/4/46084-dr-seuss-the-cat-in-the-hat-0-230-0-345-crop.jpg?v=794f6352e4
the-assassination-of-jesse-james-by-the-coward-robert-ford,The Assassination of Jesse James by the Coward Robert Ford,2007,https://a.ltrbxd.com/resized/film-poster/4/9/2/8/8/49288-the-assassination-of-jesse-james-by-the-coward-robert-ford-0-230-0-345-crop.jpg?v=faca0b5573
wild-tales,Wild Tales,2014,https://a.ltrbxd.com/resized/film-poster/1/8/8/4/9/7/188497-wild-tales-0-230-0-345-crop.jpg?v=8765a5ebdf
dawn-of-the-dead,Dawn of the Dead,1978,https://a.ltrbxd.com/resized/sm/upload/q9/17/om/9y/8D6WEfNZr6JadQrqJr5OOq1QlV0-0-230-0-345-crop.jpg?v=b65bcfbd46
malcolm-x-1992,Malcolm X,1992,https://a.ltrbxd.com/resized/film-poster/5/0/7/2/0/50720-malcolm-x-0-230-0-345-crop.jpg?v=b52be1c88a
election,Election,1999,https://a.ltrbxd.com/resized/sm/upload/4v/ul/e3/4c/4RHyF1v1n4iodWzHG4m7XkGcJVB-0-230-0-345-crop.jpg?v=38629d481d
ma-2019,Ma,2019,https://a.ltrbxd.com/resized/film-poster/4/3/2/4/2/7/432427-ma-0-230-0-345-crop.jpg?v=f6c23c1142
from-up-on-poppy-hill,From Up on Poppy Hill,2011,https://a.ltrbxd.com/resized/sm/upload/sk/6v/xg/po/9qsW5uXwn3QBxEmKhSoseXActVw-0-230-0-345-crop.jpg?v=89ddfb2d7d
planes-trains-and-automobiles,"Planes, Trains and Automobiles",1987,https://a.ltrbxd.com/resized/film-poster/5/0/1/9/3/50193-planes-trains-and-automobiles-0-230-0-345-crop.jpg?v=f36141cb58
horrible-bosses,Horrible Bosses,2011,https://a.ltrbxd.com/resized/sm/upload/zl/qm/x7/ds/2yrbGFgrzYFtkYoVzUQSf6tforZ-0-230-0-345-crop.jpg?v=dc7af06258
the-muppets,The Muppets,2011,https://a.ltrbxd.com/resized/film-poster/6/0/3/603-the-muppets-0-230-0-345-crop.jpg?v=7cdefccfc1
jacobs-ladder,Jacob's Ladder,1990,https://a.ltrbxd.com/resized/film-poster/5/0/3/5/8/50358-jacob-s-ladder-0-230-0-345-crop.jpg?v=f2a3a739d6
the-fugitive-1993,The Fugitive,1993,https://a.ltrbxd.com/resized/film-poster/4/8/8/2/3/48823-the-fugitive-0-230-0-345-crop.jpg?v=f0226b0e25
night-at-the-museum-battle-of-the-smithsonian,Night at the Museum: Battle of the Smithsonian,2009,https://a.ltrbxd.com/resized/sm/upload/da/zz/fm/j1/qbU6AxmO69bBwu6Tw8HtcRoltAA-0-230-0-345-crop.jpg?v=f8a19a83b1
clerks,Clerks,1994,https://a.ltrbxd.com/resized/sm/upload/03/4k/8o/ul/clerks-0-230-0-345-crop.jpg?v=35be012b59
jackie-2016,Jackie,2016,https://a.ltrbxd.com/resized/sm/upload/kl/ys/8q/uf/iMkl2Akc1f4CSJCieVwczM4KjZR-0-230-0-345-crop.jpg?v=2fbd3c27b5
planet-of-the-apes,Planet of the Apes,1968,https://a.ltrbxd.com/resized/film-poster/5/1/2/8/1/51281-planet-of-the-apes-0-230-0-345-crop.jpg?v=1e216caa40
stuart-little,Stuart Little,1999,https://a.ltrbxd.com/resized/sm/upload/pf/u6/6h/66/stuart-little-0-230-0-345-crop.jpg?v=34770c5b1f
bill-teds-excellent-adventure,Bill & Ted's Excellent Adventure,1989,https://a.ltrbxd.com/resized/film-poster/5/0/8/9/4/50894-bill-ted-s-excellent-adventure-0-230-0-345-crop.jpg?v=7515d21045
the-french-connection,The French Connection,1971,https://a.ltrbxd.com/resized/sm/upload/m0/ut/ds/ts/5XSGvIKl2yPvOkieFjc3rzLw7x0-0-230-0-345-crop.jpg?v=b5eb5cf6f7
lincoln,Lincoln,2012,https://a.ltrbxd.com/resized/film-poster/5/6/5/2/2/56522-lincoln-0-230-0-345-crop.jpg?v=ae28f84ac6
paranorman,ParaNorman,2012,https://a.ltrbxd.com/resized/sm/upload/13/tc/k2/q6/AtenrJ8HptJOOtvJJwxu4nbo3es-0-230-0-345-crop.jpg?v=ecd889144e
the-fighter-2010,The Fighter,2010,https://a.ltrbxd.com/resized/sm/upload/am/i6/d4/hr/f81GIoNQJQX92YCaTs8wjbT0h7b-0-230-0-345-crop.jpg?v=801b3eff55
ginger-snaps,Ginger Snaps,2000,https://a.ltrbxd.com/resized/film-poster/4/6/7/6/2/46762-ginger-snaps-0-230-0-345-crop.jpg?v=89b7114ec9
meg-2-the-trench,Meg 2: The Trench,2023,https://a.ltrbxd.com/resized/film-poster/5/4/2/5/8/3/542583-meg-2-the-trench-0-230-0-345-crop.jpg?v=27b39483d6
ella-enchanted,Ella Enchanted,2004,https://a.ltrbxd.com/resized/sm/upload/zg/y7/fj/0s/5xURlqmsrbMZJiTQmu3TOEIfHFT-0-230-0-345-crop.jpg?v=d49f54aa09
house-of-wax-2005,House of Wax,2005,https://a.ltrbxd.com/resized/film-poster/4/6/5/8/0/46580-house-of-wax-0-230-0-345-crop.jpg?v=504d6d1547
inside-man,Inside Man,2006,https://a.ltrbxd.com/resized/sm/upload/dn/nz/ds/9v/l1kkUKGrI07kOzxznPpF4WJUrJw-0-230-0-345-crop.jpg?v=6155bf42b9
all-that-jazz,All That Jazz,1979,https://a.ltrbxd.com/resized/sm/upload/r8/jc/ev/99/pqkYD8nqaW1DYMPokR90NeBXiB9-0-230-0-345-crop.jpg?v=c858f7c787
pierrot-le-fou,Pierrot le Fou,1965,https://a.ltrbxd.com/resized/film-poster/5/0/0/9/0/50090-pierrot-le-fou-0-230-0-345-crop.jpg?v=1c8a33c309
rye-lane,Rye Lane,2023,https://a.ltrbxd.com/resized/film-poster/9/4/6/6/0/7/946607-rye-lane-0-230-0-345-crop.jpg?v=a6f1287aac
texas-chainsaw-massacre,Texas Chainsaw Massacre,2022,https://a.ltrbxd.com/resized/film-poster/5/5/8/9/5/6/558956-texas-chainsaw-massacre-0-230-0-345-crop.jpg?v=55135bba7f
lilya-4-ever,Lilya 4-ever,2002,https://a.ltrbxd.com/resized/film-poster/4/4/8/0/7/44807-lilya-4-ever-0-230-0-345-crop.jpg?v=d54f518af6
pixels-2015,Pixels,2015,https://a.ltrbxd.com/resized/film-poster/1/8/1/1/1/8/181118-pixels-0-230-0-345-crop.jpg?v=ce4f893760
extraction-2020,Extraction,2020,https://a.ltrbxd.com/resized/film-poster/4/7/4/4/7/1/474471-extraction-0-230-0-345-crop.jpg?v=4b684f8e41
rebel-ridge,Rebel Ridge,2024,https://a.ltrbxd.com/resized/film-poster/5/7/1/7/9/1/571791-rebel-ridge-0-230-0-345-crop.jpg?v=07dbdf377a
scooby-doo-2-monsters-unleashed,Scooby-Doo 2: Monsters Unleashed,2004,https://a.ltrbxd.com/resized/film-poster/4/5/6/7/9/45679-scooby-doo-2-monsters-unleashed-0-230-0-345-crop.jpg?v=961f9d367a
chronicle,Chronicle,2012,https://a.ltrbxd.com/resized/sm/upload/85/vy/rs/s4/dMULLYV1wxEdG6P3uziGqdo6uFl-0-230-0-345-crop.jpg?v=7e5bf356e6
the-vanishing,The Vanishing,1988,https://a.ltrbxd.com/resized/film-poster/4/7/6/2/8/47628-the-vanishing-0-230-0-345-crop.jpg?v=ea96275829
2046,2046,2004,https://a.ltrbxd.com/resized/film-poster/5/1/3/0/8/51308-2046-0-230-0-345-crop.jpg?v=52246d30bc
the-last-black-man-in-san-francisco,The Last Black Man in San Francisco,2019,https://a.ltrbxd.com/resized/film-poster/4/5/1/5/1/2/451512-the-last-black-man-in-san-francisco-0-230-0-345-crop.jpg?v=7ed1dacd29
zero-dark-thirty,Zero Dark Thirty,2012,https://a.ltrbxd.com/resized/film-poster/8/0/3/4/9/80349-zero-dark-thirty-0-230-0-345-crop.jpg?v=9d9601323b
warm-bodies,Warm Bodies,2013,https://a.ltrbxd.com/resized/sm/upload/j4/al/df/ju/4b5V2mmWrBv7vPyk7NqbAzS10oF-0-230-0-345-crop.jpg?v=e2aff7bdea
the-chronicles-of-narnia-prince-caspian,The Chronicles of Narnia: Prince Caspian,2008,https://a.ltrbxd.com/resized/sm/upload/0t/m9/29/er/kSSyzqw9C4wUggicG4D81XmptR1-0-230-0-345-crop.jpg?v=63237a1ecf
shin-godzilla-orthochromatic,Shin Godzilla,2016,https://a.ltrbxd.com/resized/sm/upload/8g/5p/p4/6b/8YWirGQidtZeSEmhqvQM5FrI6N1-0-230-0-345-crop.jpg?v=10e3695a0f
mad-god,Mad God,2021,https://a.ltrbxd.com/resized/film-poster/7/6/1/0/4/6/761046-mad-god-0-230-0-345-crop.jpg?v=ccd8e25d6d
in-a-violent-nature,In a Violent Nature,2024,https://a.ltrbxd.com/resized/film-poster/1/0/9/8/3/2/2/1098322-in-a-violent-nature-0-230-0-345-crop.jpg?v=96aab2dcd6
weathering-with-you,Weathering with You,2019,https://a.ltrbxd.com/resized/film-poster/4/9/6/4/6/9/496469-weathering-with-you-0-230-0-345-crop.jpg?v=fa974756d3
american-honey,American Honey,2016,https://a.ltrbxd.com/resized/sm/upload/t5/u3/sp/g3/qV2t4Eu6nMbhf6frWYnVXPqKJYT-0-230-0-345-crop.jpg?v=b41f7a1df1
mulan-2020,Mulan,2020,https://a.ltrbxd.com/resized/film-poster/2/6/6/6/7/5/266675-mulan-0-230-0-345-crop.jpg?v=98ce3a9652
addams-family-values,Addams Family Values,1993,https://a.ltrbxd.com/resized/sm/upload/ol/eg/eb/q2/zEwEXGDvJ8Ou2s6XbLMPvMTX53S-0-230-0-345-crop.jpg?v=fcc364f39d
anna-karenina-2012,Anna Karenina,2012,https://a.ltrbxd.com/resized/film-poster/7/9/7/8/5/79785-anna-karenina-0-230-0-345-crop.jpg?v=e401d1472d
a-knights-tale,A Knight's Tale,2001,https://a.ltrbxd.com/resized/film-poster/4/7/1/2/2/47122-a-knight-s-tale-0-230-0-345-crop.jpg?v=4f256fae60
to-all-the-boys-ps-i-still-love-you,To All the Boys: P.S. I Still Love You,2020,https://a.ltrbxd.com/resized/film-poster/4/9/4/1/0/0/494100-to-all-the-boys-p-s-i-still-love-you-0-230-0-345-crop.jpg?v=82226fa8db
the-bourne-ultimatum,The Bourne Ultimatum,2007,https://a.ltrbxd.com/resized/film-poster/5/0/2/2/3/50223-the-bourne-ultimatum-0-230-0-345-crop.jpg?v=009e78c9f0
all-the-presidents-men,All the President's Men,1976,https://a.ltrbxd.com/resized/film-poster/5/1/2/6/1/51261-all-the-president-s-men-0-230-0-345-crop.jpg?v=ca94d507b0
hancock,Hancock,2008,https://a.ltrbxd.com/resized/sm/upload/i7/y6/qd/bi/dsCxSr4w3g2ylhlZg3v5CB5Pid7-0-230-0-345-crop.jpg?v=8b7dfc7582
silent-hill,Silent Hill,2006,https://a.ltrbxd.com/resized/film-poster/5/1/5/3/2/51532-silent-hill-0-230-0-345-crop.jpg?v=7517ea94ce
wolfwalkers,Wolfwalkers,2020,https://a.ltrbxd.com/resized/film-poster/3/7/3/8/0/8/373808-wolfwalkers-0-230-0-345-crop.jpg?v=bd5ffe55b4
madagascar-3-europes-most-wanted,Madagascar 3: Europe's Most Wanted,2012,https://a.ltrbxd.com/resized/sm/upload/ra/ee/np/jf/5aNEbL2EpKk47V3wDXVenLx2ksS-0-230-0-345-crop.jpg?v=3b859eebca
young-frankenstein,Young Frankenstein,1974,https://a.ltrbxd.com/resized/film-poster/4/9/9/3/1/49931-young-frankenstein-0-230-0-345-crop.jpg?v=e33efca8ce
the-cat-returns,The Cat Returns,2002,https://a.ltrbxd.com/resized/film-poster/4/2/4/2/8/42428-the-cat-returns-0-230-0-345-crop.jpg?v=c88b45d6cc
a-separation,A Separation,2011,https://a.ltrbxd.com/resized/film-poster/6/3/4/5/6345-a-separation-0-230-0-345-crop.jpg?v=dca05d4c0a
the-danish-girl,The Danish Girl,2015,https://a.ltrbxd.com/resized/film-poster/2/3/3/8/2/4/233824-the-danish-girl-0-230-0-345-crop.jpg?v=4a7f08aa40
dial-m-for-murder,Dial M for Murder,1954,https://a.ltrbxd.com/resized/film-poster/5/1/5/9/6/51596-dial-m-for-murder-0-230-0-345-crop.jpg?v=450dd6cd01
yojimbo,Yojimbo,1961,https://a.ltrbxd.com/resized/sm/upload/nw/l2/zw/wy/tN7kYPjRhDolpui9sc9Eq9n5b2O-0-230-0-345-crop.jpg?v=5cea1d49c1
brothers-2009,Brothers,2009,https://a.ltrbxd.com/resized/film-poster/4/8/0/3/1/48031-brothers-0-230-0-345-crop.jpg?v=a094193056
nymphomaniac-volume-i,Nymphomaniac: Vol. I,2013,https://a.ltrbxd.com/resized/film-poster/1/8/1/9/3/7/181937-nymphomaniac-vol-i-0-230-0-345-crop.jpg?v=3228eb869a
southpaw-2015,Southpaw,2015,https://a.ltrbxd.com/resized/film-poster/2/3/4/2/0/8/234208-southpaw-0-230-0-345-crop.jpg?v=ada7c8d2d7
dumbo,Dumbo,1941,https://a.ltrbxd.com/resized/film-poster/4/5/3/7/4/45374-dumbo-0-230-0-345-crop.jpg?v=b9339f84e9
focus-2015,Focus,2015,https://a.ltrbxd.com/resized/film-poster/1/8/0/4/1/4/180414-focus-0-230-0-345-crop.jpg?v=4690dae367
insurgent,Insurgent,2015,https://a.ltrbxd.com/resized/film-poster/1/8/5/9/7/0/185970-insurgent-0-230-0-345-crop.jpg?v=6d8e034ab4
bride-wars,Bride Wars,2009,https://a.ltrbxd.com/resized/sm/upload/wt/t2/1i/ss/lH2oQFZGx0KYkaaujjzNqgFcAFJ-0-230-0-345-crop.jpg?v=853045c278
the-fate-of-the-furious,The Fate of the Furious,2017,https://a.ltrbxd.com/resized/film-poster/2/6/6/6/2/8/266628-the-fate-of-the-furious-0-230-0-345-crop.jpg?v=a278c1f638
ghost,Ghost,1990,https://a.ltrbxd.com/resized/sm/upload/8n/7z/dy/d9/rtxy3cplRFPUvruZajpcoxOQ7bi-0-230-0-345-crop.jpg?v=5eb6ee5f42
beau-travail,Beau Travail,1999,https://a.ltrbxd.com/resized/film-poster/4/2/9/4/2/42942-beau-travail-0-230-0-345-crop.jpg?v=a0e83a5f78
babel-2006,Babel,2006,https://a.ltrbxd.com/resized/film-poster/5/1/1/4/0/51140-babel-0-230-0-345-crop.jpg?v=8b8c66186f
the-ministry-of-ungentlemanly-warfare,The Ministry of Ungentlemanly Warfare,2024,https://a.ltrbxd.com/resized/film-poster/7/1/7/1/2/6/717126-the-ministry-of-ungentlemanly-warfare-0-230-0-345-crop.jpg?v=63fba9c252
the-wrestler,The Wrestler,2008,https://a.ltrbxd.com/resized/sm/upload/ud/52/sl/57/huooRmB7yksJyVVSkqOgitxlCec-0-230-0-345-crop.jpg?v=c955e64453
millers-girl,Miller's Girl,2024,https://a.ltrbxd.com/resized/film-poster/9/2/5/3/0/6/925306-miller-s-girl-0-230-0-345-crop.jpg?v=a46ff14fdf
speed-racer,Speed Racer,2008,https://a.ltrbxd.com/resized/film-poster/4/8/0/1/8/48018-speed-racer-0-230-0-345-crop.jpg?v=35fe09fa1e
drag-me-to-hell,Drag Me to Hell,2009,https://a.ltrbxd.com/resized/film-poster/4/1/3/5/1/41351-drag-me-to-hell-0-230-0-345-crop.jpg?v=01ea108faa
big-trouble-in-little-china,Big Trouble in Little China,1986,https://a.ltrbxd.com/resized/film-poster/4/8/1/3/9/48139-big-trouble-in-little-china-0-230-0-345-crop.jpg?v=09a4acfe13
where-the-wild-things-are,Where the Wild Things Are,2009,https://a.ltrbxd.com/resized/film-poster/4/1/5/1/9/41519-where-the-wild-things-are-0-230-0-345-crop.jpg?v=7324cb0409
mortal-kombat-2021,Mortal Kombat,2021,https://a.ltrbxd.com/resized/film-poster/3/9/2/2/9/0/392290-mortal-kombat-0-230-0-345-crop.jpg?v=6b9393e883
the-naked-gun-from-the-files-of-police-squad,The Naked Gun: From the Files of Police Squad!,1988,https://a.ltrbxd.com/resized/film-poster/2/7/2/8/4/27284-the-naked-gun-0-230-0-345-crop.jpg?v=7f848fb394
tampopo,Tampopo,1985,https://a.ltrbxd.com/resized/sm/upload/k3/go/u7/hd/faozWWMAM4aK0C4uRUAR1jzkJio-0-230-0-345-crop.jpg?v=f6c50539a6
saw-iv,Saw IV,2007,https://a.ltrbxd.com/resized/film-poster/5/1/4/6/1/51461-saw-iv-0-230-0-345-crop.jpg?v=c2e8bb60bf
pulse-2001,Pulse,2001,https://a.ltrbxd.com/resized/film-poster/3/4/6/1/8/34618-pulse-0-230-0-345-crop.jpg?v=9e927f3d94
sing-2,Sing 2,2021,https://a.ltrbxd.com/resized/film-poster/3/7/1/4/7/7/371477-sing-2-0-230-0-345-crop.jpg?v=32ce33979f
pain-and-glory,Pain and Glory,2019,https://a.ltrbxd.com/resized/film-poster/4/4/8/4/4/5/448445-pain-and-glory-0-230-0-345-crop.jpg?v=3e99d7fc67
ring-1998,Ring,1998,https://a.ltrbxd.com/resized/film-poster/5/0/1/5/5/50155-ring-0-230-0-345-crop.jpg?v=800d3d2b3e
autumn-sonata,Autumn Sonata,1978,https://a.ltrbxd.com/resized/sm/upload/dr/d3/nw/gv/m4I32itPMlRWqWJamFAwFDbrBXp-0-230-0-345-crop.jpg?v=45433653ca
kingdom-of-heaven,Kingdom of Heaven,2005,https://a.ltrbxd.com/resized/sm/upload/yo/63/zv/99/2pE4pTT8IXF56fiWMOk7cv7Fkpi-0-230-0-345-crop.jpg?v=3fa83a60a6
primer,Primer,2004,https://a.ltrbxd.com/resized/film-poster/2/6/8/2/2682-primer-0-230-0-345-crop.jpg?v=0e02010779
for-a-few-dollars-more,For a Few Dollars More,1965,https://a.ltrbxd.com/resized/sm/upload/bt/gp/10/ue/for-a-few-dollars-more-0-230-0-345-crop.jpg?v=cf00c77ac6
apollo-13,Apollo 13,1995,https://a.ltrbxd.com/resized/film-poster/5/1/5/5/1/51551-apollo-13-0-230-0-345-crop.jpg?v=256e0eeb8f
fantastic-four-rise-of-the-silver-surfer,Fantastic Four: Rise of the Silver Surfer,2007,https://a.ltrbxd.com/resized/film-poster/5/0/6/3/1/50631-fantastic-four-rise-of-the-silver-surfer-0-230-0-345-crop.jpg?v=2affd85087
charade,Charade,1963,https://a.ltrbxd.com/resized/film-poster/4/9/1/2/9/49129-charade-0-230-0-345-crop.jpg?v=33e133ab90
escape-room-2019,Escape Room,2019,https://a.ltrbxd.com/resized/film-poster/4/5/2/1/9/0/452190-escape-room-0-230-0-345-crop.jpg?v=4043f3fb65
tusk-2014,Tusk,2014,https://a.ltrbxd.com/resized/sm/upload/wi/5v/kd/wf/mmtVpRhu6UvHTF4Oz3sojJFDPL9-0-230-0-345-crop.jpg?v=5c518af279
anomalisa,Anomalisa,2015,https://a.ltrbxd.com/resized/sm/upload/8j/pp/36/x9/h6orfYDihFwZfneMvXyGUeTufeK-0-230-0-345-crop.jpg?v=596d890923
central-station,Central Station,1998,https://a.ltrbxd.com/resized/film-poster/5/1/4/5/8/51458-central-station-0-230-0-345-crop.jpg?v=953014999a
a-different-man,A Different Man,2024,https://a.ltrbxd.com/resized/film-poster/8/9/1/2/9/1/891291-a-different-man-0-230-0-345-crop.jpg?v=f19de2db41
donnie-brasco,Donnie Brasco,1997,https://a.ltrbxd.com/resized/sm/upload/a5/kv/m8/sp/vZaMoMDmMbSL4YwyD0XS7phxi1x-0-230-0-345-crop.jpg?v=c529af196e
zola,Zola,2020,https://a.ltrbxd.com/resized/sm/upload/mm/d1/e8/u5/zola-0-230-0-345-crop.jpg?v=5eaabb757d
bad-boys-1995,Bad Boys,1995,https://a.ltrbxd.com/resized/film-poster/4/6/8/7/0/46870-bad-boys-0-230-0-345-crop.jpg?v=e93721d2e0
rocky-ii,Rocky II,1979,https://a.ltrbxd.com/resized/film-poster/5/1/0/8/9/51089-rocky-ii-0-230-0-345-crop.jpg?v=f7606f9060
fast-furious-presents-hobbs-shaw,Fast & Furious Presents: Hobbs & Shaw,2019,https://a.ltrbxd.com/resized/film-poster/3/1/8/9/1/3/318913-fast-furious-presents-hobbs-shaw-0-230-0-345-crop.jpg?v=6a7be0f1a2
youre-next,You're Next,2011,https://a.ltrbxd.com/resized/sm/upload/8i/yg/d5/m5/qhVj0F09RFtQdBrBMPhrdzivRcI-0-230-0-345-crop.jpg?v=14c38e8d4b
ed-wood,Ed Wood,1994,https://a.ltrbxd.com/resized/sm/upload/1h/ci/kj/ms/zeXBzwpr785X0luB97WNK6C5iNS-0-230-0-345-crop.jpg?v=f2328570ff
the-omen,The Omen,1976,https://a.ltrbxd.com/resized/film-poster/5/1/3/5/8/51358-the-omen-0-230-0-345-crop.jpg?v=2f669d4209
a-walk-to-remember,A Walk to Remember,2002,https://a.ltrbxd.com/resized/film-poster/4/6/4/2/2/46422-a-walk-to-remember-0-230-0-345-crop.jpg?v=f2d95ce967
blood-simple,Blood Simple,1984,https://a.ltrbxd.com/resized/sm/upload/b7/yw/x0/25/blood%20simple-0-230-0-345-crop.jpg?v=5be2a698f3
the-last-samurai,The Last Samurai,2003,https://a.ltrbxd.com/resized/film-poster/5/1/5/0/7/51507-the-last-samurai-0-230-0-345-crop.jpg?v=06ced446cd
gia,Gia,1998,https://a.ltrbxd.com/resized/film-poster/4/3/0/1/8/43018-gia-0-230-0-345-crop.jpg?v=edd11ef917
all-about-eve,All About Eve,1950,https://a.ltrbxd.com/resized/sm/upload/ut/mc/rg/wz/all-about-eve-0-230-0-345-crop.jpg?v=34c6aadc2e
sully,Sully,2016,https://a.ltrbxd.com/resized/film-poster/3/0/1/0/4/0/301040-sully-0-230-0-345-crop.jpg?v=d60925feaa
darkest-hour,Darkest Hour,2017,https://a.ltrbxd.com/resized/film-poster/3/3/3/6/5/4/333654-darkest-hour-0-230-0-345-crop.jpg?v=f7d0481d84
watcher,Watcher,2022,https://a.ltrbxd.com/resized/film-poster/7/2/4/2/8/9/724289-watcher-0-230-0-345-crop.jpg?v=20f5e266d9
the-woman-king,The Woman King,2022,https://a.ltrbxd.com/resized/film-poster/6/4/7/0/0/8/647008-the-woman-king-0-230-0-345-crop.jpg?v=68c8f26b1a
final-destination-3,Final Destination 3,2006,https://a.ltrbxd.com/resized/film-poster/4/7/3/0/6/47306-final-destination-3-0-230-0-345-crop.jpg?v=c424e0bd0d
monsters-vs-aliens,Monsters vs Aliens,2009,https://a.ltrbxd.com/resized/film-poster/4/2/3/1/5/42315-monsters-vs-aliens-0-230-0-345-crop.jpg?v=ad904f4234
uglies,Uglies,2024,https://a.ltrbxd.com/resized/film-poster/6/8/9/1/3/3/689133-uglies-0-230-0-345-crop.jpg?v=22e033885e
predestination,Predestination,2014,https://a.ltrbxd.com/resized/sm/upload/3m/1w/jy/xa/kDdUtDsGMQ3OYwoBtEQyJIGPz4V-0-230-0-345-crop.jpg?v=34ca91e989
showgirls,Showgirls,1995,https://a.ltrbxd.com/resized/sm/upload/my/0q/ck/qq/showgirls-0-230-0-345-crop.jpg?v=2243cd1b54
wedding-crashers,Wedding Crashers,2005,https://a.ltrbxd.com/resized/film-poster/4/7/0/7/8/47078-wedding-crashers-0-230-0-345-crop.jpg?v=f3b8dde858
stardust-2007,Stardust,2007,https://a.ltrbxd.com/resized/film-poster/5/0/3/7/2/50372-stardust-0-230-0-345-crop.jpg?v=cce48bbef6
eastern-promises,Eastern Promises,2007,https://a.ltrbxd.com/resized/film-poster/5/0/3/9/0/50390-eastern-promises-0-230-0-345-crop.jpg?v=00d11f65c9
jungle-cruise,Jungle Cruise,2021,https://a.ltrbxd.com/resized/film-poster/3/8/3/2/3/9/383239-jungle-cruise-0-230-0-345-crop.jpg?v=67190bb796
warrior,Warrior,2011,https://a.ltrbxd.com/resized/film-poster/6/9/4/2/6942-warrior-0-230-0-345-crop.jpg?v=c1ab9c744a
nosferatu-the-vampyre,Nosferatu the Vampyre,1979,https://a.ltrbxd.com/resized/film-poster/4/8/3/2/9/48329-nosferatu-the-vampyre-0-230-0-345-crop.jpg?v=3d227a531f
kramer-vs-kramer,Kramer vs. Kramer,1979,https://a.ltrbxd.com/resized/sm/upload/f5/2a/8g/mv/oyYtH37h8rLUxlERoD49losVvlg-0-230-0-345-crop.jpg?v=eff55ab255
walk-the-line,Walk the Line,2005,https://a.ltrbxd.com/resized/film-poster/5/1/9/8/0/51980-walk-the-line-0-230-0-345-crop.jpg?v=2748591fbb
mishima-a-life-in-four-chapters,Mishima: A Life in Four Chapters,1985,https://a.ltrbxd.com/resized/film-poster/3/4/8/2/9/34829-mishima-a-life-in-four-chapters-0-230-0-345-crop.jpg?v=1bed76a9ae
vivre-sa-vie,Vivre Sa Vie,1962,https://a.ltrbxd.com/resized/film-poster/5/0/9/1/5/50915-vivre-sa-vie-0-230-0-345-crop.jpg?v=8df3741c43
the-santa-clause,The Santa Clause,1994,https://a.ltrbxd.com/resized/film-poster/4/5/3/3/9/45339-the-santa-clause-0-230-0-345-crop.jpg?v=d8dc8222c4
star-trek-into-darkness,Star Trek Into Darkness,2013,https://a.ltrbxd.com/resized/film-poster/1/1/9/0/8/11908-star-trek-into-darkness-0-230-0-345-crop.jpg?v=99f3bce7dc
all-the-bright-places,All the Bright Places,2020,https://a.ltrbxd.com/resized/film-poster/2/7/1/8/6/9/271869-all-the-bright-places-0-230-0-345-crop.jpg?v=234f36e138
amour,Amour,2012,https://a.ltrbxd.com/resized/film-poster/7/3/3/5/9/73359-amour-0-230-0-345-crop.jpg?v=2a2710b0aa
millennium-actress,Millennium Actress,2001,https://a.ltrbxd.com/resized/film-poster/2/9/8/8/4/29884-millennium-actress-0-230-0-345-crop.jpg?v=7c3df2e20f
mary-and-max,Mary and Max,2009,https://a.ltrbxd.com/resized/sm/upload/h5/ak/cq/1k/k0lQISUC4NuvKYasJn59JHc2rla-0-230-0-345-crop.jpg?v=c98c9106e5
tag-2018,Tag,2018,https://a.ltrbxd.com/resized/film-poster/3/8/7/9/0/9/387909-tag-0-230-0-345-crop.jpg?v=721b592a10
mr-nobody,Mr. Nobody,2009,https://a.ltrbxd.com/resized/sm/upload/fu/f9/40/ky/7JHWNrOZgMDGNdyH4eZRSu2ENmB-0-230-0-345-crop.jpg?v=5246294768
the-long-goodbye,The Long Goodbye,1973,https://a.ltrbxd.com/resized/film-poster/5/0/7/5/2/50752-the-long-goodbye-0-230-0-345-crop.jpg?v=09d57c0d87
barton-fink,Barton Fink,1991,https://a.ltrbxd.com/resized/film-poster/5/1/7/6/9/51769-barton-fink-0-230-0-345-crop.jpg?v=51c9ebe541
upgraded,Upgraded,2024,https://a.ltrbxd.com/resized/film-poster/9/1/4/0/5/5/914055-upgraded-0-230-0-345-crop.jpg?v=57bd3c3aba
rocky-iv-rocky-vs-drago-1985-ultimate-directors,Rocky IV,1985,https://a.ltrbxd.com/resized/film-poster/5/1/0/8/2/51082-rocky-iv-0-230-0-345-crop.jpg?v=ffedb5ed03
dredd,Dredd,2012,https://a.ltrbxd.com/resized/film-poster/1/6/5/2/7/16527-dredd-0-230-0-345-crop.jpg?v=b8eb60725b
ambulance-2022,Ambulance,2022,https://a.ltrbxd.com/resized/film-poster/6/8/3/2/8/5/683285-ambulance-0-230-0-345-crop.jpg?v=4c9be52b89
my-girl,My Girl,1991,https://a.ltrbxd.com/resized/film-poster/4/9/5/2/4/49524-my-girl-0-230-0-345-crop.jpg?v=1bf8802efb
hiroshima-mon-amour,Hiroshima Mon Amour,1959,https://a.ltrbxd.com/resized/sm/upload/d4/0z/wv/pr/xmW3o49z7iExUsren4R4QyN890H-0-230-0-345-crop.jpg?v=03127fc33b
insidious-the-red-door,Insidious: The Red Door,2023,https://a.ltrbxd.com/resized/film-poster/5/4/1/5/1/1/541511-insidious-the-red-door-0-230-0-345-crop.jpg?v=2ce9f03da9
event-horizon,Event Horizon,1997,https://a.ltrbxd.com/resized/sm/upload/ee/z5/lx/dc/vo02iJLsem3VCJ2TNvSzRiJMpAE-0-230-0-345-crop.jpg?v=c047098184
a-bronx-tale,A Bronx Tale,1993,https://a.ltrbxd.com/resized/film-poster/5/0/9/3/2/50932-a-bronx-tale-0-230-0-345-crop.jpg?v=70eaa993de
naked,Naked,1993,https://a.ltrbxd.com/resized/film-poster/3/8/3/9/7/38397-naked-0-230-0-345-crop.jpg?v=6ff026f427
rebecca,Rebecca,1940,https://a.ltrbxd.com/resized/film-poster/5/1/8/3/3/51833-rebecca-0-230-0-345-crop.jpg?v=bde4ae41c9
the-count-of-monte-cristo-2024,The Count of Monte Cristo,2024,https://a.ltrbxd.com/resized/film-poster/9/7/7/8/3/5/977835-the-count-of-monte-cristo-2024-0-230-0-345-crop.jpg?v=f72dd77674
contact,Contact,1997,https://a.ltrbxd.com/resized/film-poster/5/1/4/4/0/51440-contact-0-230-0-345-crop.jpg?v=d9b4fecd9b
diary-of-a-wimpy-kid-rodrick-rules,Diary of a Wimpy Kid: Rodrick Rules,2011,https://a.ltrbxd.com/resized/film-poster/6/2/8/7/6287-diary-of-a-wimpy-kid-rodrick-rules-0-230-0-345-crop.jpg?v=8d6d10d6bd
oblivion-2013,Oblivion,2013,https://a.ltrbxd.com/resized/film-poster/6/2/1/0/8/62108-oblivion-0-230-0-345-crop.jpg?v=34e6dfa548
the-night-house,The Night House,2020,https://a.ltrbxd.com/resized/film-poster/4/7/6/4/9/0/476490-the-night-house-0-230-0-345-crop.jpg?v=04d557166b
the-lives-of-others,The Lives of Others,2006,https://a.ltrbxd.com/resized/sm/upload/8b/y5/ap/l6/bzzDAg3fkztvfQB08VBprhs9tVE-0-230-0-345-crop.jpg?v=803117c2ab
sick-of-myself,Sick of Myself,2022,https://a.ltrbxd.com/resized/film-poster/7/0/6/7/4/7/706747-sick-of-myself-0-230-0-345-crop.jpg?v=37c57e2cfe
cube,Cube,1997,https://a.ltrbxd.com/resized/sm/upload/op/7o/t7/az/u50r6chJGO2iqxVAvtQ07obiCkB-0-230-0-345-crop.jpg?v=e7e1cf5ff1
the-age-of-innocence,The Age of Innocence,1993,https://a.ltrbxd.com/resized/sm/upload/ya/m4/xj/mi/36euuWA31TtH5E8TRZJRvdZ9pP-0-230-0-345-crop.jpg?v=fad43e88d7
the-dead-dont-die-2019,The Dead Don't Die,2019,https://a.ltrbxd.com/resized/film-poster/4/6/4/7/3/5/464735-the-dead-don-t-die-0-230-0-345-crop.jpg?v=d01422458c
secretary,Secretary,2002,https://a.ltrbxd.com/resized/sm/upload/14/7l/a1/b6/dZaTYgy6sc6Z8ylaKdXw8yq5sRv-0-230-0-345-crop.jpg?v=59a0235b75
were-all-going-to-the-worlds-fair,We're All Going to the World's Fair,2021,https://a.ltrbxd.com/resized/film-poster/6/9/5/5/2/2/695522-we-re-all-going-to-the-world-s-fair-0-230-0-345-crop.jpg?v=d123af3067
in-the-mouth-of-madness,In the Mouth of Madness,1994,https://a.ltrbxd.com/resized/film-poster/5/0/1/6/6/50166-in-the-mouth-of-madness-0-230-0-345-crop.jpg?v=bdeff15c79
the-double-life-of-veronique,The Double Life of Véronique,1991,https://a.ltrbxd.com/resized/film-poster/5/0/9/3/4/50934-the-double-life-of-veronique-0-230-0-345-crop.jpg?v=4728e7cc42
stoker,Stoker,2013,https://a.ltrbxd.com/resized/film-poster/7/3/3/7/1/73371-stoker-0-230-0-345-crop.jpg?v=00f414ccc1
philadelphia,Philadelphia,1993,https://a.ltrbxd.com/resized/sm/upload/ch/he/bz/5d/4Y4cwVV6qd6fwhlVfRHUXELEbpr-0-230-0-345-crop.jpg?v=5ca1f0de92
chip-n-dale-rescue-rangers,Chip 'n Dale: Rescue Rangers,2022,https://a.ltrbxd.com/resized/film-poster/3/5/4/5/4/1/354541-chip-n-dale-rescue-rangers-0-230-0-345-crop.jpg?v=700192d6e2
the-new-mutants,The New Mutants,2020,https://a.ltrbxd.com/resized/film-poster/2/6/9/5/9/6/269596-the-new-mutants-0-230-0-345-crop.jpg?v=45506abc84
am-i-ok,Am I OK?,2022,https://a.ltrbxd.com/resized/film-poster/5/6/7/9/2/6/567926-am-i-ok--0-230-0-345-crop.jpg?v=463589be15
everybody-wants-some,Everybody Wants Some!!,2016,https://a.ltrbxd.com/resized/sm/upload/vx/bh/wk/an/mIpd0rGxruvxCnMSmh4gd8wuhmv-0-230-0-345-crop.jpg?v=1ed6988328
not-okay,Not Okay,2022,https://a.ltrbxd.com/resized/film-poster/7/5/3/6/7/8/753678-not-okay-0-230-0-345-crop.jpg?v=681b83ecc1
serpico,Serpico,1973,https://a.ltrbxd.com/resized/film-poster/4/7/4/0/3/47403-serpico-0-230-0-345-crop.jpg?v=7bbd4993f5
blow-up,Blow-Up,1966,https://a.ltrbxd.com/resized/film-poster/5/1/1/6/3/51163-blow-up-0-230-0-345-crop.jpg?v=dac43018ae
manhunter,Manhunter,1986,https://a.ltrbxd.com/resized/film-poster/4/5/2/8/8/45288-manhunter-0-230-0-345-crop.jpg?v=082953f1e1
scary-stories-to-tell-in-the-dark-2019,Scary Stories to Tell in the Dark,2019,https://a.ltrbxd.com/resized/film-poster/3/5/1/3/0/4/351304-scary-stories-to-tell-in-the-dark-0-230-0-345-crop.jpg?v=c5144e972d
ricky-stanicky,Ricky Stanicky,2024,https://a.ltrbxd.com/resized/film-poster/9/2/1/5/2/7/921527-ricky-stanicky-0-230-0-345-crop.jpg?v=203d0c3794
hot-rod,Hot Rod,2007,https://a.ltrbxd.com/resized/film-poster/4/6/5/7/2/46572-hot-rod-0-230-0-345-crop.jpg?v=8d78a72102
armageddon,Armageddon,1998,https://a.ltrbxd.com/resized/film-poster/5/1/9/5/5/51955-armageddon-0-230-0-345-crop.jpg?v=b314269492
only-god-forgives,Only God Forgives,2013,https://a.ltrbxd.com/resized/film-poster/6/4/4/2/7/64427-only-god-forgives-0-230-0-345-crop.jpg?v=9f33177721
bonnie-and-clyde,Bonnie and Clyde,1967,https://a.ltrbxd.com/resized/film-poster/5/1/6/2/9/51629-bonnie-and-clyde-0-230-0-345-crop.jpg?v=e24f2897e1
ted-2,Ted 2,2015,https://a.ltrbxd.com/resized/film-poster/1/5/2/4/6/4/152464-ted-2-0-230-0-345-crop.jpg?v=2b61bc9a2e
the-great-dictator,The Great Dictator,1940,https://a.ltrbxd.com/resized/film-poster/5/1/2/3/8/51238-the-great-dictator-0-230-0-345-crop.jpg?v=77c9151f10
orphan-first-kill,Orphan: First Kill,2022,https://a.ltrbxd.com/resized/film-poster/6/8/0/3/8/3/680383-orphan-first-kill-0-230-0-345-crop.jpg?v=9e2ce49b2d
final-destination-2,Final Destination 2,2003,https://a.ltrbxd.com/resized/sm/upload/eh/sw/9a/g8/8joRaZ3wfcqIePImFJpgypQ71Jp-0-230-0-345-crop.jpg?v=4a3ad26442
idiocracy,Idiocracy,2006,https://a.ltrbxd.com/resized/film-poster/4/8/0/0/0/48000-idiocracy-0-230-0-345-crop.jpg?v=ce4d076f55
kick-ass-2,Kick-Ass 2,2013,https://a.ltrbxd.com/resized/sm/upload/k1/5w/qf/vh/xEDiYvObe2enHa5utvbJlnbp0KJ-0-230-0-345-crop.jpg?v=b2a7fcb1ec
the-birdcage,The Birdcage,1996,https://a.ltrbxd.com/resized/film-poster/4/5/7/0/2/45702-the-birdcage-0-230-0-345-crop.jpg?v=0adf7421a0
holidate,Holidate,2020,https://a.ltrbxd.com/resized/film-poster/5/4/2/4/6/4/542464-holidate-0-230-0-345-crop.jpg?v=77e889de60
a-cure-for-wellness,A Cure for Wellness,2016,https://a.ltrbxd.com/resized/film-poster/2/7/0/1/7/7/270177-a-cure-for-wellness-0-230-0-345-crop.jpg?v=88a8852439
the-boss-baby,The Boss Baby,2017,https://a.ltrbxd.com/resized/film-poster/2/2/3/0/5/0/223050-the-boss-baby-0-230-0-345-crop.jpg?v=1414f46e83
theres-something-about-mary,There's Something About Mary,1998,https://a.ltrbxd.com/resized/film-poster/5/1/5/7/3/51573-there-s-something-about-mary-0-230-0-345-crop.jpg?v=cbd83f1a61
re-animator,Re-Animator,1985,https://a.ltrbxd.com/resized/sm/upload/wd/b8/27/m3/hJnP2O0uTuh8HsR094WLTi3sQwc-0-230-0-345-crop.jpg?v=229c35a394
bridge-of-spies,Bridge of Spies,2015,https://a.ltrbxd.com/resized/sm/upload/xd/r7/gq/zd/nokkbw7qbEj4qISQSWuTqltkaIo-0-230-0-345-crop.jpg?v=a17d6dc837
insidious-chapter-2,Insidious: Chapter 2,2013,https://a.ltrbxd.com/resized/film-poster/7/6/6/5/8/76658-insidious-chapter-2-0-230-0-345-crop.jpg?v=f1752b875a
butch-cassidy-and-the-sundance-kid,Butch Cassidy and the Sundance Kid,1969,https://a.ltrbxd.com/resized/sm/upload/qv/1n/g0/ro/IetWfA2kG4ppZAe57NPyZ3ppts-0-230-0-345-crop.jpg?v=95b3215346
the-lego-movie-2-the-second-part,The Lego Movie 2: The Second Part,2019,https://a.ltrbxd.com/resized/film-poster/2/0/5/1/1/4/205114-the-lego-movie-2-the-second-part-0-230-0-345-crop.jpg?v=11598317bd
knocked-up,Knocked Up,2007,https://a.ltrbxd.com/resized/sm/upload/76/de/te/sq/z4jvDMQwjc42p6zfZysYjBX7EHZ-0-230-0-345-crop.jpg?v=45aa8469e9
beverly-hills-cop,Beverly Hills Cop,1984,https://a.ltrbxd.com/resized/sm/upload/7h/a5/tr/ae/s7n0rS2Ff85SuSpqYG3ndkmdQf4-0-230-0-345-crop.jpg?v=dd6901d827
this-is-spinal-tap,This Is Spinal Tap,1984,https://a.ltrbxd.com/resized/film-poster/4/5/6/7/2/45672-this-is-spinal-tap-0-230-0-345-crop.jpg?v=d867e84f30
the-phantom-of-the-opera-2004,The Phantom of the Opera,2004,https://a.ltrbxd.com/resized/film-poster/4/6/7/8/2/46782-the-phantom-of-the-opera-0-230-0-345-crop.jpg?v=17d25d4864
tetris,Tetris,2023,https://a.ltrbxd.com/resized/film-poster/6/4/9/1/8/8/649188-tetris-0-230-0-345-crop.jpg?v=e337f04260
the-bourne-supremacy,The Bourne Supremacy,2004,https://a.ltrbxd.com/resized/film-poster/5/0/2/2/4/50224-the-bourne-supremacy-0-230-0-345-crop.jpg?v=a65c73bc56
ingrid-goes-west,Ingrid Goes West,2017,https://a.ltrbxd.com/resized/sm/upload/te/ll/jj/tm/3LEyW11onDltXHo0L1X23j9Nnvg-0-230-0-345-crop.jpg?v=3c881777e6
the-young-girls-of-rochefort,The Young Girls of Rochefort,1967,https://a.ltrbxd.com/resized/film-poster/5/0/2/5/8/50258-the-young-girls-of-rochefort-0-230-0-345-crop.jpg?v=9e2c7a35d1
strangers-on-a-train,Strangers on a Train,1951,https://a.ltrbxd.com/resized/film-poster/5/1/3/0/7/51307-strangers-on-a-train-0-230-0-345-crop.jpg?v=2d81dafc02
space-jam-a-new-legacy,Space Jam: A New Legacy,2021,https://a.ltrbxd.com/resized/film-poster/3/1/4/8/8/3/314883-space-jam-a-new-legacy-0-230-0-345-crop.jpg?v=c640006c01
a-christmas-story-1983,A Christmas Story,1983,https://a.ltrbxd.com/resized/film-poster/5/1/3/0/2/51302-a-christmas-story-1983-0-230-0-345-crop.jpg?v=69666c8131
into-the-woods-2014,Into the Woods,2014,https://a.ltrbxd.com/resized/sm/upload/qr/pm/w7/ol/5h91odPFNlBuJbRBj5N4MEBfXDE-0-230-0-345-crop.jpg?v=bbbc90a332
bad-boys-ride-or-die,Bad Boys: Ride or Die,2024,https://a.ltrbxd.com/resized/film-poster/5/0/1/9/2/9/501929-bad-boys-ride-or-die-0-230-0-345-crop.jpg?v=5572c8b363
confessions-of-a-shopaholic,Confessions of a Shopaholic,2009,https://a.ltrbxd.com/resized/film-poster/3/9/2/6/6/39266-confessions-of-a-shopaholic-0-230-0-345-crop.jpg?v=460aa6f54c
a-streetcar-named-desire,A Streetcar Named Desire,1951,https://a.ltrbxd.com/resized/film-poster/5/1/4/2/4/51424-a-streetcar-named-desire-0-230-0-345-crop.jpg?v=4e46b54070
the-road-to-el-dorado,The Road to El Dorado,2000,https://a.ltrbxd.com/resized/sm/upload/wt/ny/q1/8j/ojwpjLgbnqX4KGzqWZOS0f8XwA4-0-230-0-345-crop.jpg?v=1cb606aae4
jujutsu-kaisen-0,Jujutsu Kaisen 0,2021,https://a.ltrbxd.com/resized/film-poster/7/2/7/1/6/0/727160-jujutsu-kaisen-0-0-230-0-345-crop.jpg?v=29a23bae12
the-bad-guys-2022,The Bad Guys,2022,https://a.ltrbxd.com/resized/film-poster/5/5/5/9/4/2/555942-the-bad-guys-0-230-0-345-crop.jpg?v=2906964a11
a-christmas-carol-2009,A Christmas Carol,2009,https://a.ltrbxd.com/resized/film-poster/4/0/6/5/3/40653-a-christmas-carol-0-230-0-345-crop.jpg?v=0f15421ac7
christiane-f,Christiane F.,1981,https://a.ltrbxd.com/resized/film-poster/4/7/0/1/2/47012-christiane-f--0-230-0-345-crop.jpg?v=8d38ac7cbd
volver,Volver,2006,https://a.ltrbxd.com/resized/film-poster/5/1/8/3/7/51837-volver-0-230-0-345-crop.jpg?v=95ad67875e
the-two-popes,The Two Popes,2019,https://a.ltrbxd.com/resized/film-poster/4/8/0/0/9/9/480099-the-two-popes-0-230-0-345-crop.jpg?v=b9d6e67718
the-pale-blue-eye,The Pale Blue Eye,2022,https://a.ltrbxd.com/resized/film-poster/7/1/8/2/4/1/718241-the-pale-blue-eye-0-230-0-345-crop.jpg?v=0ab02a8fe8
scary-movie-2,Scary Movie 2,2001,https://a.ltrbxd.com/resized/film-poster/4/9/4/4/2/49442-scary-movie-2-0-230-0-345-crop.jpg?v=fc034be22b
halloween-ii-1981,Halloween II,1981,https://a.ltrbxd.com/resized/sm/upload/yr/9z/xm/sl/9oXa66gARefZBuca4xpD8EFbcVg-0-230-0-345-crop.jpg?v=4b4c901122
annabelle-creation,Annabelle: Creation,2017,https://a.ltrbxd.com/resized/film-poster/3/3/0/7/9/0/330790-annabelle-creation-0-230-0-345-crop.jpg?v=6ef299dffd
the-hunt-2020,The Hunt,2020,https://a.ltrbxd.com/resized/film-poster/4/4/4/4/2/4/444424-the-hunt-0-230-0-345-crop.jpg?v=07f23f90cd
disturbia,Disturbia,2007,https://a.ltrbxd.com/resized/film-poster/4/7/8/3/5/47835-disturbia-0-230-0-345-crop.jpg?v=9939f6b74d
harold-and-maude,Harold and Maude,1971,https://a.ltrbxd.com/resized/film-poster/5/1/7/1/9/51719-harold-and-maude-0-230-0-345-crop.jpg?v=6a2f175ab5
talladega-nights-the-ballad-of-ricky-bobby,Talladega Nights: The Ballad of Ricky Bobby,2006,https://a.ltrbxd.com/resized/film-poster/4/6/8/8/7/46887-talladega-nights-the-ballad-of-ricky-bobby-0-230-0-345-crop.jpg?v=8908d69604
footloose,Footloose,1984,https://a.ltrbxd.com/resized/sm/upload/mp/va/3h/9y/79iEen28ai1rsXvOVWRJuHrsexO-0-230-0-345-crop.jpg?v=d141254262
manhattan,Manhattan,1979,https://a.ltrbxd.com/resized/film-poster/5/1/4/3/0/51430-manhattan-0-230-0-345-crop.jpg?v=dc21eabab2
cloud-atlas,Cloud Atlas,2012,https://a.ltrbxd.com/resized/film-poster/6/9/9/9/8/69998-cloud-atlas-0-230-0-345-crop.jpg?v=f10528fcd0
waynes-world,Wayne's World,1992,https://a.ltrbxd.com/resized/film-poster/4/7/5/5/2/47552-wayne-s-world-0-230-0-345-crop.jpg?v=1af467682a
never-let-me-go-2010,Never Let Me Go,2010,https://a.ltrbxd.com/resized/sm/upload/k8/3o/rn/jw/i5sE6EINofvT7Xq0rpZz9jRbRMS-0-230-0-345-crop.jpg?v=39edfb5e19
remember-the-titans,Remember the Titans,2000,https://a.ltrbxd.com/resized/film-poster/4/6/0/3/7/46037-remember-the-titans-0-230-0-345-crop.jpg?v=5345e4ebf3
demolition,Demolition,2015,https://a.ltrbxd.com/resized/sm/upload/eq/0m/h9/y4/xWT9630LEKF9jEXSNjukmpl7mAH-0-230-0-345-crop.jpg?v=65d80ac5ec
bombshell-2019,Bombshell,2019,https://a.ltrbxd.com/resized/film-poster/4/5/5/1/2/1/455121-bombshell-0-230-0-345-crop.jpg?v=bc93f2df01
emily-the-criminal,Emily the Criminal,2022,https://a.ltrbxd.com/resized/film-poster/7/7/7/1/8/5/777185-emily-the-criminal-0-230-0-345-crop.jpg?v=6c3839f6e5
robin-hood,Robin Hood,1973,https://a.ltrbxd.com/resized/film-poster/4/4/9/2/0/44920-robin-hood-0-230-0-345-crop.jpg?v=f599b2a803
blazing-saddles,Blazing Saddles,1974,https://a.ltrbxd.com/resized/film-poster/4/5/6/3/1/45631-blazing-saddles-0-230-0-345-crop.jpg?v=75fe1e4fb7
short-term-12-2013,Short Term 12,2013,https://a.ltrbxd.com/resized/sm/upload/0k/gq/x9/2w/wYkiNNMM1O5c2yEcj8Lf9UbaB1a-0-230-0-345-crop.jpg?v=5dda66ba4c
tarot-2024,Tarot,2024,https://a.ltrbxd.com/resized/film-poster/6/4/2/2/4/9/642249-tarot-0-230-0-345-crop.jpg?v=5cc2d7ccfa
the-last-temptation-of-christ,The Last Temptation of Christ,1988,https://a.ltrbxd.com/resized/film-poster/4/5/6/5/2/45652-the-last-temptation-of-christ-0-230-0-345-crop.jpg?v=bc15d11cd8
sideways,Sideways,2004,https://a.ltrbxd.com/resized/sm/upload/tl/8f/2j/rx/k8UfdLAP07SDfilmWOHFPv23tu7-0-230-0-345-crop.jpg?v=d63207112a
phantom-of-the-paradise,Phantom of the Paradise,1974,https://a.ltrbxd.com/resized/film-poster/3/4/6/1/5/34615-phantom-of-the-paradise-0-230-0-345-crop.jpg?v=3c231dd1ff
only-yesterday,Only Yesterday,1991,https://a.ltrbxd.com/resized/film-poster/4/2/6/1/3/42613-only-yesterday-0-230-0-345-crop.jpg?v=cc0bd36c20
brick,Brick,2005,https://a.ltrbxd.com/resized/film-poster/4/7/3/2/2/47322-brick-0-230-0-345-crop.jpg?v=de1c77ff6b
the-fall,The Fall,2006,https://a.ltrbxd.com/resized/film-poster/4/2/8/2/2/42822-the-fall-0-230-0-345-crop.jpg?v=21978da70d
carlitos-way,Carlito's Way,1993,https://a.ltrbxd.com/resized/film-poster/4/8/4/7/3/48473-carlito-s-way-0-230-0-345-crop.jpg?v=62c2c5eb07
my-big-fat-greek-wedding,My Big Fat Greek Wedding,2002,https://a.ltrbxd.com/resized/film-poster/4/7/7/9/0/47790-my-big-fat-greek-wedding-0-230-0-345-crop.jpg?v=e0181100df
hocus-pocus-2,Hocus Pocus 2,2022,https://a.ltrbxd.com/resized/film-poster/5/6/8/6/7/8/568678-hocus-pocus-2-0-230-0-345-crop.jpg?v=68521fc0e0
hotel-transylvania-2,Hotel Transylvania 2,2015,https://a.ltrbxd.com/resized/film-poster/1/1/9/0/7/3/119073-hotel-transylvania-2-0-230-0-345-crop.jpg?v=93321d67d4
belle-de-jour,Belle de Jour,1967,https://a.ltrbxd.com/resized/film-poster/5/1/4/7/5/51475-belle-de-jour-0-230-0-345-crop.jpg?v=0f4592beaf
the-duff,The DUFF,2015,https://a.ltrbxd.com/resized/sm/upload/sy/kv/b2/fd/dBBgPTCN5Zze4POXWVVpwf3wkra-0-230-0-345-crop.jpg?v=3379f62ade
pi,Pi,1998,https://a.ltrbxd.com/resized/film-poster/5/1/6/3/0/51630-pi-0-230-0-345-crop.jpg?v=ddc5842725
murder-mystery-2,Murder Mystery 2,2023,https://a.ltrbxd.com/resized/film-poster/5/6/4/9/9/6/564996-murder-mystery-2-0-230-0-345-crop.jpg?v=08117aff8f
dont-look-now,Don't Look Now,1973,https://a.ltrbxd.com/resized/sm/upload/b1/xg/44/w1/mK1SxllUiyAjtugZg3M64e2CTu3-0-230-0-345-crop.jpg?v=caa512b778
unfriended,Unfriended,2014,https://a.ltrbxd.com/resized/sm/upload/2s/t4/di/18/hfEBlhvVWFt61EWjNbjlKdDilBI-0-230-0-345-crop.jpg?v=592f643b3a
house-of-1000-corpses,House of 1000 Corpses,2003,https://a.ltrbxd.com/resized/film-poster/5/0/1/6/2/50162-house-of-1000-corpses-0-230-0-345-crop.jpg?v=5bce1273ef
debs,D.E.B.S.,2004,https://a.ltrbxd.com/resized/film-poster/5/1/5/7/7/51577-d-e-b-s--0-230-0-345-crop.jpg?v=f3585ff569
the-artist,The Artist,2011,https://a.ltrbxd.com/resized/sm/upload/6g/6f/8o/9h/i0mpvMIIjyubXsVKug9vX0lYpnd-0-230-0-345-crop.jpg?v=4c95fdce0e
bacurau,Bacurau,2019,https://a.ltrbxd.com/resized/film-poster/3/7/8/6/0/1/378601-bacurau-0-230-0-345-crop.jpg?v=9dd3486e4c
the-neverending-story,The NeverEnding Story,1984,https://a.ltrbxd.com/resized/film-poster/2/9/0/7/8/29078-the-neverending-story-0-230-0-345-crop.jpg?v=d6c13b7351
black-hawk-down,Black Hawk Down,2001,https://a.ltrbxd.com/resized/sm/upload/3c/d1/1e/mx/yUzQ4r3q1Dy0bUAkMvUIwf0rPpR-0-230-0-345-crop.jpg?v=6d113b03c4
pink-flamingos,Pink Flamingos,1972,https://a.ltrbxd.com/resized/film-poster/5/1/4/3/4/51434-pink-flamingos-0-230-0-345-crop.jpg?v=c8c91c5ccf
resident-evil,Resident Evil,2002,https://a.ltrbxd.com/resized/sm/upload/be/up/oa/mj/4IuJ58S6jSQ4z7KoIPweX4HDx0n-0-230-0-345-crop.jpg?v=fa13fd465a
saw-v,Saw V,2008,https://a.ltrbxd.com/resized/film-poster/4/4/8/8/9/44889-saw-v-0-230-0-345-crop.jpg?v=974c6afe80
the-sting,The Sting,1973,https://a.ltrbxd.com/resized/film-poster/4/7/3/1/5/47315-the-sting-0-230-0-345-crop.jpg?v=7f2c11ddf4
problemista,Problemista,2023,https://a.ltrbxd.com/resized/film-poster/7/6/6/7/5/9/766759-problemista-0-230-0-345-crop.jpg?v=b6387840bc
kiss-kiss-bang-bang-2005,Kiss Kiss Bang Bang,2005,https://a.ltrbxd.com/resized/sm/upload/ek/qa/d5/cb/18GHWx66uADdY7GM9NL8WRY5GSw-0-230-0-345-crop.jpg?v=cc723e4c2b
rocky-iii,Rocky III,1982,https://a.ltrbxd.com/resized/sm/upload/bo/kj/30/pg/eX2RbfTV5figCysWEmC6ubmXIgm-0-230-0-345-crop.jpg?v=afc0f565f7
three-colours-white,Three Colours: White,1994,https://a.ltrbxd.com/resized/film-poster/5/1/9/4/1/51941-three-colours-white-0-230-0-345-crop.jpg?v=6dc7d13f7a
cabaret,Cabaret,1972,https://a.ltrbxd.com/resized/sm/upload/x9/ji/ih/xp/1RmUfX3LcS897GhUWrWp5nRADo4-0-230-0-345-crop.jpg?v=a432fbfc58
entergalactic,Entergalactic,2022,https://a.ltrbxd.com/resized/film-poster/9/2/5/5/5/5/925555-entergalactic-0-230-0-345-crop.jpg?v=bd1ceccbfc
dawn-of-the-dead-2004,Dawn of the Dead,2004,https://a.ltrbxd.com/resized/sm/upload/jd/d8/7x/e8/yfqsgzW6AQYmBjIEIq0y9EB1Rgl-0-230-0-345-crop.jpg?v=7d5cbe2c3c
krampus,Krampus,2015,https://a.ltrbxd.com/resized/film-poster/2/1/3/1/6/9/213169-krampus-0-230-0-345-crop.jpg?v=ab48a31e73
austin-powers-the-spy-who-shagged-me,Austin Powers: The Spy Who Shagged Me,1999,https://a.ltrbxd.com/resized/film-poster/5/1/3/3/5/51335-austin-powers-the-spy-who-shagged-me-0-230-0-345-crop.jpg?v=7c699bacb8
annette,Annette,2021,https://a.ltrbxd.com/resized/film-poster/3/5/7/8/2/6/357826-annette-0-230-0-345-crop.jpg?v=de5f3a74c8
christopher-robin,Christopher Robin,2018,https://a.ltrbxd.com/resized/film-poster/3/5/4/5/3/5/354535-christopher-robin-0-230-0-345-crop.jpg?v=552ebc4200
where-is-the-friends-house,Where Is the Friend's House?,1987,https://a.ltrbxd.com/resized/film-poster/1/5/6/6/9/15669-where-is-the-friend-s-house--0-230-0-345-crop.jpg?v=fa9af1e128
end-of-watch,End of Watch,2012,https://a.ltrbxd.com/resized/film-poster/6/3/4/6/2/63462-end-of-watch-0-230-0-345-crop.jpg?v=da5e26db65
28-weeks-later,28 Weeks Later,2007,https://a.ltrbxd.com/resized/film-poster/5/0/9/7/2/50972-28-weeks-later-0-230-0-345-crop.jpg?v=811010e540
weird-the-al-yankovic-story-2022,Weird: The Al Yankovic Story,2022,https://a.ltrbxd.com/resized/film-poster/8/3/3/7/6/1/833761-weird-the-al-yankovic-story-0-230-0-345-crop.jpg?v=e29de7706f
the-woman-in-the-window-2021,The Woman in the Window,2021,https://a.ltrbxd.com/resized/film-poster/4/5/0/1/6/4/450164-the-woman-in-the-window-0-230-0-345-crop.jpg?v=380253d297
while-you-were-sleeping,While You Were Sleeping,1995,https://a.ltrbxd.com/resized/film-poster/5/0/5/5/7/50557-while-you-were-sleeping-0-230-0-345-crop.jpg?v=83ec42bc7d
real-steel,Real Steel,2011,https://a.ltrbxd.com/resized/sm/upload/59/xd/10/cp/drtXi58nN6P3zcoLh6wUlsZAYqh-0-230-0-345-crop.jpg?v=96468fba80
baywatch,Baywatch,2017,https://a.ltrbxd.com/resized/sm/upload/0y/1p/zz/j6/rxQynWvwl41VbJGb0FEyYtuRwS2-0-230-0-345-crop.jpg?v=58725e2036
revenge-2017,Revenge,2017,https://a.ltrbxd.com/resized/film-poster/3/9/9/4/4/9/399449-revenge-0-230-0-345-crop.jpg?v=ca125caf27
hundreds-of-beavers,Hundreds of Beavers,2022,https://a.ltrbxd.com/resized/film-poster/9/1/9/0/6/8/919068-hundreds-of-beavers-0-230-0-345-crop.jpg?v=374498b1c0
empire-records,Empire Records,1995,https://a.ltrbxd.com/resized/sm/upload/td/nt/09/qr/e7ve7rwxBA9Y0mNEo1VcaW44htg-0-230-0-345-crop.jpg?v=25f75c1881
host-2020,Host,2020,https://a.ltrbxd.com/resized/film-poster/6/4/5/7/1/8/645718-host-0-230-0-345-crop.jpg?v=4d73e2cf1c
jarhead,Jarhead,2005,https://a.ltrbxd.com/resized/film-poster/2/6/9/3/2693-jarhead-0-230-0-345-crop.jpg?v=f56d3e6907
adventureland,Adventureland,2009,https://a.ltrbxd.com/resized/film-poster/4/1/4/7/7/41477-adventureland-0-230-0-345-crop.jpg?v=5f8f490a9b
65,65,2023,https://a.ltrbxd.com/resized/film-poster/6/2/4/0/7/0/624070-65-0-230-0-345-crop.jpg?v=2cbb8f3d76
zathura-a-space-adventure,Zathura: A Space Adventure,2005,https://a.ltrbxd.com/resized/sm/upload/uu/4f/uj/q3/amqgIuISRBt8tsZM6cTT6gO9WLR-0-230-0-345-crop.jpg?v=231a99939b
good-boys-2019,Good Boys,2019,https://a.ltrbxd.com/resized/film-poster/4/5/1/2/9/6/451296-good-boys-0-230-0-345-crop.jpg?v=45b3c21b45
ichi-the-killer,Ichi the Killer,2001,https://a.ltrbxd.com/resized/film-poster/4/6/9/0/8/46908-ichi-the-killer-0-230-0-345-crop.jpg?v=05cf96b1d5
big-daddy,Big Daddy,1999,https://a.ltrbxd.com/resized/film-poster/4/7/4/1/1/47411-big-daddy-0-230-0-345-crop.jpg?v=144c91db8f
lake-mungo,Lake Mungo,2008,https://a.ltrbxd.com/resized/film-poster/3/4/5/7/6/34576-lake-mungo-0-230-0-345-crop.jpg?v=3f3d18dc01
jeepers-creepers,Jeepers Creepers,2001,https://a.ltrbxd.com/resized/film-poster/4/7/5/0/6/47506-jeepers-creepers-0-230-0-345-crop.jpg?v=6d702fc8ce
casper,Casper,1995,https://a.ltrbxd.com/resized/film-poster/4/7/5/8/2/47582-casper-0-230-0-345-crop.jpg?v=b9b5fbda43
joy-ride-2023,Joy Ride,2023,https://a.ltrbxd.com/resized/film-poster/7/7/8/1/1/7/778117-joy-ride-0-230-0-345-crop.jpg?v=9f76a25e25
the-meyerowitz-stories-new-and-selected,The Meyerowitz Stories (New and Selected),2017,https://a.ltrbxd.com/resized/sm/upload/3h/s9/0c/uc/lJr90SKXhEBaSchymgzOrbC56kA-0-230-0-345-crop.jpg?v=513dea5c80
da-5-bloods,Da 5 Bloods,2020,https://a.ltrbxd.com/resized/film-poster/5/0/9/6/9/9/509699-da-5-bloods-0-230-0-345-crop.jpg?v=64203ef43a
wish-2023,Wish,2023,https://a.ltrbxd.com/resized/film-poster/9/2/1/5/9/2/921592-wish-0-230-0-345-crop.jpg?v=6f65666142
coming-to-america,Coming to America,1988,https://a.ltrbxd.com/resized/film-poster/4/6/9/9/9/46999-coming-to-america-0-230-0-345-crop.jpg?v=c3f2f6328e
my-policeman,My Policeman,2022,https://a.ltrbxd.com/resized/film-poster/6/6/5/5/3/8/665538-my-policeman-0-230-0-345-crop.jpg?v=d5aa987924
funny-games-2007,Funny Games,2007,https://a.ltrbxd.com/resized/film-poster/4/7/7/1/0/47710-funny-games-0-230-0-345-crop.jpg?v=5fb4eca12a
maurice,Maurice,1987,https://a.ltrbxd.com/resized/film-poster/3/5/3/6/2/35362-maurice-0-230-0-345-crop.jpg?v=dc2857734d
pieces-of-a-woman,Pieces of a Woman,2020,https://a.ltrbxd.com/resized/film-poster/5/6/7/5/4/7/567547-pieces-of-a-woman-0-230-0-345-crop.jpg?v=6e3402e7b3
bend-it-like-beckham,Bend It Like Beckham,2002,https://a.ltrbxd.com/resized/sm/upload/x4/4s/cb/hh/bend-it-like-beckham-0-230-0-345-crop.jpg?v=819b07ce83
parallel-mothers,Parallel Mothers,2021,https://a.ltrbxd.com/resized/film-poster/6/8/6/8/5/5/686855-parallel-mothers-0-230-0-345-crop.jpg?v=ccaf1936cf
the-hand-of-god,The Hand of God,2021,https://a.ltrbxd.com/resized/film-poster/6/4/5/5/9/8/645598-the-hand-of-god-0-230-0-345-crop.jpg?v=9462c9e034
bob-marley-one-love,Bob Marley: One Love,2024,https://a.ltrbxd.com/resized/film-poster/7/1/9/7/2/4/719724-bob-marley-one-love-0-230-0-345-crop.jpg?v=99a53535c0
sorcerer,Sorcerer,1977,https://a.ltrbxd.com/resized/film-poster/2/5/6/5/0/25650-sorcerer-0-230-0-345-crop.jpg?v=8dd4d17006
american-graffiti,American Graffiti,1973,https://a.ltrbxd.com/resized/sm/upload/pg/y6/re/c7/xq8MFYQ6MLZ65mFpweqV6mCs39k-0-230-0-345-crop.jpg?v=c90f2b906e
spaceballs,Spaceballs,1987,https://a.ltrbxd.com/resized/film-poster/5/1/2/0/3/51203-spaceballs-0-230-0-345-crop.jpg?v=a9ab35ec2b
on-the-waterfront,On the Waterfront,1954,https://a.ltrbxd.com/resized/film-poster/5/1/4/7/0/51470-on-the-waterfront-0-230-0-345-crop.jpg?v=ab41f427a0
extremely-wicked-shockingly-evil-and-vile,"Extremely Wicked, Shockingly Evil and Vile",2019,https://a.ltrbxd.com/resized/film-poster/3/8/9/6/3/7/389637-extremely-wicked-shockingly-evil-and-vile-0-230-0-345-crop.jpg?v=bea317d22f
swallow-2019,Swallow,2019,https://a.ltrbxd.com/resized/film-poster/5/1/4/3/2/9/514329-swallow-0-230-0-345-crop.jpg?v=79c114b6f4
bone-tomahawk,Bone Tomahawk,2015,https://a.ltrbxd.com/resized/film-poster/2/2/2/2/9/8/222298-bone-tomahawk-0-230-0-345-crop.jpg?v=de275d2399
the-mummy-returns,The Mummy Returns,2001,https://a.ltrbxd.com/resized/film-poster/5/0/8/1/8/50818-the-mummy-returns-0-230-0-345-crop.jpg?v=57c66b4446
dark-waters-2019,Dark Waters,2019,https://a.ltrbxd.com/resized/film-poster/4/8/0/8/7/5/480875-dark-waters-0-230-0-345-crop.jpg?v=c4a17c8697
sucker-punch,Sucker Punch,2011,https://a.ltrbxd.com/resized/sm/upload/0w/3u/f0/lk/sucker-punch-original-0-230-0-345-crop.jpg?v=8c0b8e9d6d
the-color-purple,The Color Purple,1985,https://a.ltrbxd.com/resized/film-poster/5/1/2/7/9/51279-the-color-purple-0-230-0-345-crop.jpg?v=e67110dbfe
as-good-as-it-gets,As Good as It Gets,1997,https://a.ltrbxd.com/resized/film-poster/5/0/0/2/5/50025-as-good-as-it-gets-0-230-0-345-crop.jpg?v=55174388b4
red-dragon,Red Dragon,2002,https://a.ltrbxd.com/resized/film-poster/4/7/0/6/7/47067-red-dragon-0-230-0-345-crop.jpg?v=cde2a9e624
one-cut-of-the-dead,One Cut of the Dead,2017,https://a.ltrbxd.com/resized/film-poster/4/4/3/0/8/6/443086-one-cut-of-the-dead-0-230-0-345-crop.jpg?v=41cb73909b
never-rarely-sometimes-always,Never Rarely Sometimes Always,2020,https://a.ltrbxd.com/resized/film-poster/5/2/3/0/6/5/523065-never-rarely-sometimes-always-0-230-0-345-crop.jpg?v=f0bc278167
invasion-of-the-body-snatchers-1978,Invasion of the Body Snatchers,1978,https://a.ltrbxd.com/resized/sm/upload/6u/bl/vb/cd/5oNHdVo0vTsaC47Jv2Wb4eeo4V4-0-230-0-345-crop.jpg?v=b2619cea7f
eileen-2023,Eileen,2023,https://a.ltrbxd.com/resized/film-poster/5/8/9/3/6/5/589365-eileen-0-230-0-345-crop.jpg?v=8f76e3645b
little-women-1994,Little Women,1994,https://a.ltrbxd.com/resized/film-poster/4/7/0/1/4/47014-little-women-0-230-0-345-crop.jpg?v=ca29177bf5
pitch-perfect-3,Pitch Perfect 3,2017,https://a.ltrbxd.com/resized/film-poster/2/8/3/8/5/6/283856-pitch-perfect-3-0-230-0-345-crop.jpg?v=0d8bf4af68
love-2015,Love,2015,https://a.ltrbxd.com/resized/film-poster/2/1/8/8/9/5/218895-love-0-230-0-345-crop.jpg?v=6d622e3fa8
apocalypto,Apocalypto,2006,https://a.ltrbxd.com/resized/film-poster/5/0/9/5/5/50955-apocalypto-0-230-0-345-crop.jpg?v=a8148e5e1d
the-wonder,The Wonder,2022,https://a.ltrbxd.com/resized/film-poster/7/4/0/1/6/2/740162-the-wonder-0-230-0-345-crop.jpg?v=54dd8475ce
ice-age-continental-drift,Ice Age: Continental Drift,2012,https://a.ltrbxd.com/resized/sm/upload/qn/x7/lb/ka/u30xsZd3mijrdBKA6CeDsozx48g-0-230-0-345-crop.jpg?v=6783cf0882
green-lantern,Green Lantern,2011,https://a.ltrbxd.com/resized/film-poster/2/0/2/9/3/20293-green-lantern-0-230-0-345-crop.jpg?v=e17d7cdcdb
goldfinger,Goldfinger,1964,https://a.ltrbxd.com/resized/film-poster/5/1/4/6/6/51466-goldfinger-0-230-0-345-crop.jpg?v=d076b23468
the-boogeyman,The Boogeyman,2023,https://a.ltrbxd.com/resized/film-poster/4/6/1/8/0/8/461808-the-boogeyman-0-230-0-345-crop.jpg?v=3da169a386
oddity-2024,Oddity,2024,https://a.ltrbxd.com/resized/film-poster/1/0/9/9/9/2/5/1099925-oddity-0-230-0-345-crop.jpg?v=d790ed6df8
if-2024,IF,2024,https://a.ltrbxd.com/resized/film-poster/5/6/5/6/5/5/565655-if-0-230-0-345-crop.jpg?v=21d87db193
t2-trainspotting,T2 Trainspotting,2017,https://a.ltrbxd.com/resized/sm/upload/qb/bg/ys/eg/ckYQm2LWP7fqg16HvJ3hYfAXnpT-0-230-0-345-crop.jpg?v=5cbd8dc67c
the-accountant-2016,The Accountant,2016,https://a.ltrbxd.com/resized/film-poster/2/2/9/9/8/1/229981-the-accountant-0-230-0-345-crop.jpg?v=d3dd619627
sense-and-sensibility,Sense and Sensibility,1995,https://a.ltrbxd.com/resized/film-poster/4/9/2/3/2/49232-sense-and-sensibility-0-230-0-345-crop.jpg?v=15cebc0b43
guy-ritchies-the-covenant,Guy Ritchie's The Covenant,2023,https://a.ltrbxd.com/resized/film-poster/7/9/3/8/6/5/793865-the-covenant-0-230-0-345-crop.jpg?v=591d622931
godzilla,Godzilla,1954,https://a.ltrbxd.com/resized/film-poster/5/0/8/6/6/50866-godzilla-0-230-0-345-crop.jpg?v=2b549c08f0
playtime,PlayTime,1967,https://a.ltrbxd.com/resized/sm/upload/bi/e2/9h/of/ivRkXDUcdBZxQiYw5R99ZJM0CpA-0-230-0-345-crop.jpg?v=5ab043bd2f
locke,Locke,2013,https://a.ltrbxd.com/resized/film-poster/1/4/9/8/0/2/149802-locke-0-230-0-345-crop.jpg?v=0795b09b98
tremors,Tremors,1990,https://a.ltrbxd.com/resized/sm/upload/as/zy/qv/ft/aC2wOckYHkLi9usARIfqR51OFV9-0-230-0-345-crop.jpg?v=71c5d815d7
tetsuo-the-iron-man,Tetsuo: The Iron Man,1989,https://a.ltrbxd.com/resized/sm/upload/nk/ig/ti/p9/sIygsUfPDD7pfdvmZR9PKArZ2Jp-0-230-0-345-crop.jpg?v=0048d279b8
transformers-age-of-extinction,Transformers: Age of Extinction,2014,https://a.ltrbxd.com/resized/film-poster/7/6/5/0/4/76504-transformers-age-of-extinction-0-230-0-345-crop.jpg?v=43b234feee
die-hard-2,Die Hard 2,1990,https://a.ltrbxd.com/resized/sm/upload/f1/gp/j4/xi/zSgL998DXaljsCmwQuwDM8Ak4rV-0-230-0-345-crop.jpg?v=393b7309f4
the-girl-on-the-train-2016,The Girl on the Train,2016,https://a.ltrbxd.com/resized/film-poster/2/7/7/0/5/3/277053-the-girl-on-the-train-0-230-0-345-crop.jpg?v=382c5a5b12
the-piano,The Piano,1993,https://a.ltrbxd.com/resized/film-poster/5/1/4/1/3/51413-the-piano-0-230-0-345-crop.jpg?v=3b2718521a
a-goofy-movie,A Goofy Movie,1995,https://a.ltrbxd.com/resized/film-poster/4/2/1/0/1/42101-a-goofy-movie-0-230-0-345-crop.jpg?v=c284584f32
to-all-the-boys-always-and-forever,To All the Boys: Always and Forever,2021,https://a.ltrbxd.com/resized/film-poster/5/4/1/2/4/5/541245-to-all-the-boys-always-and-forever-0-230-0-345-crop.jpg?v=01a37b16e3
fast-times-at-ridgemont-high,Fast Times at Ridgemont High,1982,https://a.ltrbxd.com/resized/sm/upload/ou/6a/j4/uh/lvEenO2CikD4Zo3rFK1flAU99Pr-0-230-0-345-crop.jpg?v=1a3d11da89
rebel-moon-part-one-a-child-of-fire,Rebel Moon – Part One: A Child of Fire,2023,https://a.ltrbxd.com/resized/film-poster/7/6/2/8/1/2/762812-rebel-moon-part-one-a-child-of-fire-0-230-0-345-crop.jpg?v=6a83b584be
the-house-bunny,The House Bunny,2008,https://a.ltrbxd.com/resized/film-poster/4/4/4/2/1/44421-the-house-bunny-0-230-0-345-crop.jpg?v=d0ce80f9e8
paul-2011,Paul,2011,https://a.ltrbxd.com/resized/sm/upload/kv/bj/t4/ly/297N75COL0NsJJY5k5U8VTJ1DCe-0-230-0-345-crop.jpg?v=840e82893f
the-fountain,The Fountain,2006,https://a.ltrbxd.com/resized/sm/upload/ik/k2/ap/k2/the-fountain-0-230-0-345-crop.jpg?v=fb17f64db0
the-killing,The Killing,1956,https://a.ltrbxd.com/resized/film-poster/5/1/8/0/9/51809-the-killing-0-230-0-345-crop.jpg?v=e5e7dfa2a2
gods-own-country-2017,God's Own Country,2017,https://a.ltrbxd.com/resized/film-poster/3/6/1/7/1/9/361719-god-s-own-country-0-230-0-345-crop.jpg?v=1c0cc5dd6b
superman,Superman,1978,https://a.ltrbxd.com/resized/film-poster/5/0/6/8/1/50681-superman-0-230-0-345-crop.jpg?v=874476852b
1408,1408,2007,https://a.ltrbxd.com/resized/film-poster/4/9/9/4/4/49944-1408-0-230-0-345-crop.jpg?v=f0129a1ed0
sky-high-2005,Sky High,2005,https://a.ltrbxd.com/resized/film-poster/4/5/2/8/3/45283-sky-high-0-230-0-345-crop.jpg?v=61efaed3dc
spiral-from-the-book-of-saw,Spiral: From the Book of Saw,2021,https://a.ltrbxd.com/resized/film-poster/5/3/0/0/7/1/530071-spiral-from-the-book-of-saw-0-230-0-345-crop.jpg?v=d837c5993c
mona-lisa-smile,Mona Lisa Smile,2003,https://a.ltrbxd.com/resized/film-poster/4/4/9/8/0/44980-mona-lisa-smile-0-230-0-345-crop.jpg?v=7fc9077d12
the-great-beauty,The Great Beauty,2013,https://a.ltrbxd.com/resized/film-poster/1/3/0/5/2/3/130523-the-great-beauty-0-230-0-345-crop.jpg?v=2c4fa5281f
spirit-stallion-of-the-cimarron,Spirit: Stallion of the Cimarron,2002,https://a.ltrbxd.com/resized/sm/upload/9i/k2/m5/ro/nhrcR2KtVjXxJNSrPvcxVSyEf4c-0-230-0-345-crop.jpg?v=785e1166d4
marley-me,Marley & Me,2008,https://a.ltrbxd.com/resized/film-poster/4/3/1/8/4/43184-marley-me-0-230-0-345-crop.jpg?v=a1cff86506
happiness,Happiness,1998,https://a.ltrbxd.com/resized/film-poster/4/5/9/9/3/45993-happiness-0-230-0-345-crop.jpg?v=6a13cdff52
killer-klowns-from-outer-space,Killer Klowns from Outer Space,1988,https://a.ltrbxd.com/resized/film-poster/4/1/6/7/2/41672-killer-klowns-from-outer-space-0-230-0-345-crop.jpg?v=62918cf2e0
garden-state,Garden State,2004,https://a.ltrbxd.com/resized/film-poster/5/1/6/8/9/51689-garden-state-0-230-0-345-crop.jpg?v=de19ae4a38
saw-vi,Saw VI,2009,https://a.ltrbxd.com/resized/film-poster/3/7/6/8/7/37687-saw-vi-0-230-0-345-crop.jpg?v=93b5f6dceb
andrei-rublev,Andrei Rublev,1966,https://a.ltrbxd.com/resized/sm/upload/ta/n3/34/bp/andrey-rublyov-0-230-0-345-crop.jpg?v=d30a8bb2cb
hannah-montana-the-movie,Hannah Montana: The Movie,2009,https://a.ltrbxd.com/resized/film-poster/4/0/5/6/7/40567-hannah-montana-the-movie-0-230-0-345-crop.jpg?v=aa32cb6cd0
hubie-halloween,Hubie Halloween,2020,https://a.ltrbxd.com/resized/film-poster/5/4/4/5/1/1/544511-hubie-halloween-0-230-0-345-crop.jpg?v=38d9c9a58a
die-hard-with-a-vengeance,Die Hard With a Vengeance,1995,https://a.ltrbxd.com/resized/film-poster/5/0/9/6/2/50962-die-hard-with-a-vengeance-0-230-0-345-crop.jpg?v=d9f53f4d7c
pretty-in-pink,Pretty in Pink,1986,https://a.ltrbxd.com/resized/film-poster/4/5/2/2/6/45226-pretty-in-pink-0-230-0-345-crop.jpg?v=0a33939636
kimi,Kimi,2022,https://a.ltrbxd.com/resized/film-poster/7/1/7/9/7/2/717972-kimi-0-230-0-345-crop.jpg?v=c74a5a4d79
camp-rock,Camp Rock,2008,https://a.ltrbxd.com/resized/sm/upload/2o/jj/dd/os/2WdEnrjqB4ItGWDYrve7YuDW7On-0-230-0-345-crop.jpg?v=4c39e2fdc6
gentlemen-prefer-blondes,Gentlemen Prefer Blondes,1953,https://a.ltrbxd.com/resized/film-poster/5/1/3/9/3/51393-gentlemen-prefer-blondes-0-230-0-345-crop.jpg?v=aa60ad810b
a-rainy-day-in-new-york,A Rainy Day in New York,2019,https://a.ltrbxd.com/resized/film-poster/4/0/6/1/4/4/406144-a-rainy-day-in-new-york-0-230-0-345-crop.jpg?v=fc0aa8168b
letters-to-juliet,Letters to Juliet,2010,https://a.ltrbxd.com/resized/film-poster/2/7/3/5/9/27359-letters-to-juliet-0-230-0-345-crop.jpg?v=1ef7a3370e
no-strings-attached,No Strings Attached,2011,https://a.ltrbxd.com/resized/sm/upload/uz/u6/by/g9/no-strings-attached-original-0-230-0-345-crop.jpg?v=adb4f76285
happy-death-day-2u,Happy Death Day 2U,2019,https://a.ltrbxd.com/resized/film-poster/4/4/1/8/5/6/441856-happy-death-day-2u-0-230-0-345-crop.jpg?v=05ac8783bc
hostel,Hostel,2005,https://a.ltrbxd.com/resized/film-poster/5/0/8/5/4/50854-hostel-0-230-0-345-crop.jpg?v=a36ed6782d
lights-out-2016,Lights Out,2016,https://a.ltrbxd.com/resized/film-poster/2/7/6/2/6/7/276267-lights-out-0-230-0-345-crop.jpg?v=849bf121d1
remember-me,Remember Me,2010,https://a.ltrbxd.com/resized/film-poster/3/7/5/0/2/37502-remember-me-0-230-0-345-crop.jpg?v=ac4d9e50b9
dirty-harry,Dirty Harry,1971,https://a.ltrbxd.com/resized/film-poster/5/1/1/8/5/51185-dirty-harry-0-230-0-345-crop.jpg?v=d0d3388e17
boiling-point-2021,Boiling Point,2021,https://a.ltrbxd.com/resized/film-poster/7/2/4/2/2/5/724225-boiling-point-0-230-0-345-crop.jpg?v=0b18b70ab9
ghostbusters-ii,Ghostbusters II,1989,https://a.ltrbxd.com/resized/film-poster/4/9/9/8/1/49981-ghostbusters-ii-0-230-0-345-crop.jpg?v=63439a040e
christine-1983,Christine,1983,https://a.ltrbxd.com/resized/film-poster/4/7/6/1/5/47615-christine-0-230-0-345-crop.jpg?v=368af14bb5
spy,Spy,2015,https://a.ltrbxd.com/resized/film-poster/1/6/7/5/0/2/167502-spy-0-230-0-345-crop.jpg?v=6c870d13df
jigsaw-2017,Jigsaw,2017,https://a.ltrbxd.com/resized/sm/upload/dc/8o/0e/cc/zUbUtxiTdEgWnkXY945gtYYqBZ1-0-230-0-345-crop.jpg?v=1f086cc6f6
aquamarine,Aquamarine,2006,https://a.ltrbxd.com/resized/film-poster/4/3/2/8/0/43280-aquamarine-0-230-0-345-crop.jpg?v=572746e1a0
dracula,Dracula,1931,https://a.ltrbxd.com/resized/film-poster/5/1/9/1/3/51913-dracula-0-230-0-345-crop.jpg?v=a27a82cffc
cats-2019,Cats,2019,https://a.ltrbxd.com/resized/film-poster/4/6/5/9/7/8/465978-cats-0-230-0-345-crop.jpg?v=586897dd38
the-book-of-life-2014,The Book of Life,2014,https://a.ltrbxd.com/resized/film-poster/1/6/0/5/8/6/160586-the-book-of-life-0-230-0-345-crop.jpg?v=1f8762f070
the-exorcist-believer,The Exorcist: Believer,2023,https://a.ltrbxd.com/resized/film-poster/7/2/4/3/9/4/724394-the-exorcist-believer-0-230-0-345-crop.jpg?v=eb3eebeb5f
not-another-teen-movie,Not Another Teen Movie,2001,https://a.ltrbxd.com/resized/film-poster/4/5/3/3/7/45337-not-another-teen-movie-0-230-0-345-crop.jpg?v=f5dc58d9ec
the-square-2017,The Square,2017,https://a.ltrbxd.com/resized/film-poster/3/3/5/9/5/9/335959-the-square-0-230-0-345-crop.jpg?v=77d3cd3b1f
the-popes-exorcist,The Pope's Exorcist,2023,https://a.ltrbxd.com/resized/film-poster/6/7/8/8/4/5/678845-the-pope-s-exorcist-0-230-0-345-crop.jpg?v=b488ccbfa8
jingle-all-the-way,Jingle All the Way,1996,https://a.ltrbxd.com/resized/film-poster/4/7/3/1/3/47313-jingle-all-the-way-0-230-0-345-crop.jpg?v=c424e0bd0d
the-sandlot,The Sandlot,1993,https://a.ltrbxd.com/resized/film-poster/4/5/2/2/0/45220-the-sandlot-0-230-0-345-crop.jpg?v=ab0f1f010f
it-happened-one-night,It Happened One Night,1934,https://a.ltrbxd.com/resized/film-poster/4/9/8/9/3/49893-it-happened-one-night-0-230-0-345-crop.jpg?v=295aec1a60
the-fog,The Fog,1980,https://a.ltrbxd.com/resized/film-poster/5/1/3/6/2/51362-the-fog-0-230-0-345-crop.jpg?v=2f669d4209
ghost-rider,Ghost Rider,2007,https://a.ltrbxd.com/resized/film-poster/5/1/1/3/0/51130-ghost-rider-0-230-0-345-crop.jpg?v=f4c835f888
color-out-of-space,Color Out of Space,2019,https://a.ltrbxd.com/resized/sm/upload/9u/ii/2s/pj/coloroutofspace-0-230-0-345-crop.jpg?v=8ae68f2142
the-warriors,The Warriors,1979,https://a.ltrbxd.com/resized/film-poster/4/5/2/7/0/45270-the-warriors-0-230-0-345-crop.jpg?v=acf7a78e78
maleficent-mistress-of-evil,Maleficent: Mistress of Evil,2019,https://a.ltrbxd.com/resized/sm/upload/br/w8/7p/0n/r8TJt6wskLE7VsFW4WC0phfroE4-0-230-0-345-crop.jpg?v=db24ea793c
the-platform-2,The Platform 2,2024,https://a.ltrbxd.com/resized/film-poster/1/0/1/4/4/8/2/1014482-the-platform-2-0-230-0-345-crop.jpg?v=85590ad704
dead-ringers,Dead Ringers,1988,https://a.ltrbxd.com/resized/sm/upload/o5/f8/9s/nn/4Dq2qYkyJeJGw0mfhQVXgI2pMYx-0-230-0-345-crop.jpg?v=7265fa979c
van-helsing,Van Helsing,2004,https://a.ltrbxd.com/resized/film-poster/4/8/1/1/3/48113-van-helsing-0-230-0-345-crop.jpg?v=13d139835c
widows-2018,Widows,2018,https://a.ltrbxd.com/resized/film-poster/3/3/6/0/6/6/336066-widows-0-230-0-345-crop.jpg?v=4d9e9f5e5c
the-maltese-falcon-1941,The Maltese Falcon,1941,https://a.ltrbxd.com/resized/film-poster/5/1/2/0/0/51200-the-maltese-falcon-0-230-0-345-crop.jpg?v=aabcfc5f11
sympathy-for-mr-vengeance,Sympathy for Mr. Vengeance,2002,https://a.ltrbxd.com/resized/sm/upload/v7/7s/nw/vo/sympathy-for-mr-vengeance-0-230-0-345-crop.jpg?v=5823d56685
deep-red,Deep Red,1975,https://a.ltrbxd.com/resized/sm/upload/37/4z/4w/cc/rSHs6nsCw6vJwgz9djlAp4g3NCN-0-230-0-345-crop.jpg?v=f93ceb8e5b
first-cow,First Cow,2019,https://a.ltrbxd.com/resized/film-poster/4/8/7/1/3/5/487135-first-cow-0-230-0-345-crop.jpg?v=e04cb2aaa3
sleepaway-camp,Sleepaway Camp,1983,https://a.ltrbxd.com/resized/film-poster/4/3/7/7/8/43778-sleepaway-camp-0-230-0-345-crop.jpg?v=0c32173cc8
revolutionary-road,Revolutionary Road,2008,https://a.ltrbxd.com/resized/sm/upload/uy/ay/hl/xy/bnOK1lmdlqdy2HX6IgKx9TQD7Ax-0-230-0-345-crop.jpg?v=e41750e25b
john-tucker-must-die,John Tucker Must Die,2006,https://a.ltrbxd.com/resized/film-poster/4/7/2/9/9/47299-john-tucker-must-die-0-230-0-345-crop.jpg?v=c462bcc2a7
wanted-2008,Wanted,2008,https://a.ltrbxd.com/resized/sm/upload/vg/5i/dx/zt/mUrkppyahzk6koYFekxeu0tmcPd-0-230-0-345-crop.jpg?v=6806e62c03
victoria-2015,Victoria,2015,https://a.ltrbxd.com/resized/sm/upload/p7/5b/rd/8f/t66eAg7xBLGoSSoA8JtJtX3NKs1-0-230-0-345-crop.jpg?v=3fdf1ed36e
fractured-2019,Fractured,2019,https://a.ltrbxd.com/resized/film-poster/4/9/6/5/5/2/496552-fractured-0-230-0-345-crop.jpg?v=8d45338154
the-squid-and-the-whale,The Squid and the Whale,2005,https://a.ltrbxd.com/resized/film-poster/4/5/9/7/1/45971-the-squid-and-the-whale-0-230-0-345-crop.jpg?v=7bfd459740
argentina-1985,"Argentina, 1985",2022,https://a.ltrbxd.com/resized/film-poster/6/3/7/9/2/9/637929-argentina-1985-0-230-0-345-crop.jpg?v=a420720ced
falling-down,Falling Down,1993,https://a.ltrbxd.com/resized/film-poster/2/7/3/2/2/27322-falling-down-0-230-0-345-crop.jpg?v=3315b39694
incantation-2022,Incantation,2022,https://a.ltrbxd.com/resized/film-poster/7/7/8/5/2/6/778526-incantation-0-230-0-345-crop.jpg?v=6c3dfde6b3
elysium-2013,Elysium,2013,https://a.ltrbxd.com/resized/sm/upload/se/r5/96/v5/7zOZn1eHAetNUEoVN0LJy5EG4JE-0-230-0-345-crop.jpg?v=d39a07197c
underwater-2020,Underwater,2020,https://a.ltrbxd.com/resized/sm/upload/ns/i3/5q/m6/C67E536B-E8A3-4AD1-A9B8-4443EA9695D9-0-230-0-345-crop.jpg?v=7034493b01
vicky-cristina-barcelona,Vicky Cristina Barcelona,2008,https://a.ltrbxd.com/resized/sm/upload/cm/ia/68/my/stMXMgte7EcaOUBQOZfA86GcjYZ-0-230-0-345-crop.jpg?v=ae7eae1b62
imagine-me-you,Imagine Me & You,2005,https://a.ltrbxd.com/resized/film-poster/5/0/9/8/9/50989-imagine-me-you-0-230-0-345-crop.jpg?v=dd59ac719b
monte-carlo,Monte Carlo,2011,https://a.ltrbxd.com/resized/film-poster/6/6/9/8/6698-monte-carlo-0-230-0-345-crop.jpg?v=0a7279f92f
mustang-2015,Mustang,2015,https://a.ltrbxd.com/resized/sm/upload/00/8p/hs/qg/4TXzIp16Ofdw2bNFnLbfVI9QDhr-0-230-0-345-crop.jpg?v=6f7826aa6e
trolls,Trolls,2016,https://a.ltrbxd.com/resized/film-poster/1/0/4/9/9/6/104996-trolls-0-230-0-345-crop.jpg?v=3d715ddf6c
central-intelligence,Central Intelligence,2016,https://a.ltrbxd.com/resized/film-poster/2/2/9/7/4/5/229745-central-intelligence-0-230-0-345-crop.jpg?v=548178126d
passages-2023,Passages,2023,https://a.ltrbxd.com/resized/film-poster/8/0/9/2/1/9/809219-passages-0-230-0-345-crop.jpg?v=cd90b567cf
a-beautiful-day-in-the-neighborhood,A Beautiful Day in the Neighborhood,2019,https://a.ltrbxd.com/resized/film-poster/4/3/1/8/7/7/431877-a-beautiful-day-in-the-neighborhood-0-230-0-345-crop.jpg?v=80d455b968
alice-through-the-looking-glass-2016,Alice Through the Looking Glass,2016,https://a.ltrbxd.com/resized/sm/upload/lr/2x/e2/5d/1EHKlvLk5kdBHLXir31DIXscSuZ-0-230-0-345-crop.jpg?v=13b2efc30d
hachi-a-dogs-tale,Hachi: A Dog's Tale,2009,https://a.ltrbxd.com/resized/film-poster/3/3/8/5/3/33853-hachi-a-dog-s-tale-0-230-0-345-crop.jpg?v=483c6690e8
ruby-sparks,Ruby Sparks,2012,https://a.ltrbxd.com/resized/film-poster/8/3/8/6/0/83860-ruby-sparks-0-230-0-345-crop.jpg?v=cf5b52d14c
the-road,The Road,2009,https://a.ltrbxd.com/resized/sm/upload/mc/qb/uk/vv/qLaXnLzqleBWQtjvZ6JGVSaKoC3-0-230-0-345-crop.jpg?v=e37b6df74a
mary-poppins-returns,Mary Poppins Returns,2018,https://a.ltrbxd.com/resized/film-poster/3/3/5/3/4/5/335345-mary-poppins-returns-0-230-0-345-crop.jpg?v=48f3bb95fc
after-2019,After,2019,https://a.ltrbxd.com/resized/film-poster/4/6/7/1/1/5/467115-after-0-230-0-345-crop.jpg?v=5807f31723
millers-crossing,Miller's Crossing,1990,https://a.ltrbxd.com/resized/sm/upload/lz/aw/da/hw/ab3pnsTKp3BgcAFy0FgWBFBg9FL-0-230-0-345-crop.jpg?v=24a6039d0c
easy-rider,Easy Rider,1969,https://a.ltrbxd.com/resized/film-poster/5/1/5/0/0/51500-easy-rider-0-230-0-345-crop.jpg?v=545a328b75
cache,Caché,2005,https://a.ltrbxd.com/resized/film-poster/5/1/6/5/2/51652-cache-0-230-0-345-crop.jpg?v=3d93086d93
the-girl-next-door-2004,The Girl Next Door,2004,https://a.ltrbxd.com/resized/sm/upload/aw/57/ox/74/lWybRfPlUCKKOaYFSjY67pNhkxa-0-230-0-345-crop.jpg?v=782e1d861d
the-card-counter,The Card Counter,2021,https://a.ltrbxd.com/resized/film-poster/5/6/9/5/6/3/569563-the-card-counter-0-230-0-345-crop.jpg?v=54ec4550f0
star-trek-beyond,Star Trek Beyond,2016,https://a.ltrbxd.com/resized/sm/upload/d7/xz/42/kc/bd7InZu9ItUjeLGZqcwCWEGPLjT-0-230-0-345-crop.jpg?v=a8c685f0c3
lethal-weapon,Lethal Weapon,1987,https://a.ltrbxd.com/resized/sm/upload/zv/vc/5m/ax/mF2bTqJuxbZPeEJRIMrA2WeQVxu-0-230-0-345-crop.jpg?v=9b73046ce8
hellraiser-2022,Hellraiser,2022,https://a.ltrbxd.com/resized/film-poster/2/6/8/3/6/0/268360-hellraiser-0-230-0-345-crop.jpg?v=c5c7bc62cb
hitch-2005,Hitch,2005,https://a.ltrbxd.com/resized/film-poster/4/7/6/9/9/47699-hitch-0-230-0-345-crop.jpg?v=432b444bf6
friday-the-13th-part-2,Friday the 13th Part 2,1981,https://a.ltrbxd.com/resized/film-poster/4/6/8/8/2/46882-friday-the-13th-part-2-0-230-0-345-crop.jpg?v=e44d9e7a58
aguirre-the-wrath-of-god,"Aguirre, the Wrath of God",1972,https://a.ltrbxd.com/resized/film-poster/5/0/6/1/2/50612-aguirre-the-wrath-of-god-0-230-0-345-crop.jpg?v=f240772917
the-gift-2015-1,The Gift,2015,https://a.ltrbxd.com/resized/film-poster/2/5/5/9/2/7/255927-the-gift-0-230-0-345-crop.jpg?v=895919e8c7
tombstone,Tombstone,1993,https://a.ltrbxd.com/resized/film-poster/4/4/8/3/9/44839-tombstone-0-230-0-345-crop.jpg?v=7242ef82fa
roald-dahls-matilda-the-musical,Roald Dahl's Matilda the Musical,2022,https://a.ltrbxd.com/resized/film-poster/5/9/3/2/8/2/593282-roald-dahl-s-matilda-the-musical-0-230-0-345-crop.jpg?v=d0fb13284e
chicken-run-dawn-of-the-nugget,Chicken Run: Dawn of the Nugget,2023,https://a.ltrbxd.com/resized/film-poster/4/5/0/3/3/4/450334-chicken-run-dawn-of-the-nugget-0-230-0-345-crop.jpg?v=b0fd0b4137
the-celebration,The Celebration,1998,https://a.ltrbxd.com/resized/film-poster/5/1/7/5/0/51750-the-celebration-0-230-0-345-crop.jpg?v=7eefb2e0b7
purple-hearts-2022,Purple Hearts,2022,https://a.ltrbxd.com/resized/film-poster/6/8/3/1/9/5/683195-purple-hearts-0-230-0-345-crop.jpg?v=09117684d9
horton-hears-a-who-2008,Horton Hears a Who!,2008,https://a.ltrbxd.com/resized/sm/upload/fs/bb/aw/4z/cYc2MbsXsDbMcf3tZDSiuNLn7kn-0-230-0-345-crop.jpg?v=13263a7507
carrie-2013,Carrie,2013,https://a.ltrbxd.com/resized/sm/upload/2u/pi/5y/v0/h5YXR3xYXeV66DnQtiGrdN29ExR-0-230-0-345-crop.jpg?v=714ac73be8
evil-does-not-exist,Evil Does Not Exist,2023,https://a.ltrbxd.com/resized/film-poster/1/0/4/2/2/7/7/1042277-evil-does-not-exist-0-230-0-345-crop.jpg?v=a76547ed16
braindead-1992,Braindead,1992,https://a.ltrbxd.com/resized/sm/upload/87/bo/zt/5w/auD6GTyZXrvkv8ZQIGmpJsHFJxn-0-230-0-345-crop.jpg?v=940b915d8a
con-air,Con Air,1997,https://a.ltrbxd.com/resized/film-poster/5/0/8/4/5/50845-con-air-0-230-0-345-crop.jpg?v=207f257fec
you-are-so-not-invited-to-my-bat-mitzvah,You Are So Not Invited to My Bat Mitzvah,2023,https://a.ltrbxd.com/resized/film-poster/9/0/0/3/5/6/900356-you-are-so-not-invited-to-my-bat-mitzvah-0-230-0-345-crop.jpg?v=b6e8b48a94
master-and-commander-the-far-side-of-the-world,Master and Commander: The Far Side of the World,2003,https://a.ltrbxd.com/resized/sm/upload/du/jf/g4/jt/4o4JyEQldHQiqJn0BBRFppDmI65-0-230-0-345-crop.jpg?v=4d07bad0bd
instant-family,Instant Family,2018,https://a.ltrbxd.com/resized/film-poster/4/2/1/8/4/7/421847-instant-family-0-230-0-345-crop.jpg?v=c3bcac8147
blue-jasmine,Blue Jasmine,2013,https://a.ltrbxd.com/resized/film-poster/1/1/9/4/6/6/119466-blue-jasmine-0-230-0-345-crop.jpg?v=f9deaa1eb7
night-on-earth,Night on Earth,1991,https://a.ltrbxd.com/resized/film-poster/5/1/7/2/3/51723-night-on-earth-0-230-0-345-crop.jpg?v=b2c1cfb249
lolita-1997,Lolita,1997,https://a.ltrbxd.com/resized/sm/upload/iu/d0/hk/uj/2cAvrSWTkhTbS6BfES58ZqHw7JS-0-230-0-345-crop.jpg?v=db2264bca7
angels-egg,Angel's Egg,1985,https://a.ltrbxd.com/resized/film-poster/4/1/9/9/0/41990-angel-s-egg-0-230-0-345-crop.jpg?v=98f9bf2def
lemonade-mouth,Lemonade Mouth,2011,https://a.ltrbxd.com/resized/film-poster/1/6/1/0/1610-lemonade-mouth-0-230-0-345-crop.jpg?v=b30e14822e
paper-moon,Paper Moon,1973,https://a.ltrbxd.com/resized/film-poster/4/5/4/4/0/45440-paper-moon-0-230-0-345-crop.jpg?v=316658d694
what-ever-happened-to-baby-jane,What Ever Happened to Baby Jane?,1962,https://a.ltrbxd.com/resized/sm/upload/cq/ht/cp/b9/7Zr0EuDMcIvnJREsLmaAWi5x7mV-0-230-0-345-crop.jpg?v=2a2340c9fd
under-paris,Under Paris,2024,https://a.ltrbxd.com/resized/film-poster/9/0/2/0/5/8/902058-under-paris-0-230-0-345-crop.jpg?v=6ae438e784
creep-2,Creep 2,2017,https://a.ltrbxd.com/resized/film-poster/3/3/0/8/3/7/330837-creep-2-0-230-0-345-crop.jpg?v=c0deef14ce
scanners,Scanners,1981,https://a.ltrbxd.com/resized/film-poster/4/7/0/6/2/47062-scanners-0-230-0-345-crop.jpg?v=41f5e788db
the-lodge-2019,The Lodge,2019,https://a.ltrbxd.com/resized/film-poster/4/0/6/0/0/1/406001-the-lodge-0-230-0-345-crop.jpg?v=31232889e2
man-on-fire-2004,Man on Fire,2004,https://a.ltrbxd.com/resized/sm/upload/vy/z4/mq/qc/qAbRLPe8T7ehKzr1Tgo78T7ASrS-0-230-0-345-crop.jpg?v=7b09147ed3
a-nightmare-on-elm-street-part-2-freddys-revenge,A Nightmare on Elm Street Part 2: Freddy's Revenge,1985,https://a.ltrbxd.com/resized/sm/upload/29/hz/3n/dz/r3fVcNVXsLdo8xZhoOSeUwMNM6B-0-230-0-345-crop.jpg?v=3beb4abd93
sexy-beast,Sexy Beast,2000,https://a.ltrbxd.com/resized/sm/upload/0i/uu/90/yq/t1nDiWheu0HlOZA8thaESVCXpHr-0-230-0-345-crop.jpg?v=e8429aa8b3
kung-fu-hustle,Kung Fu Hustle,2004,https://a.ltrbxd.com/resized/film-poster/4/7/1/2/8/47128-kung-fu-hustle-0-230-0-345-crop.jpg?v=501b38b95f
bronson,Bronson,2008,https://a.ltrbxd.com/resized/sm/upload/iw/tf/cv/m0/dnNR1IpEboT6zmWdo4lw7LTzVEm-0-230-0-345-crop.jpg?v=0f1de51441
bride-of-frankenstein,Bride of Frankenstein,1935,https://a.ltrbxd.com/resized/sm/upload/p7/zi/45/xn/5241zUwe7rC17MNc2QpCBKKdp1N-0-230-0-345-crop.jpg?v=0431699bb4
sex-and-the-city,Sex and the City,2008,https://a.ltrbxd.com/resized/sm/upload/mj/ol/db/70/5fuWykynmiJ07fKA84BVxxuiGHx-0-230-0-345-crop.jpg?v=0ae5d25fb9
the-last-airbender,The Last Airbender,2010,https://a.ltrbxd.com/resized/film-poster/4/6/4/5/5/46455-the-last-airbender-0-230-0-345-crop.jpg?v=fbb4ff717f
nacho-libre,Nacho Libre,2006,https://a.ltrbxd.com/resized/film-poster/4/7/2/4/2/47242-nacho-libre-0-230-0-345-crop.jpg?v=0ab63f1868
meet-the-fockers,Meet the Fockers,2004,https://a.ltrbxd.com/resized/film-poster/5/1/4/3/3/51433-meet-the-fockers-0-230-0-345-crop.jpg?v=4fa8b8ae28
a-tale-of-two-sisters,A Tale of Two Sisters,2003,https://a.ltrbxd.com/resized/sm/upload/wm/de/5k/bi/8fmnXoIw3e3J7YSr8bzcPica4Dk-0-230-0-345-crop.jpg?v=7f3e0cac93
the-searchers,The Searchers,1956,https://a.ltrbxd.com/resized/film-poster/4/9/8/5/8/49858-the-searchers-0-230-0-345-crop.jpg?v=51443f7735
wendell-wild,Wendell & Wild,2022,https://a.ltrbxd.com/resized/film-poster/4/4/1/4/7/4/441474-wendell-wild-0-230-0-345-crop.jpg?v=b2a137b707
south-park-bigger-longer-uncut,"South Park: Bigger, Longer & Uncut",1999,https://a.ltrbxd.com/resized/film-poster/4/7/1/2/5/47125-south-park-bigger-longer-uncut-0-230-0-345-crop.jpg?v=a071e7698f
to-die-for,To Die For,1995,https://a.ltrbxd.com/resized/sm/upload/6u/j0/hc/6e/zCREx8trzejNieDLUsRuwLU0cS3-0-230-0-345-crop.jpg?v=c8c48f0d2b
true-lies,True Lies,1994,https://a.ltrbxd.com/resized/sm/upload/zf/04/up/js/mTAHr5h5i64hTLqo0cW2X2083Cx-0-230-0-345-crop.jpg?v=f47666bb4f
goodnight-mommy,Goodnight Mommy,2014,https://a.ltrbxd.com/resized/film-poster/2/0/9/6/1/3/209613-goodnight-mommy-0-230-0-345-crop.jpg?v=0defccf247
picnic-at-hanging-rock,Picnic at Hanging Rock,1975,https://a.ltrbxd.com/resized/sm/upload/3k/2b/j9/o8/R1C3mLnyC7LbWoH3mhT3ZZZobv-0-230-0-345-crop.jpg?v=facefec0d5
the-emoji-movie,The Emoji Movie,2017,https://a.ltrbxd.com/resized/film-poster/3/1/3/4/9/1/313491-the-emoji-movie-0-230-0-345-crop.jpg?v=756958fbaa
burlesque,Burlesque,2010,https://a.ltrbxd.com/resized/sm/upload/g7/27/lz/m7/j7AwTMAauPuwO8mixpU6SSPuPeZ-0-230-0-345-crop.jpg?v=3347130748
the-old-guard-2020,The Old Guard,2020,https://a.ltrbxd.com/resized/film-poster/4/7/5/9/0/1/475901-the-old-guard-0-230-0-345-crop.jpg?v=fc3fc5e5d5
marrowbone,Marrowbone,2017,https://a.ltrbxd.com/resized/film-poster/3/3/3/6/3/2/333632-marrowbone-0-230-0-345-crop.jpg?v=3b57562a68
tucker-and-dale-vs-evil,Tucker and Dale vs. Evil,2010,https://a.ltrbxd.com/resized/sm/upload/ev/9g/mu/qp/lNaivZXcad1bXDoptUzV3PQ2Ms0-0-230-0-345-crop.jpg?v=a229fef0ed
his-house,His House,2020,https://a.ltrbxd.com/resized/film-poster/5/0/3/8/8/9/503889-his-house-0-230-0-345-crop.jpg?v=c034af4a42
ticket-to-paradise-2022,Ticket to Paradise,2022,https://a.ltrbxd.com/resized/film-poster/7/1/8/2/9/6/718296-ticket-to-paradise-0-230-0-345-crop.jpg?v=edc76b3fdb
halloween-iii-season-of-the-witch,Halloween III: Season of the Witch,1982,https://a.ltrbxd.com/resized/sm/upload/ft/3r/kv/d3/svPexK18MEl0lyAqb8fFUGGsEQ8-0-230-0-345-crop.jpg?v=bf6688f02b
the-little-things-2021,The Little Things,2021,https://a.ltrbxd.com/resized/film-poster/5/2/9/5/2/9/529529-the-little-things-0-230-0-345-crop.jpg?v=bd98e22cc1
sisu-2022,Sisu,2022,https://a.ltrbxd.com/resized/film-poster/7/5/5/5/0/4/755504-sisu-0-230-0-345-crop.jpg?v=34902f2251
annabelle-comes-home,Annabelle Comes Home,2019,https://a.ltrbxd.com/resized/film-poster/4/5/0/5/5/0/450550-annabelle-comes-home-0-230-0-345-crop.jpg?v=1738ed4de0
a-nightmare-on-elm-street-3-dream-warriors,A Nightmare on Elm Street 3: Dream Warriors,1987,https://a.ltrbxd.com/resized/film-poster/4/6/5/7/4/46574-a-nightmare-on-elm-street-3-dream-warriors-0-230-0-345-crop.jpg?v=b3ae2fe814
pride-2014,Pride,2014,https://a.ltrbxd.com/resized/sm/upload/9v/kq/3h/os/i99RyDuRDhZEqgCEeZ5eKZ41bMh-0-230-0-345-crop.jpg?v=6633629edd
kajillionaire,Kajillionaire,2020,https://a.ltrbxd.com/resized/film-poster/4/7/0/3/6/9/470369-kajillionaire-0-230-0-345-crop.jpg?v=25d122300c
batman-mask-of-the-phantasm,Batman: Mask of the Phantasm,1993,https://a.ltrbxd.com/resized/film-poster/4/2/7/1/1/42711-batman-mask-of-the-phantasm-0-230-0-345-crop.jpg?v=f5ef23ac7b
last-christmas-2019,Last Christmas,2019,https://a.ltrbxd.com/resized/film-poster/4/7/7/8/6/3/477863-last-christmas-0-230-0-345-crop.jpg?v=c5acc20c96
the-wedding-singer,The Wedding Singer,1998,https://a.ltrbxd.com/resized/sm/upload/2m/05/gu/7h/t4M6RrwBQKTqbnG9vqG339G7FCC-0-230-0-345-crop.jpg?v=a02306754a
the-battle-of-algiers,The Battle of Algiers,1966,https://a.ltrbxd.com/resized/film-poster/4/1/0/8/1/41081-the-battle-of-algiers-0-230-0-345-crop.jpg?v=69c38fa93c
throne-of-blood,Throne of Blood,1957,https://a.ltrbxd.com/resized/sm/upload/9z/yq/4e/n4/g6y36s0ZFFjnpEtLG9yHAHBhEbW-0-230-0-345-crop.jpg?v=4fb0cdc4cb
austin-powers-in-goldmember,Austin Powers in Goldmember,2002,https://a.ltrbxd.com/resized/film-poster/5/1/3/3/4/51334-austin-powers-in-goldmember-0-230-0-345-crop.jpg?v=7b31a8e5cb
ma-raineys-black-bottom,Ma Rainey's Black Bottom,2020,https://a.ltrbxd.com/resized/film-poster/5/4/2/4/6/5/542465-ma-rainey-s-black-bottom-0-230-0-345-crop.jpg?v=ff55605b7f
extraction-2,Extraction 2,2023,https://a.ltrbxd.com/resized/film-poster/6/2/1/5/7/1/621571-extraction-2-0-230-0-345-crop.jpg?v=6ad4c536ef
saturday-night-fever,Saturday Night Fever,1977,https://a.ltrbxd.com/resized/sm/upload/40/f2/pd/ql/12Ol9OqHzpXzIp5MKfw8dDkm8kf-0-230-0-345-crop.jpg?v=0452efd7af
julie-julia,Julie & Julia,2009,https://a.ltrbxd.com/resized/sm/upload/ca/ge/3i/f3/4BFGuCcdV7y8mFYzBhgj00d3b1z-0-230-0-345-crop.jpg?v=49759c0e8a
310-to-yuma-2007,3:10 to Yuma,2007,https://a.ltrbxd.com/resized/film-poster/4/8/9/1/8/48918-3-10-to-yuma-0-230-0-345-crop.jpg?v=c068c05bb2
the-straight-story,The Straight Story,1999,https://a.ltrbxd.com/resized/sm/upload/ok/r9/j1/ng/qtgCyKmvxdq8tCozWjwPDcJzUMh-0-230-0-345-crop.jpg?v=7bcc39c23c
chappie,Chappie,2015,https://a.ltrbxd.com/resized/film-poster/1/4/2/2/4/8/142248-chappie-0-230-0-345-crop.jpg?v=cddef7c3e0
lord-of-war,Lord of War,2005,https://a.ltrbxd.com/resized/film-poster/5/0/7/6/9/50769-lord-of-war-0-230-0-345-crop.jpg?v=2c56adceb5
crawl-2019,Crawl,2019,https://a.ltrbxd.com/resized/film-poster/4/4/1/6/6/5/441665-crawl-0-230-0-345-crop.jpg?v=3677f950e5
jfk,JFK,1991,https://a.ltrbxd.com/resized/sm/upload/8f/v3/89/3n/9bmXpKDJv2kdtD4QNexErjGTIOz-0-230-0-345-crop.jpg?v=50854a1ab6
tomb-raider,Tomb Raider,2018,https://a.ltrbxd.com/resized/film-poster/2/6/8/3/8/3/268383-tomb-raider-0-230-0-345-crop.jpg?v=5ae4c1974d
kill-your-darlings-2013,Kill Your Darlings,2013,https://a.ltrbxd.com/resized/sm/upload/dj/4z/u4/3d/j9437B8S3UzDG80WFJRpzIvhPo9-0-230-0-345-crop.jpg?v=0eb09943e3
legend-2015,Legend,2015,https://a.ltrbxd.com/resized/sm/upload/8f/af/l2/9b/nXXI1MCJ0ugMetJ5Qn7ofDXANxf-0-230-0-345-crop.jpg?v=26a8cf0ce1
in-the-tall-grass-2019,In the Tall Grass,2019,https://a.ltrbxd.com/resized/film-poster/4/5/2/5/9/6/452596-in-the-tall-grass-0-230-0-345-crop.jpg?v=323eb5b15c
the-last-of-the-mohicans-1992,The Last of the Mohicans,1992,https://a.ltrbxd.com/resized/film-poster/4/7/2/3/4/47234-the-last-of-the-mohicans-0-230-0-345-crop.jpg?v=8654ed63bd
pet-sematary-2019,Pet Sematary,2019,https://a.ltrbxd.com/resized/film-poster/1/1/7/6/2/9/117629-pet-sematary-0-230-0-345-crop.jpg?v=e060f3b25d
valerian-and-the-city-of-a-thousand-planets,Valerian and the City of a Thousand Planets,2017,https://a.ltrbxd.com/resized/film-poster/2/6/9/4/5/8/269458-valerian-and-the-city-of-a-thousand-planets-0-230-0-345-crop.jpg?v=9c2fba0c0c
dr-no,Dr. No,1962,https://a.ltrbxd.com/resized/film-poster/5/1/4/7/8/51478-dr-no-0-230-0-345-crop.jpg?v=33233a8230
fantastic-four,Fantastic Four,2015,https://a.ltrbxd.com/resized/film-poster/1/2/3/0/6/5/123065-fantastic-four-0-230-0-345-crop.jpg?v=1399b230e4
up-in-the-air,Up in the Air,2009,https://a.ltrbxd.com/resized/film-poster/3/7/6/0/9/37609-up-in-the-air-0-230-0-345-crop.jpg?v=8bb7689649
magic-mike,Magic Mike,2012,https://a.ltrbxd.com/resized/film-poster/6/4/3/9/3/64393-magic-mike-0-230-0-345-crop.jpg?v=6cffe5ef07
rush-hour-2,Rush Hour 2,2001,https://a.ltrbxd.com/resized/film-poster/4/8/9/1/9/48919-rush-hour-2-0-230-0-345-crop.jpg?v=3adbe0612d
contempt,Contempt,1963,https://a.ltrbxd.com/resized/sm/upload/pt/by/s9/xe/e8AFmkWiY6MS7Em4GmLuqjEDc1v-0-230-0-345-crop.jpg?v=9745581dd9
sleepers,Sleepers,1996,https://a.ltrbxd.com/resized/sm/upload/h4/8g/nz/gt/80LV2GvhvMEuOutxgQwbRYpo0Vv-0-230-0-345-crop.jpg?v=2e6a0b782e
freddy-vs-jason,Freddy vs. Jason,2003,https://a.ltrbxd.com/resized/film-poster/4/8/3/0/8/48308-freddy-vs-jason-0-230-0-345-crop.jpg?v=04e14e1889
allegiant,Allegiant,2016,https://a.ltrbxd.com/resized/sm/upload/9s/cx/54/6s/i9LuBG9cx9BW7fFepeCVrvJ8XRP-0-230-0-345-crop.jpg?v=f0deb7f8a1
sex-lies-and-videotape,"sex, lies, and videotape",1989,https://a.ltrbxd.com/resized/film-poster/5/1/0/5/2/51052-sex-lies-and-videotape-0-230-0-345-crop.jpg?v=98a7b851e4
what-happened-to-monday,What Happened to Monday,2017,https://a.ltrbxd.com/resized/sm/upload/1a/oo/r4/c4/o6EsOqITcSzcdwD1zxBM9imdxjr-0-230-0-345-crop.jpg?v=2c8c2c9b5f
bringing-out-the-dead,Bringing Out the Dead,1999,https://a.ltrbxd.com/resized/film-poster/4/7/6/6/4/47664-bringing-out-the-dead-0-230-0-345-crop.jpg?v=ede0e97e64
9,9,2009,https://a.ltrbxd.com/resized/film-poster/4/4/6/6/7/44667-9-0-230-0-345-crop.jpg?v=b33dd485d4
blade-ii,Blade II,2002,https://a.ltrbxd.com/resized/film-poster/2/7/7/8/1/27781-blade-ii-0-230-0-345-crop.jpg?v=cc47042eaa
the-player,The Player,1992,https://a.ltrbxd.com/resized/film-poster/4/6/2/6/3/46263-the-player-0-230-0-345-crop.jpg?v=f62c0b2e5f
avp-alien-vs-predator,AVP: Alien vs. Predator,2004,https://a.ltrbxd.com/resized/film-poster/5/1/6/9/5/51695-avp-alien-vs-predator-0-230-0-345-crop.jpg?v=dd4739e484
long-shot-2019,Long Shot,2019,https://a.ltrbxd.com/resized/film-poster/3/9/1/9/6/4/391964-long-shot-0-230-0-345-crop.jpg?v=02b970ed67
friday,Friday,1995,https://a.ltrbxd.com/resized/film-poster/4/6/0/4/0/46040-friday-0-230-0-345-crop.jpg?v=c18c808736
the-insider,The Insider,1999,https://a.ltrbxd.com/resized/sm/upload/l7/vs/7t/qj/sYQsmMl4oG56NtFaNkDxuJhhODa-0-230-0-345-crop.jpg?v=2ee2c41378
the-hours,The Hours,2002,https://a.ltrbxd.com/resized/film-poster/5/1/5/3/1/51531-the-hours-0-230-0-345-crop.jpg?v=7517ea94ce
james-and-the-giant-peach,James and the Giant Peach,1996,https://a.ltrbxd.com/resized/film-poster/4/6/1/3/3/46133-james-and-the-giant-peach-0-230-0-345-crop.jpg?v=4d3e4d1bde
velvet-buzzsaw,Velvet Buzzsaw,2019,https://a.ltrbxd.com/resized/film-poster/3/9/5/3/7/4/395374-velvet-buzzsaw-0-230-0-345-crop.jpg?v=87d7a65728
blended,Blended,2014,https://a.ltrbxd.com/resized/film-poster/1/6/3/3/1/4/163314-blended-0-230-0-345-crop.jpg?v=f9421de6b4
the-secret-in-their-eyes,The Secret in Their Eyes,2009,https://a.ltrbxd.com/resized/film-poster/3/6/1/1/2/36112-the-secret-in-their-eyes-0-230-0-345-crop.jpg?v=5277eef58e
the-purge-anarchy,The Purge: Anarchy,2014,https://a.ltrbxd.com/resized/film-poster/1/6/7/4/3/3/167433-the-purge-anarchy-0-230-0-345-crop.jpg?v=b64a88416a
monster,Monster,2003,https://a.ltrbxd.com/resized/film-poster/5/1/6/0/6/51606-monster-0-230-0-345-crop.jpg?v=3960562901
eurovision-song-contest-the-story-of-fire-saga,Eurovision Song Contest: The Story of Fire Saga,2020,https://a.ltrbxd.com/resized/film-poster/4/6/0/8/1/3/460813-eurovision-song-contest-the-story-of-fire-saga-0-230-0-345-crop.jpg?v=5b89224ba6
the-abyss,The Abyss,1989,https://a.ltrbxd.com/resized/sm/upload/6c/jg/mp/u4/kRP5dGXDhKt7bDpXX4YBa4dRwlL-0-230-0-345-crop.jpg?v=847a6e9513
good-morning-vietnam,"Good Morning, Vietnam",1987,https://a.ltrbxd.com/resized/sm/upload/s8/9y/90/23/62Ve2yREvobU0qo4DxdSrShh1YO-0-230-0-345-crop.jpg?v=9ac944e058
stranger-than-fiction-2006,Stranger Than Fiction,2006,https://a.ltrbxd.com/resized/film-poster/5/1/1/2/0/51120-stranger-than-fiction-0-230-0-345-crop.jpg?v=14ee3e1526
a-family-affair-2024-1,A Family Affair,2024,https://a.ltrbxd.com/resized/film-poster/8/8/9/1/7/8/889178-a-family-affair-0-230-0-345-crop.jpg?v=05af9a4796
reality-2023,Reality,2023,https://a.ltrbxd.com/resized/film-poster/8/8/7/4/9/1/887491-reality-0-230-0-345-crop.jpg?v=4524aa6c93
public-enemies-2009,Public Enemies,2009,https://a.ltrbxd.com/resized/sm/upload/03/z6/f7/n6/zY7lvAF8yhUKwrrjMpJ023ggBrD-0-230-0-345-crop.jpg?v=7cc67e6729
the-great-escape,The Great Escape,1963,https://a.ltrbxd.com/resized/film-poster/4/8/5/6/2/48562-the-great-escape-0-230-0-345-crop.jpg?v=fb82037284
anchorman-2-the-legend-continues,Anchorman 2: The Legend Continues,2013,https://a.ltrbxd.com/resized/sm/upload/p9/7u/tn/bc/icistuafCrDet2mWXRx9cwwz5ak-0-230-0-345-crop.jpg?v=058d2cf8e5
hulk,Hulk,2003,https://a.ltrbxd.com/resized/film-poster/5/0/6/7/8/50678-hulk-0-230-0-345-crop.jpg?v=b004809460
the-beach,The Beach,2000,https://a.ltrbxd.com/resized/sm/upload/6z/mc/fc/co/2FBMTpxVgsAQOFQRMDUkGRsfREC-0-230-0-345-crop.jpg?v=f05b133c0d
saw-3d,Saw 3D,2010,https://a.ltrbxd.com/resized/film-poster/2/3/5/9/3/23593-saw-3d-0-230-0-345-crop.jpg?v=6c3731bb1c
the-kissing-booth-2,The Kissing Booth 2,2020,https://a.ltrbxd.com/resized/film-poster/5/1/0/9/9/5/510995-the-kissing-booth-2-0-230-0-345-crop.jpg?v=abca13970e
dances-with-wolves,Dances with Wolves,1990,https://a.ltrbxd.com/resized/film-poster/5/1/5/3/9/51539-dances-with-wolves-0-230-0-345-crop.jpg?v=655e740f9b
kneecap,Kneecap,2024,https://a.ltrbxd.com/resized/film-poster/1/0/6/6/9/1/9/1066919-kneecap-0-230-0-345-crop.jpg?v=7df27a9a20
scary-movie-3,Scary Movie 3,2003,https://a.ltrbxd.com/resized/film-poster/4/9/4/3/4/49434-scary-movie-3-0-230-0-345-crop.jpg?v=a3763f1e12
his-three-daughters,His Three Daughters,2023,https://a.ltrbxd.com/resized/film-poster/1/0/4/1/1/6/0/1041160-his-three-daughters-0-230-0-345-crop.jpg?v=3970b63fe0
following,Following,1998,https://a.ltrbxd.com/resized/film-poster/4/5/0/9/3/45093-following-0-230-0-345-crop.jpg?v=e8063646f0
the-babysitter-killer-queen,The Babysitter: Killer Queen,2020,https://a.ltrbxd.com/resized/film-poster/5/5/0/0/4/9/550049-the-babysitter-killer-queen-0-230-0-345-crop.jpg?v=ca9e4961f1
still-alice,Still Alice,2014,https://a.ltrbxd.com/resized/film-poster/2/0/9/6/0/6/209606-still-alice-0-230-0-345-crop.jpg?v=32a621bdc9
force-majeure-2014,Force Majeure,2014,https://a.ltrbxd.com/resized/sm/upload/3e/zo/pi/15/rGMtc9AtZsnWSSL5VnLaGvx1PI6-0-230-0-345-crop.jpg?v=c9fb2ffbd5
ghost-in-the-shell-2017,Ghost in the Shell,2017,https://a.ltrbxd.com/resized/film-poster/2/4/2/9/0/1/242901-ghost-in-the-shell-0-230-0-345-crop.jpg?v=a60d0a18d2
gone-baby-gone,Gone Baby Gone,2007,https://a.ltrbxd.com/resized/sm/upload/xm/5m/yt/zm/zE200jBb0VmFhyNGH7uL2vB6vYd-0-230-0-345-crop.jpg?v=9824ab0f36
drop-dead-gorgeous,Drop Dead Gorgeous,1999,https://a.ltrbxd.com/resized/film-poster/4/6/1/7/9/46179-drop-dead-gorgeous-0-230-0-345-crop.jpg?v=c429391f85
the-eyes-of-tammy-faye-2021,The Eyes of Tammy Faye,2021,https://a.ltrbxd.com/resized/film-poster/5/2/8/7/8/0/528780-the-eyes-of-tammy-faye-0-230-0-345-crop.jpg?v=e66b421cb6
love-at-first-sight-2023,Love at First Sight,2023,https://a.ltrbxd.com/resized/film-poster/2/8/3/8/2/9/283829-love-at-first-sight-0-230-0-345-crop.jpg?v=00be4d6260
whos-afraid-of-virginia-woolf,Who's Afraid of Virginia Woolf?,1966,https://a.ltrbxd.com/resized/film-poster/5/1/6/9/4/51694-who-s-afraid-of-virginia-woolf--0-230-0-345-crop.jpg?v=e194eba2b2
goldeneye,GoldenEye,1995,https://a.ltrbxd.com/resized/film-poster/5/1/4/1/6/51416-goldeneye-0-230-0-345-crop.jpg?v=89d4596d47
dead-man,Dead Man,1995,https://a.ltrbxd.com/resized/sm/upload/0c/fp/b0/2s/8yHprfwQzvgNIywvD4s30vvWGBx-0-230-0-345-crop.jpg?v=1a87035daf
the-chronicles-of-narnia-the-voyage-of-the-dawn-treader,The Chronicles of Narnia: The Voyage of the Dawn Treader,2010,https://a.ltrbxd.com/resized/sm/upload/6m/cd/1f/3y/pRzEyrMSyvpHf92EhsVSg9Yr81t-0-230-0-345-crop.jpg?v=6a8e01c64d
the-discreet-charm-of-the-bourgeoisie,The Discreet Charm of the Bourgeoisie,1972,https://a.ltrbxd.com/resized/film-poster/4/9/2/2/8/49228-the-discreet-charm-of-the-bourgeoisie-0-230-0-345-crop.jpg?v=1d36943c1a
repulsion,Repulsion,1965,https://a.ltrbxd.com/resized/film-poster/4/5/2/6/3/45263-repulsion-0-230-0-345-crop.jpg?v=54da67ac02
men-in-black-international,Men in Black: International,2019,https://a.ltrbxd.com/resized/film-poster/4/1/0/4/3/7/410437-men-in-black-international-0-230-0-345-crop.jpg?v=ec38cd0a03
disobedience-2017,Disobedience,2017,https://a.ltrbxd.com/resized/film-poster/3/5/3/5/2/2/353522-disobedience-0-230-0-345-crop.jpg?v=960376bc81
to-the-bone-2017,To the Bone,2017,https://a.ltrbxd.com/resized/sm/upload/mw/tv/v8/rb/pkdxhdB3dRUqazqoy9lzUvhayjc-0-230-0-345-crop.jpg?v=95bdac887b
benedetta,Benedetta,2021,https://a.ltrbxd.com/resized/film-poster/3/8/6/6/3/1/386631-benedetta-0-230-0-345-crop.jpg?v=517755024e
the-adventures-of-sharkboy-and-lavagirl,The Adventures of Sharkboy and Lavagirl,2005,https://a.ltrbxd.com/resized/film-poster/4/3/2/7/2/43272-the-adventures-of-sharkboy-and-lavagirl-0-230-0-345-crop.jpg?v=1700030604
fly-me-to-the-moon-2024,Fly Me to the Moon,2024,https://a.ltrbxd.com/resized/film-poster/8/6/1/0/3/9/861039-fly-me-to-the-moon-0-230-0-345-crop.jpg?v=9ee3295246
the-happening,The Happening,2008,https://a.ltrbxd.com/resized/film-poster/4/7/6/6/8/47668-the-happening-0-230-0-345-crop.jpg?v=df23462c8e
big-eyes,Big Eyes,2014,https://a.ltrbxd.com/resized/film-poster/7/3/9/4/4/73944-big-eyes-0-230-0-345-crop.jpg?v=5a0658c83c
sherlock-jr,Sherlock Jr.,1924,https://a.ltrbxd.com/resized/film-poster/5/1/1/7/7/51177-sherlock-jr--0-230-0-345-crop.jpg?v=740a4fd1f3
the-sea-beast-2022,The Sea Beast,2022,https://a.ltrbxd.com/resized/sm/upload/91/48/x5/do/sea_beast_xxlg-0-230-0-345-crop.jpg?v=52209df52e
mad-max-beyond-thunderdome,Mad Max Beyond Thunderdome,1985,https://a.ltrbxd.com/resized/film-poster/4/7/2/4/0/47240-mad-max-beyond-thunderdome-0-230-0-345-crop.jpg?v=839ac4f1d2
bad-boys-ii,Bad Boys II,2003,https://a.ltrbxd.com/resized/film-poster/4/7/4/7/3/47473-bad-boys-ii-0-230-0-345-crop.jpg?v=d23eb20062
the-fox-and-the-hound,The Fox and the Hound,1981,https://a.ltrbxd.com/resized/film-poster/4/5/7/4/6/45746-the-fox-and-the-hound-0-230-0-345-crop.jpg?v=13ca91182f
the-good-nurse,The Good Nurse,2022,https://a.ltrbxd.com/resized/film-poster/4/7/0/1/0/7/470107-the-good-nurse-0-230-0-345-crop.jpg?v=036ee4619d
perfume-the-story-of-a-murderer,Perfume: The Story of a Murderer,2006,https://a.ltrbxd.com/resized/film-poster/5/1/0/3/8/51038-perfume-the-story-of-a-murderer-0-230-0-345-crop.jpg?v=5268894716
the-miseducation-of-cameron-post,The Miseducation of Cameron Post,2017,https://a.ltrbxd.com/resized/film-poster/3/6/0/0/2/8/360028-the-miseducation-of-cameron-post-0-230-0-345-crop.jpg?v=61b0daab4c
road-to-perdition,Road to Perdition,2002,https://a.ltrbxd.com/resized/sm/upload/2b/u2/p2/zz/jn0GH8klINSQtRNifY8W2Kv4ajl-0-230-0-345-crop.jpg?v=c52df15b61
bridget-jones-the-edge-of-reason,Bridget Jones: The Edge of Reason,2004,https://a.ltrbxd.com/resized/film-poster/4/6/8/1/1/46811-bridget-jones-the-edge-of-reason-0-230-0-345-crop.jpg?v=04e825e42d
ben-hur-1959,Ben-Hur,1959,https://a.ltrbxd.com/resized/film-poster/5/1/4/5/9/51459-ben-hur-0-230-0-345-crop.jpg?v=05db23182b
spartacus,Spartacus,1960,https://a.ltrbxd.com/resized/film-poster/5/1/1/9/6/51196-spartacus-0-230-0-345-crop.jpg?v=81703ce87a
the-tomorrow-war,The Tomorrow War,2021,https://a.ltrbxd.com/resized/film-poster/5/1/5/9/0/9/515909-the-tomorrow-war-0-230-0-345-crop.jpg?v=a106f74fd4
say-anything,Say Anything...,1989,https://a.ltrbxd.com/resized/film-poster/5/0/5/8/6/50586-say-anything--0-230-0-345-crop.jpg?v=b31aee2928
the-garden-of-words,The Garden of Words,2013,https://a.ltrbxd.com/resized/sm/upload/h5/cq/w1/9p/oZSfJH1IwOPla2ZGVli6YIBxYxz-0-230-0-345-crop.jpg?v=b0d67ba75b
the-garfield-movie,The Garfield Movie,2024,https://a.ltrbxd.com/resized/film-poster/6/7/0/8/0/0/670800-the-garfield-movie-0-230-0-345-crop.jpg?v=634c4b364f
notorious,Notorious,1946,https://a.ltrbxd.com/resized/film-poster/5/1/7/5/6/51756-notorious-0-230-0-345-crop.jpg?v=ccfa8d4558
garfield,Garfield,2004,https://a.ltrbxd.com/resized/film-poster/4/7/5/0/8/47508-garfield-0-230-0-345-crop.jpg?v=c3bfdc7a41
awakenings,Awakenings,1990,https://a.ltrbxd.com/resized/film-poster/4/5/6/9/7/45697-awakenings-0-230-0-345-crop.jpg?v=f32dbeb717
bad-boys-for-life,Bad Boys for Life,2020,https://a.ltrbxd.com/resized/film-poster/2/5/9/1/1/25911-bad-boys-for-life-0-230-0-345-crop.jpg?v=e0b7feda93
brief-encounter,Brief Encounter,1945,https://a.ltrbxd.com/resized/film-poster/5/1/3/0/1/51301-brief-encounter-0-230-0-345-crop.jpg?v=0ce95d7453
i-lost-my-body,I Lost My Body,2019,https://a.ltrbxd.com/resized/film-poster/5/1/4/7/0/2/514702-i-lost-my-body-0-230-0-345-crop.jpg?v=d58f4ad597
may,May,2002,https://a.ltrbxd.com/resized/film-poster/4/5/7/9/8/45798-may-0-230-0-345-crop.jpg?v=206f23e0f9
his-girl-friday,His Girl Friday,1940,https://a.ltrbxd.com/resized/film-poster/4/9/8/8/6/49886-his-girl-friday-0-230-0-345-crop.jpg?v=a31152c98c
broker-2022,Broker,2022,https://a.ltrbxd.com/resized/film-poster/6/5/8/8/3/0/658830-broker-0-230-0-345-crop.jpg?v=9519773850
the-other-woman-2014,The Other Woman,2014,https://a.ltrbxd.com/resized/film-poster/1/3/9/1/7/7/139177-the-other-woman-0-230-0-345-crop.jpg?v=110740899d
the-bridge-on-the-river-kwai,The Bridge on the River Kwai,1957,https://a.ltrbxd.com/resized/film-poster/5/1/3/2/6/51326-the-bridge-on-the-river-kwai-0-230-0-345-crop.jpg?v=03b905226d
20th-century-girl,20th Century Girl,2022,https://a.ltrbxd.com/resized/film-poster/7/6/6/1/9/7/766197-20th-century-girl-0-230-0-345-crop.jpg?v=b609c07095
haunted-mansion-2023,Haunted Mansion,2023,https://a.ltrbxd.com/resized/film-poster/5/4/3/7/1/7/543717-haunted-mansion-0-230-0-345-crop.jpg?v=672d808e5b
oculus,Oculus,2013,https://a.ltrbxd.com/resized/film-poster/1/1/7/6/8/7/117687-oculus-0-230-0-345-crop.jpg?v=57ea8704a2
triangle-2009,Triangle,2009,https://a.ltrbxd.com/resized/film-poster/3/5/3/0/7/35307-triangle-0-230-0-345-crop.jpg?v=5b48fb0d4d
speak,Speak,2004,https://a.ltrbxd.com/resized/film-poster/4/2/6/3/0/42630-speak-0-230-0-345-crop.jpg?v=bfd1d87802
oslo-august-31st,"Oslo, August 31st",2011,https://a.ltrbxd.com/resized/sm/upload/e6/m1/vn/g6/nitgCJ1g0ebztZHG0KwcojWlyPA-0-230-0-345-crop.jpg?v=d5466d278c
existenz,eXistenZ,1999,https://a.ltrbxd.com/resized/film-poster/5/0/6/6/2/50662-existenz-0-230-0-345-crop.jpg?v=8df9e4b893
brightburn,Brightburn,2019,https://a.ltrbxd.com/resized/film-poster/4/6/0/5/4/3/460543-brightburn-0-230-0-345-crop.jpg?v=91bbaeaf0d
a-dogs-will,A Dog's Will,2000,https://a.ltrbxd.com/resized/film-poster/2/4/7/8/8/24788-a-dog-s-will-0-230-0-345-crop.jpg?v=322c510313
hard-candy,Hard Candy,2005,https://a.ltrbxd.com/resized/sm/upload/8s/zh/b1/uk/1xInhmQVOOVS7xFT5DthpIwUTDI-0-230-0-345-crop.jpg?v=a4da0ed2d9
good-bye-lenin,"Good Bye, Lenin!",2003,https://a.ltrbxd.com/resized/film-poster/5/1/7/2/4/51724-good-bye-lenin--0-230-0-345-crop.jpg?v=85e5ac1c04
pet-sematary,Pet Sematary,1989,https://a.ltrbxd.com/resized/film-poster/4/7/5/1/4/47514-pet-sematary-0-230-0-345-crop.jpg?v=8529757dc9
red-sparrow,Red Sparrow,2018,https://a.ltrbxd.com/resized/film-poster/3/3/6/6/6/8/336668-red-sparrow-0-230-0-345-crop.jpg?v=19b9460255
one-hour-photo,One Hour Photo,2002,https://a.ltrbxd.com/resized/sm/upload/to/xo/us/q9/6ke85Kb6aX8RunZLwKpXCKYO9xv-0-230-0-345-crop.jpg?v=0b51a91c55
demon-slayer-kimetsu-no-yaiba-the-movie-mugen,Demon Slayer -Kimetsu no Yaiba- The Movie: Mugen Train,2020,https://a.ltrbxd.com/resized/film-poster/5/6/1/5/2/1/561521-demon-slayer-mugen-train-0-230-0-345-crop.jpg?v=a3674f3d47
forgotten-2017,Forgotten,2017,https://a.ltrbxd.com/resized/film-poster/4/1/9/2/7/9/419279-forgotten-0-230-0-345-crop.jpg?v=edb998d4b0
dark-city-1998,Dark City,1998,https://a.ltrbxd.com/resized/film-poster/5/0/1/6/0/50160-dark-city-0-230-0-345-crop.jpg?v=2627eaaa53
jack-reacher,Jack Reacher,2012,https://a.ltrbxd.com/resized/sm/upload/ir/bx/ah/ew/3VoVKGVmU7S0a9yMVJo4H5siVw7-0-230-0-345-crop.jpg?v=4633deb45d
the-last-picture-show,The Last Picture Show,1971,https://a.ltrbxd.com/resized/film-poster/3/6/2/2/2/36222-the-last-picture-show-0-230-0-345-crop.jpg?v=b81c133f71
home-2015,Home,2015,https://a.ltrbxd.com/resized/film-poster/1/6/0/5/0/3/160503-home-0-230-0-345-crop.jpg?v=a8eb6debf5
naked-lunch,Naked Lunch,1991,https://a.ltrbxd.com/resized/sm/upload/9s/s8/eg/uk/tMninSG4OAAhx9SNjdnMJM1R3Wn-0-230-0-345-crop.jpg?v=fa99bd4191
tinker-tailor-soldier-spy,Tinker Tailor Soldier Spy,2011,https://a.ltrbxd.com/resized/film-poster/1/6/0/9/5/16095-tinker-tailor-soldier-spy-0-230-0-345-crop.jpg?v=cb2329c405
battleship-potemkin,Battleship Potemkin,1925,https://a.ltrbxd.com/resized/film-poster/5/1/4/8/1/51481-battleship-potemkin-0-230-0-345-crop.jpg?v=99212d0d70
valentines-day,Valentine's Day,2010,https://a.ltrbxd.com/resized/sm/upload/lq/bj/c1/5e/qrZ49dcenKqtRWSbOK8zWLQC6GG-0-230-0-345-crop.jpg?v=79d913d018
the-purge-election-year,The Purge: Election Year,2016,https://a.ltrbxd.com/resized/film-poster/2/4/3/7/4/5/243745-the-purge-election-year-0-230-0-345-crop.jpg?v=c8fb4ceb3d
the-bobs-burgers-movie,The Bob's Burgers Movie,2022,https://a.ltrbxd.com/resized/film-poster/4/3/4/8/0/3/434803-the-bob-s-burgers-movie-0-230-0-345-crop.jpg?v=57d25a8231
downsizing,Downsizing,2017,https://a.ltrbxd.com/resized/sm/upload/xr/23/gp/jx/5vVvTa3C5m17SnP4A5HF57XsA5n-0-230-0-345-crop.jpg?v=a11419f9b6
5-centimeters-per-second,5 Centimeters per Second,2007,https://a.ltrbxd.com/resized/film-poster/2/6/4/0/0/26400-5-centimeters-per-second-0-230-0-345-crop.jpg?v=388422321f
hoodwinked,Hoodwinked!,2005,https://a.ltrbxd.com/resized/sm/upload/21/8m/8o/u8/cx7CmTKBa5sgZqLp6680CdMrZc1-0-230-0-345-crop.jpg?v=77ef425838
the-way-way-back,The Way Way Back,2013,https://a.ltrbxd.com/resized/film-poster/1/1/1/6/7/7/111677-the-way-way-back-0-230-0-345-crop.jpg?v=c2ff0bc938
man-with-a-movie-camera,Man with a Movie Camera,1929,https://a.ltrbxd.com/resized/film-poster/3/5/4/1/1/35411-man-with-a-movie-camera-0-230-0-345-crop.jpg?v=540bede62d
spaceman-2024,Spaceman,2024,https://a.ltrbxd.com/resized/film-poster/5/6/2/7/7/4/562774-spaceman-0-230-0-345-crop.jpg?v=4fe9be3dd6
hellboy-ii-the-golden-army,Hellboy II: The Golden Army,2008,https://a.ltrbxd.com/resized/film-poster/4/5/4/5/9/45459-hellboy-ii-the-golden-army-0-230-0-345-crop.jpg?v=133402d8d7
frank-2014,Frank,2014,https://a.ltrbxd.com/resized/film-poster/1/2/5/9/7/6/125976-frank-0-230-0-345-crop.jpg?v=bdd7f75fa5
song-of-the-sea,Song of the Sea,2014,https://a.ltrbxd.com/resized/film-poster/8/8/4/8/7/88487-song-of-the-sea-0-230-0-345-crop.jpg?v=8be993ee0b
always-be-my-maybe-2019,Always Be My Maybe,2019,https://a.ltrbxd.com/resized/film-poster/4/4/3/2/2/9/443229-always-be-my-maybe-0-230-0-345-crop.jpg?v=0a2371422c
ghost-dog-the-way-of-the-samurai,Ghost Dog: The Way of the Samurai,1999,https://a.ltrbxd.com/resized/film-poster/4/9/1/2/4/49124-ghost-dog-the-way-of-the-samurai-0-230-0-345-crop.jpg?v=93eee57b59
holy-motors,Holy Motors,2012,https://a.ltrbxd.com/resized/sm/upload/jv/uy/hh/bg/d5amUFExQCqLkRpWQ6QspBtyWUe-0-230-0-345-crop.jpg?v=2dfef9dc60
fright-night,Fright Night,1985,https://a.ltrbxd.com/resized/sm/upload/im/3q/g4/rf/jE0YbuFlmaZUWeVTyYNpzYXjIbn-0-230-0-345-crop.jpg?v=d4c3a255af
bros,Bros,2022,https://a.ltrbxd.com/resized/film-poster/5/4/2/0/0/1/542001-bros-0-230-0-345-crop.jpg?v=2b3aca881e
willys-wonderland,Willy's Wonderland,2021,https://a.ltrbxd.com/resized/film-poster/5/6/9/3/7/5/569375-willy-s-wonderland-0-230-0-345-crop.jpg?v=8773b04f77
friday-the-13th-2009,Friday the 13th,2009,https://a.ltrbxd.com/resized/film-poster/4/4/0/4/8/44048-friday-the-13th-0-230-0-345-crop.jpg?v=51d849a406
babe,Babe,1995,https://a.ltrbxd.com/resized/film-poster/4/7/0/0/3/47003-babe-0-230-0-345-crop.jpg?v=e131e96722
i-love-you-man,"I Love You, Man",2009,https://a.ltrbxd.com/resized/sm/upload/g5/p3/66/f9/bIW8xqbWnEylKcx8EJdpIMSmygw-0-230-0-345-crop.jpg?v=34cdbea37a
identity,Identity,2003,https://a.ltrbxd.com/resized/film-poster/5/0/0/5/9/50059-identity-0-230-0-345-crop.jpg?v=a78ab939d0
pleasantville,Pleasantville,1998,https://a.ltrbxd.com/resized/film-poster/5/0/1/6/4/50164-pleasantville-0-230-0-345-crop.jpg?v=bbe651025b
downfall,Downfall,2004,https://a.ltrbxd.com/resized/sm/upload/pd/9a/uf/as/jOs0I1g4bzUnUhDz4elREczbMQL-0-230-0-345-crop.jpg?v=508748fdb7
night-at-the-museum-secret-of-the-tomb,Night at the Museum: Secret of the Tomb,2014,https://a.ltrbxd.com/resized/film-poster/1/3/1/8/7/0/131870-night-at-the-museum-secret-of-the-tomb-0-230-0-345-crop.jpg?v=ee923b80cf
a-single-man,A Single Man,2009,https://a.ltrbxd.com/resized/film-poster/2/9/0/3/5/29035-a-single-man-0-230-0-345-crop.jpg?v=4f4b92e706
dressed-to-kill-1980,Dressed to Kill,1980,https://a.ltrbxd.com/resized/sm/upload/we/d3/m3/8d/bRvIvD6pu7KQU3OOKQk8tuIwBkI-0-230-0-345-crop.jpg?v=1213d0ea32
the-empty-man,The Empty Man,2020,https://a.ltrbxd.com/resized/film-poster/4/4/6/2/6/9/446269-the-empty-man-0-230-0-345-crop.jpg?v=d9ee98bd77
flight,Flight,2012,https://a.ltrbxd.com/resized/sm/upload/je/58/ni/af/8XEbkjgorAm9xk15mF63jqJ4ByV-0-230-0-345-crop.jpg?v=a965b13792
final-destination-5,Final Destination 5,2011,https://a.ltrbxd.com/resized/sm/upload/0e/kp/hn/3l/nDzbtN56RXRJL4mpFZ3mdAW6so2-0-230-0-345-crop.jpg?v=356b9f312f
eat-pray-love,Eat Pray Love,2010,https://a.ltrbxd.com/resized/film-poster/2/6/3/7/6/26376-eat-pray-love-0-230-0-345-crop.jpg?v=7bd7eec14a
don-jon,Don Jon,2013,https://a.ltrbxd.com/resized/sm/upload/j5/8k/l5/eu/5tYSpKz5qwGA5BVGZINdqDTC8Iz-0-230-0-345-crop.jpg?v=76072a9c9a
pearl-harbor,Pearl Harbor,2001,https://a.ltrbxd.com/resized/film-poster/5/1/4/4/8/51448-pearl-harbor-0-230-0-345-crop.jpg?v=a04703161f
the-hitmans-bodyguard,The Hitman's Bodyguard,2017,https://a.ltrbxd.com/resized/sm/upload/cs/4h/d7/ej/5CGjlz2vyBhW5xHW4eNOZIdgzYq-0-230-0-345-crop.jpg?v=aa8431110a
thirst-2009,Thirst,2009,https://a.ltrbxd.com/resized/sm/upload/iv/g8/i3/ab/jfHcdWLwyWVGGvodIW0HQf1zu5O-0-230-0-345-crop.jpg?v=d8226a8943
galaxy-quest,Galaxy Quest,1999,https://a.ltrbxd.com/resized/film-poster/5/1/2/2/7/51227-galaxy-quest-0-230-0-345-crop.jpg?v=77947eabcc
the-rock,The Rock,1996,https://a.ltrbxd.com/resized/film-poster/4/6/8/1/0/46810-the-rock-0-230-0-345-crop.jpg?v=3801768f12
the-harder-they-fall-2021,The Harder They Fall,2021,https://a.ltrbxd.com/resized/film-poster/5/4/4/9/3/6/544936-the-harder-they-fall-0-230-0-345-crop.jpg?v=c7811d8f6a
ocean-waves,Ocean Waves,1993,https://a.ltrbxd.com/resized/sm/upload/g3/i3/11/jl/g0zYpVdu5nWmfDPKXbVaxRDBqJV-0-230-0-345-crop.jpg?v=79c479d31e
coach-carter,Coach Carter,2005,https://a.ltrbxd.com/resized/film-poster/4/8/1/0/1/48101-coach-carter-0-230-0-345-crop.jpg?v=0f46489cc4
touch-of-evil,Touch of Evil,1958,https://a.ltrbxd.com/resized/film-poster/5/1/0/1/8/51018-touch-of-evil-0-230-0-345-crop.jpg?v=279a6824a4
wolfs,Wolfs,2024,https://a.ltrbxd.com/resized/film-poster/7/8/9/0/1/0/789010-wolfs-0-230-0-345-crop.jpg?v=dc5ee2be96
transformers-the-last-knight,Transformers: The Last Knight,2017,https://a.ltrbxd.com/resized/film-poster/2/6/5/4/4/3/265443-transformers-the-last-knight-0-230-0-345-crop.jpg?v=aff0d2e27e
the-shallows,The Shallows,2016,https://a.ltrbxd.com/resized/film-poster/2/6/1/1/1/2/261112-the-shallows-0-230-0-345-crop.jpg?v=11e70234af
wolf-children,Wolf Children,2012,https://a.ltrbxd.com/resized/film-poster/8/8/5/6/9/88569-wolf-children-0-230-0-345-crop.jpg?v=867dc25c30
the-final-destination,The Final Destination,2009,https://a.ltrbxd.com/resized/sm/upload/dm/oa/gw/qk/qQ6IvrEDe5OutlYs1xRQby9gcZE-0-230-0-345-crop.jpg?v=2b994df6a2
peeping-tom,Peeping Tom,1960,https://a.ltrbxd.com/resized/sm/upload/9r/ny/qc/eb/tJyGgOLDLDhJkUEI4wSoD4eO7n4-0-230-0-345-crop.jpg?v=ac6b230332
percy-jackson-sea-of-monsters,Percy Jackson: Sea of Monsters,2013,https://a.ltrbxd.com/resized/sm/upload/vg/uk/52/zy/cjNvhte8I318miZucl9MIFFyWQJ-0-230-0-345-crop.jpg?v=e005456640
oz-the-great-and-powerful,Oz the Great and Powerful,2013,https://a.ltrbxd.com/resized/sm/upload/qy/p9/4u/s4/xRVaqfzfEZvqdsY5YamiFP6w2Zh-0-230-0-345-crop.jpg?v=513ff1c9f9
cool-hand-luke,Cool Hand Luke,1967,https://a.ltrbxd.com/resized/sm/upload/11/m8/qg/qc/1qbMudClWdExuNL24AphbTq2sjN-0-230-0-345-crop.jpg?v=dc197a6ec9
a-league-of-their-own,A League of Their Own,1992,https://a.ltrbxd.com/resized/film-poster/4/5/4/4/4/45444-a-league-of-their-own-0-230-0-345-crop.jpg?v=a34b68d101
terminator-3-rise-of-the-machines,Terminator 3: Rise of the Machines,2003,https://a.ltrbxd.com/resized/film-poster/5/1/7/6/3/51763-terminator-3-rise-of-the-machines-0-230-0-345-crop.jpg?v=ed8ba79e10
the-color-of-money,The Color of Money,1986,https://a.ltrbxd.com/resized/film-poster/4/4/9/3/0/44930-the-color-of-money-0-230-0-345-crop.jpg?v=e9d86f8587
the-strangers-chapter-1,The Strangers: Chapter 1,2024,https://a.ltrbxd.com/resized/film-poster/9/1/0/5/1/2/910512-the-strangers-chapter-1-0-230-0-345-crop.jpg?v=9b6400cb22
nymphomaniac-volume-ii,Nymphomaniac: Vol. II,2013,https://a.ltrbxd.com/resized/film-poster/1/7/4/1/9/5/174195-nymphomaniac-vol-ii-0-230-0-345-crop.jpg?v=67e977db79
san-andreas,San Andreas,2015,https://a.ltrbxd.com/resized/film-poster/1/7/7/9/4/1/177941-san-andreas-0-230-0-345-crop.jpg?v=384807506a
6-underground,6 Underground,2019,https://a.ltrbxd.com/resized/film-poster/4/3/9/7/1/7/439717-6-underground-0-230-0-345-crop.jpg?v=37580d3386
deliverance,Deliverance,1972,https://a.ltrbxd.com/resized/film-poster/4/6/0/0/6/46006-deliverance-0-230-0-345-crop.jpg?v=fb5053a2a7
wrath-of-man,Wrath of Man,2021,https://a.ltrbxd.com/resized/film-poster/5/6/3/6/4/3/563643-wrath-of-man-0-230-0-345-crop.jpg?v=3c479a4420
glengarry-glen-ross,Glengarry Glen Ross,1992,https://a.ltrbxd.com/resized/film-poster/4/7/0/9/6/47096-glengarry-glen-ross-0-230-0-345-crop.jpg?v=9b019eeb62
bride-of-chucky,Bride of Chucky,1998,https://a.ltrbxd.com/resized/film-poster/4/4/8/7/5/44875-bride-of-chucky-0-230-0-345-crop.jpg?v=9de22d4686
personal-shopper,Personal Shopper,2016,https://a.ltrbxd.com/resized/sm/upload/1k/rb/rc/mr/jDOWYDmJvGkVkVHf7Ru66gy6ry8-0-230-0-345-crop.jpg?v=75cc51eae1
capernaum,Capernaum,2018,https://a.ltrbxd.com/resized/film-poster/4/4/7/4/6/3/447463-capernaum-0-230-0-345-crop.jpg?v=83a774f63b
spiderhead,Spiderhead,2022,https://a.ltrbxd.com/resized/film-poster/5/4/2/5/6/7/542567-spiderhead-0-230-0-345-crop.jpg?v=3004a8a1cf
miami-vice,Miami Vice,2006,https://a.ltrbxd.com/resized/film-poster/5/1/9/6/8/51968-miami-vice-0-230-0-345-crop.jpg?v=323641dcfe
welcome-to-the-dollhouse,Welcome to the Dollhouse,1995,https://a.ltrbxd.com/resized/film-poster/4/5/2/9/6/45296-welcome-to-the-dollhouse-0-230-0-345-crop.jpg?v=45aea6dea2
night-swim-2024,Night Swim,2024,https://a.ltrbxd.com/resized/film-poster/9/6/6/6/1/1/966611-night-swim-0-230-0-345-crop.jpg?v=012978b8f7
das-boot,Das Boot,1981,https://a.ltrbxd.com/resized/film-poster/5/1/7/0/2/51702-das-boot-0-230-0-345-crop.jpg?v=353abf1303
empire-of-the-sun,Empire of the Sun,1987,https://a.ltrbxd.com/resized/film-poster/4/6/5/3/9/46539-empire-of-the-sun-0-230-0-345-crop.jpg?v=7109e5bc37
the-faculty,The Faculty,1998,https://a.ltrbxd.com/resized/film-poster/4/7/3/1/6/47316-the-faculty-0-230-0-345-crop.jpg?v=c52dd149a6
the-last-voyage-of-the-demeter,The Last Voyage of the Demeter,2023,https://a.ltrbxd.com/resized/film-poster/5/6/1/9/5/2/561952-the-last-voyage-of-the-demeter-0-230-0-345-crop.jpg?v=10774357ac
the-equalizer-3,The Equalizer 3,2023,https://a.ltrbxd.com/resized/film-poster/8/3/1/8/7/3/831873-the-equalizer-3-0-230-0-345-crop.jpg?v=30c9903b20
munich,Munich,2005,https://a.ltrbxd.com/resized/film-poster/5/1/5/1/1/51511-munich-0-230-0-345-crop.jpg?v=0bc09aa930
paul-blart-mall-cop,Paul Blart: Mall Cop,2009,https://a.ltrbxd.com/resized/film-poster/4/2/9/9/4/42994-paul-blart-mall-cop-0-230-0-345-crop.jpg?v=c4a59b1c47
descendants-2015,Descendants,2015,https://a.ltrbxd.com/resized/film-poster/2/0/1/3/4/1/201341-descendants-0-230-0-345-crop.jpg?v=ebd52b7368
my-fault,My Fault,2023,https://a.ltrbxd.com/resized/film-poster/9/1/0/5/0/3/910503-my-fault-0-230-0-345-crop.jpg?v=d75853fc25
teen-beach-movie,Teen Beach Movie,2013,https://a.ltrbxd.com/resized/film-poster/1/2/9/8/2/9/129829-teen-beach-movie-0-230-0-345-crop.jpg?v=b119514464
gremlins-2-the-new-batch,Gremlins 2: The New Batch,1990,https://a.ltrbxd.com/resized/sm/upload/ou/eh/1p/rv/eKBIXDGTRMZS4aA9KS71Fyz8Yeq-0-230-0-345-crop.jpg?v=3d924e45ac
death-note-2017,Death Note,2017,https://a.ltrbxd.com/resized/film-poster/2/8/1/7/1/6/281716-death-note-0-230-0-345-crop.jpg?v=2f0470f641
bringing-up-baby,Bringing Up Baby,1938,https://a.ltrbxd.com/resized/film-poster/5/1/2/5/2/51252-bringing-up-baby-0-230-0-345-crop.jpg?v=49cd33e837
body-double,Body Double,1984,https://a.ltrbxd.com/resized/film-poster/4/5/2/4/1/45241-body-double-0-230-0-345-crop.jpg?v=00eec82639
halloween,Halloween,2007,https://a.ltrbxd.com/resized/film-poster/5/0/5/4/3/50543-halloween-0-230-0-345-crop.jpg?v=703f0b6d1c
back-to-black,Back to Black,2024,https://a.ltrbxd.com/resized/film-poster/8/9/9/8/5/0/899850-back-to-black-0-230-0-345-crop.jpg?v=404729cbca
serendipity,Serendipity,2001,https://a.ltrbxd.com/resized/film-poster/4/6/8/3/2/46832-serendipity-0-230-0-345-crop.jpg?v=abe2819460
sabrina,Sabrina,1954,https://a.ltrbxd.com/resized/film-poster/4/8/2/3/1/48231-sabrina-0-230-0-345-crop.jpg?v=38c11d54d4
get-smart,Get Smart,2008,https://a.ltrbxd.com/resized/sm/upload/fm/y0/94/4q/gpBK7S3ZooMAP8MhA1N5JvOHwUl-0-230-0-345-crop.jpg?v=458a39d5a9
wicked-little-letters,Wicked Little Letters,2023,https://a.ltrbxd.com/resized/film-poster/8/7/8/3/4/1/878341-wicked-little-letters-0-230-0-345-crop.jpg?v=24b74e049c
3-idiots,3 Idiots,2009,https://a.ltrbxd.com/resized/film-poster/3/8/9/9/9/38999-3-idiots-0-230-0-345-crop.jpg?v=890bae83d8
my-fair-lady,My Fair Lady,1964,https://a.ltrbxd.com/resized/film-poster/4/5/5/9/3/45593-my-fair-lady-0-230-0-345-crop.jpg?v=c444c9f37d
the-color-purple-2023,The Color Purple,2023,https://a.ltrbxd.com/resized/film-poster/4/8/7/5/3/8/487538-the-color-purple-0-230-0-345-crop.jpg?v=75de81088b
ammonite,Ammonite,2020,https://a.ltrbxd.com/resized/film-poster/4/9/6/8/0/5/496805-ammonite-0-230-0-345-crop.jpg?v=cb9c2ebf69
terminator-dark-fate,Terminator: Dark Fate,2019,https://a.ltrbxd.com/resized/film-poster/2/1/7/1/7/8/217178-terminator-dark-fate-0-230-0-345-crop.jpg?v=40b62e19dc
hell-house-llc,Hell House LLC,2015,https://a.ltrbxd.com/resized/film-poster/2/9/1/1/1/2/291112-hell-house-llc-0-230-0-345-crop.jpg?v=51957d5e8b
daredevil,Daredevil,2003,https://a.ltrbxd.com/resized/sm/upload/rn/s7/bx/s3/dNVEqwgIdrwWQL3zXI5mQG60oM5-0-230-0-345-crop.jpg?v=695539a398
triple-frontier,Triple Frontier,2019,https://a.ltrbxd.com/resized/film-poster/3/3/3/6/2/7/333627-triple-frontier-0-230-0-345-crop.jpg?v=928a58455f
the-return-of-the-living-dead,The Return of the Living Dead,1985,https://a.ltrbxd.com/resized/film-poster/4/5/7/6/8/45768-the-return-of-the-living-dead-0-230-0-345-crop.jpg?v=c49bf1856e
reality-bites,Reality Bites,1994,https://a.ltrbxd.com/resized/film-poster/5/0/0/8/8/50088-reality-bites-0-230-0-345-crop.jpg?v=21c60fefd4
hot-summer-nights,Hot Summer Nights,2017,https://a.ltrbxd.com/resized/film-poster/2/7/8/1/9/8/278198-hot-summer-nights-0-230-0-345-crop.jpg?v=bfa3d42965
national-treasure-book-of-secrets,National Treasure: Book of Secrets,2007,https://a.ltrbxd.com/resized/film-poster/4/8/2/2/0/48220-national-treasure-book-of-secrets-0-230-0-345-crop.jpg?v=9bdf88dc0a
cheaper-by-the-dozen-2003,Cheaper by the Dozen,2003,https://a.ltrbxd.com/resized/film-poster/4/5/6/9/5/45695-cheaper-by-the-dozen-0-230-0-345-crop.jpg?v=f32dbeb717
sister-act,Sister Act,1992,https://a.ltrbxd.com/resized/film-poster/5/0/6/0/8/50608-sister-act-0-230-0-345-crop.jpg?v=e00d7768e1
jawbreaker,Jawbreaker,1999,https://a.ltrbxd.com/resized/film-poster/4/0/0/2/2/40022-jawbreaker-0-230-0-345-crop.jpg?v=dd62c118d5
enter-the-dragon,Enter the Dragon,1973,https://a.ltrbxd.com/resized/sm/upload/fq/ba/wm/s0/u24kpZnuuuSYjtuIj6RMKbYuSV-0-230-0-345-crop.jpg?v=27c4e273db
to-catch-a-thief,To Catch a Thief,1955,https://a.ltrbxd.com/resized/film-poster/5/1/7/0/4/51704-to-catch-a-thief-0-230-0-345-crop.jpg?v=d33cec8e58
penguins-of-madagascar-2014,Penguins of Madagascar,2014,https://a.ltrbxd.com/resized/film-poster/1/9/4/3/0/3/194303-penguins-of-madagascar-0-230-0-345-crop.jpg?v=23cba02b90
thelma-2017,Thelma,2017,https://a.ltrbxd.com/resized/film-poster/3/3/6/5/8/7/336587-thelma-0-230-0-345-crop.jpg?v=ca9ae31f71
the-boy-2016,The Boy,2016,https://a.ltrbxd.com/resized/film-poster/2/4/8/3/1/8/248318-the-boy-0-230-0-345-crop.jpg?v=d401d28b36
belle-2021,Belle,2021,https://a.ltrbxd.com/resized/film-poster/6/9/5/6/2/9/695629-belle-0-230-0-345-crop.jpg?v=74d581bef4
tomorrowland,Tomorrowland,2015,https://a.ltrbxd.com/resized/film-poster/1/1/8/4/6/1/118461-tomorrowland-0-230-0-345-crop.jpg?v=bb95f699cd
the-teachers-lounge-2023,The Teachers' Lounge,2023,https://a.ltrbxd.com/resized/film-poster/8/9/9/0/3/7/899037-the-teachers-lounge-0-230-0-345-crop.jpg?v=9cf3f39b38
ivans-childhood,Ivan's Childhood,1962,https://a.ltrbxd.com/resized/sm/upload/wm/nu/cy/pm/ivans-0-230-0-345-crop.jpg?v=0f5fe79fd4
black-bear,Black Bear,2020,https://a.ltrbxd.com/resized/film-poster/5/5/1/4/0/0/551400-black-bear-0-230-0-345-crop.jpg?v=915f65548f
fruitvale-station,Fruitvale Station,2013,https://a.ltrbxd.com/resized/sm/upload/4i/ao/9w/sf/zwPYTHFCgWYHRW1OoxE23dxZZRX-0-230-0-345-crop.jpg?v=f56e9553ca
never-been-kissed,Never Been Kissed,1999,https://a.ltrbxd.com/resized/sm/upload/ct/3s/bc/yu/never-been-kissed-0-230-0-345-crop.jpg?v=331df1b7bd
attack-the-block,Attack the Block,2011,https://a.ltrbxd.com/resized/sm/upload/0b/v7/vj/pu/n2qLb5UPj0sKUnlzkthp30wM0g2-0-230-0-345-crop.jpg?v=6f7b0f7261
moonfall,Moonfall,2022,https://a.ltrbxd.com/resized/film-poster/3/4/1/1/6/6/341166-moonfall-0-230-0-345-crop.jpg?v=4114dff389
the-human-centipede-first-sequence,The Human Centipede (First Sequence),2009,https://a.ltrbxd.com/resized/sm/upload/le/h6/9n/tu/rhy5WMyLVmYQ9PfEM60pg25E3TL-0-230-0-345-crop.jpg?v=dabe48b882
match-point,Match Point,2005,https://a.ltrbxd.com/resized/sm/upload/eo/7s/o4/fc/80iHkrFzNxbSxlfMaLaNkGFRK2r-0-230-0-345-crop.jpg?v=ef638e0885
you-people-2023,You People,2023,https://a.ltrbxd.com/resized/film-poster/7/8/0/3/2/1/780321-you-people-0-230-0-345-crop.jpg?v=294e240eb6
slc-punk,SLC Punk,1998,https://a.ltrbxd.com/resized/film-poster/4/8/3/3/5/48335-slc-punk-0-230-0-345-crop.jpg?v=592a393ff3
exhuma,Exhuma,2024,https://a.ltrbxd.com/resized/film-poster/7/5/3/6/1/0/753610-exhuma-0-230-0-345-crop.jpg?v=65e7964d74
american-made,American Made,2017,https://a.ltrbxd.com/resized/film-poster/2/6/6/4/2/7/266427-american-made-0-230-0-345-crop.jpg?v=0fa9585d81
deep-water-2022,Deep Water,2022,https://a.ltrbxd.com/resized/film-poster/5/4/6/5/0/1/546501-deep-water-0-230-0-345-crop.jpg?v=3762b85fad
the-equalizer-2,The Equalizer 2,2018,https://a.ltrbxd.com/resized/film-poster/2/7/6/2/5/3/276253-the-equalizer-2-0-230-0-345-crop.jpg?v=00871cac8d
the-magnificent-seven-2016,The Magnificent Seven,2016,https://a.ltrbxd.com/resized/film-poster/2/6/2/0/0/3/262003-the-magnificent-seven-0-230-0-345-crop.jpg?v=bd25ca5683
i-origins,I Origins,2014,https://a.ltrbxd.com/resized/sm/upload/k0/4e/mw/yz/8yBrj7mXCcNaHOJja7CL7tAnqlc-0-230-0-345-crop.jpg?v=ea6f0dcd49
snow-white-and-the-huntsman,Snow White and the Huntsman,2012,https://a.ltrbxd.com/resized/sm/upload/4k/nc/tl/52/snow-white-and-the-huntsman-0-230-0-345-crop.jpg?v=4ce43d9498
nyad,NYAD,2023,https://a.ltrbxd.com/resized/film-poster/8/0/6/0/4/2/806042-nyad-0-230-0-345-crop.jpg?v=53a8f8ac0c
v-h-s,V/H/S,2012,https://a.ltrbxd.com/resized/film-poster/7/0/7/3/7/70737-v-h-s-0-230-0-345-crop.jpg?v=f7a31d727b
paper-towns,Paper Towns,2015,https://a.ltrbxd.com/resized/film-poster/2/1/1/8/3/7/211837-paper-towns-0-230-0-345-crop.jpg?v=adf0a8e028
mama-2013,Mama,2013,https://a.ltrbxd.com/resized/sm/upload/ph/ik/j6/b9/kFMrQCo0Ue9GkeptoiB65FwF0lg-0-230-0-345-crop.jpg?v=964a0cd540
the-call-2020-3,The Call,2020,https://a.ltrbxd.com/resized/film-poster/5/0/3/9/7/9/503979-the-call-0-230-0-345-crop.jpg?v=74f9a3155f
ida,Ida,2013,https://a.ltrbxd.com/resized/sm/upload/h3/mx/2r/h5/aO8dgaxaY1tcAdtFkLuz1WSxgdd-0-230-0-345-crop.jpg?v=2a05cca0fa
carnival-of-souls,Carnival of Souls,1962,https://a.ltrbxd.com/resized/film-poster/4/1/8/3/8/41838-carnival-of-souls-0-230-0-345-crop.jpg?v=a3719cf15b
police-story,Police Story,1985,https://a.ltrbxd.com/resized/film-poster/4/7/3/8/8/47388-police-story-0-230-0-345-crop.jpg?v=a82a2d381f
wild-things,Wild Things,1998,https://a.ltrbxd.com/resized/film-poster/5/1/5/0/6/51506-wild-things-0-230-0-345-crop.jpg?v=bc7b982455
tomboy-2011,Tomboy,2011,https://a.ltrbxd.com/resized/sm/upload/87/nw/qx/cf/q4bl7q32VmqWMPl5WWfCdu2UFSw-0-230-0-345-crop.jpg?v=e6a4ae72b4
the-hitchhikers-guide-to-the-galaxy-2005,The Hitchhiker's Guide to the Galaxy,2005,https://a.ltrbxd.com/resized/film-poster/4/8/0/2/3/48023-the-hitchhiker-s-guide-to-the-galaxy-0-230-0-345-crop.jpg?v=f75fe170e6
elvira-mistress-of-the-dark,Elvira: Mistress of the Dark,1988,https://a.ltrbxd.com/resized/film-poster/4/8/7/3/0/48730-elvira-mistress-of-the-dark-0-230-0-345-crop.jpg?v=09a6a8ade7
planet-terror,Planet Terror,2007,https://a.ltrbxd.com/resized/film-poster/5/0/6/2/0/50620-planet-terror-0-230-0-345-crop.jpg?v=d8cbbb5a09
foxcatcher,Foxcatcher,2014,https://a.ltrbxd.com/resized/sm/upload/i2/9r/ma/qu/uDKNl1SdOH0DMXFae8zg2kISbbg-0-230-0-345-crop.jpg?v=e2cc659d94
someone-great,Someone Great,2019,https://a.ltrbxd.com/resized/film-poster/4/4/4/9/4/4/444944-someone-great-0-230-0-345-crop.jpg?v=476dd90cd6
the-crow-2024,The Crow,2024,https://a.ltrbxd.com/resized/film-poster/8/6/1/2/9/2/861292-the-crow-0-230-0-345-crop.jpg?v=68e75e4c7c
from-russia-with-love,From Russia with Love,1963,https://a.ltrbxd.com/resized/sm/upload/nx/m3/w5/qo/nZ4XAOXaNHgyVRmmnlxzkjgVr9u-0-230-0-345-crop.jpg?v=dbea2601c4
alvin-and-the-chipmunks-the-squeakquel,Alvin and the Chipmunks: The Squeakquel,2009,https://a.ltrbxd.com/resized/sm/upload/ep/i7/93/l3/42zXoHDC45ciX3mIM6xdwZWqw79-0-230-0-345-crop.jpg?v=7778a8ae27
risky-business,Risky Business,1983,https://a.ltrbxd.com/resized/sm/upload/uw/rz/gz/os/cABRMiqw0U7bZvBtryPzuBCsn3f-0-230-0-345-crop.jpg?v=b57c41b35f
freaks,Freaks,1932,https://a.ltrbxd.com/resized/film-poster/5/1/9/1/5/51915-freaks-0-230-0-345-crop.jpg?v=fb3a1ef03f
the-smurfs,The Smurfs,2011,https://a.ltrbxd.com/resized/sm/upload/hc/b2/22/c7/j2SvkGpJFugy2gbyzxCuX3ulXxh-0-230-0-345-crop.jpg?v=6af56ee4aa
cam,Cam,2018,https://a.ltrbxd.com/resized/film-poster/4/5/1/4/8/2/451482-cam-0-230-0-345-crop.jpg?v=abd12bddfc
bad-education,Bad Education,2004,https://a.ltrbxd.com/resized/film-poster/5/1/9/1/1/51911-bad-education-0-230-0-345-crop.jpg?v=a78f6a523b
summer-of-85,Summer of 85,2020,https://a.ltrbxd.com/resized/film-poster/5/8/4/9/9/5/584995-summer-of-85-0-230-0-345-crop.jpg?v=1023e749ca
barbie-as-the-princess-and-the-pauper,Barbie as The Princess & the Pauper,2004,https://a.ltrbxd.com/resized/film-poster/4/2/5/5/0/42550-barbie-as-the-princess-the-pauper-0-230-0-345-crop.jpg?v=7416734ffa
hes-all-that,He's All That,2021,https://a.ltrbxd.com/resized/film-poster/2/7/7/9/9/3/277993-he-s-all-that-0-230-0-345-crop.jpg?v=501de21b7c
shakespeare-in-love,Shakespeare in Love,1998,https://a.ltrbxd.com/resized/sm/upload/e8/li/9b/2b/pY0JyMh8oz7MOEs9X8NxOErA9Jr-0-230-0-345-crop.jpg?v=8632d4ed96
take-shelter,Take Shelter,2011,https://a.ltrbxd.com/resized/sm/upload/h8/rx/g1/tm/jFHe1RSju7m4EyRr7fP7QGq8QpO-0-230-0-345-crop.jpg?v=15890185ed
the-sisterhood-of-the-traveling-pants,The Sisterhood of the Traveling Pants,2005,https://a.ltrbxd.com/resized/film-poster/4/6/8/3/1/46831-the-sisterhood-of-the-traveling-pants-0-230-0-345-crop.jpg?v=27c2b7a4d8
love-hard,Love Hard,2021,https://a.ltrbxd.com/resized/film-poster/6/5/6/5/4/2/656542-love-hard-0-230-0-345-crop.jpg?v=288845a5cc
babyteeth,Babyteeth,2019,https://a.ltrbxd.com/resized/film-poster/4/5/1/5/3/3/451533-babyteeth-0-230-0-345-crop.jpg?v=600cb86e0b
confessions-of-a-teenage-drama-queen,Confessions of a Teenage Drama Queen,2004,https://a.ltrbxd.com/resized/film-poster/4/5/5/7/4/45574-confessions-of-a-teenage-drama-queen-0-230-0-345-crop.jpg?v=80e6868f55
the-taking-of-deborah-logan,The Taking of Deborah Logan,2014,https://a.ltrbxd.com/resized/sm/upload/lc/rp/vf/6c/lVHsBxkEXSH25TaUfyYF4KfrhlB-0-230-0-345-crop.jpg?v=2280bb4d9b
joy-2015,Joy,2015,https://a.ltrbxd.com/resized/film-poster/1/9/8/6/0/4/198604-joy-0-230-0-345-crop.jpg?v=132bb3765a
circle-2015,Circle,2015,https://a.ltrbxd.com/resized/film-poster/2/6/4/4/2/0/264420-circle-0-230-0-345-crop.jpg?v=410a712a39
the-philadelphia-story,The Philadelphia Story,1940,https://a.ltrbxd.com/resized/film-poster/5/1/1/8/8/51188-the-philadelphia-story-0-230-0-345-crop.jpg?v=d1de7f7887
blockers,Blockers,2018,https://a.ltrbxd.com/resized/film-poster/3/7/0/4/3/1/370431-blockers-0-230-0-345-crop.jpg?v=2fd74658e5
turbo,Turbo,2013,https://a.ltrbxd.com/resized/sm/upload/m2/u8/d1/xa/j7wodQov4mcBrR0OvnBBL2437HI-0-230-0-345-crop.jpg?v=994096d25e
man-on-the-moon,Man on the Moon,1999,https://a.ltrbxd.com/resized/sm/upload/wr/un/vx/s2/i6jNmO6vynStAy23KUhOwetX6Bs-0-230-0-345-crop.jpg?v=00a4f8e1ca
road-house,Road House,1989,https://a.ltrbxd.com/resized/film-poster/4/6/5/1/4/46514-road-house-0-230-0-345-crop.jpg?v=ae2ed0f463
gnomeo-juliet,Gnomeo & Juliet,2011,https://a.ltrbxd.com/resized/film-poster/1/9/5/0/7/19507-gnomeo-juliet-0-230-0-345-crop.jpg?v=5345c06f75
the-orphanage,The Orphanage,2007,https://a.ltrbxd.com/resized/film-poster/5/1/9/9/1/51991-the-orphanage-0-230-0-345-crop.jpg?v=943affce32
fighting-with-my-family,Fighting with My Family,2019,https://a.ltrbxd.com/resized/film-poster/3/7/8/0/8/1/378081-fighting-with-my-family-0-230-0-345-crop.jpg?v=7280e4468a
mud,Mud,2012,https://a.ltrbxd.com/resized/film-poster/8/4/1/1/9/84119-mud-0-230-0-345-crop.jpg?v=d6763c64c3
next-goal-wins-2023,Next Goal Wins,2023,https://a.ltrbxd.com/resized/film-poster/5/4/8/1/1/4/548114-next-goal-wins-0-230-0-345-crop.jpg?v=886f2d710d
fences-2016,Fences,2016,https://a.ltrbxd.com/resized/film-poster/3/2/7/9/3/4/327934-fences-0-230-0-345-crop.jpg?v=201fe87026
prince-of-darkness,Prince of Darkness,1987,https://a.ltrbxd.com/resized/film-poster/4/7/5/6/9/47569-prince-of-darkness-0-230-0-345-crop.jpg?v=eb511413db
the-lion-king-ii-simbas-pride,The Lion King II: Simba's Pride,1998,https://a.ltrbxd.com/resized/film-poster/4/6/8/7/5/46875-the-lion-king-ii-simba-s-pride-0-230-0-345-crop.jpg?v=83bd4821cd
cloudy-with-a-chance-of-meatballs-2,Cloudy with a Chance of Meatballs 2,2013,https://a.ltrbxd.com/resized/film-poster/8/7/9/4/4/87944-cloudy-with-a-chance-of-meatballs-2-0-230-0-345-crop.jpg?v=64fdde0c19
the-predator,The Predator,2018,https://a.ltrbxd.com/resized/film-poster/2/7/7/3/5/1/277351-the-predator-0-230-0-345-crop.jpg?v=9ba96984b4
truth-or-dare-2018,Truth or Dare,2018,https://a.ltrbxd.com/resized/film-poster/3/9/1/9/8/0/391980-truth-or-dare-0-230-0-345-crop.jpg?v=6adad50b94
hard-eight,Hard Eight,1996,https://a.ltrbxd.com/resized/film-poster/4/7/9/1/3/47913-hard-eight-0-230-0-345-crop.jpg?v=d5198f6351
hotel-transylvania-3-summer-vacation,Hotel Transylvania 3: Summer Vacation,2018,https://a.ltrbxd.com/resized/film-poster/3/3/4/2/6/5/334265-hotel-transylvania-3-summer-vacation-0-230-0-345-crop.jpg?v=6478414040
you-dont-mess-with-the-zohan,You Don't Mess with the Zohan,2008,https://a.ltrbxd.com/resized/sm/upload/su/vd/x1/p2/dont-mess-with-the-zohan-0-230-0-345-crop.jpg?v=6994623937
the-general,The General,1926,https://a.ltrbxd.com/resized/film-poster/5/1/2/0/2/51202-the-general-0-230-0-345-crop.jpg?v=f4cd0213d7
the-italian-job-2003,The Italian Job,2003,https://a.ltrbxd.com/resized/film-poster/4/6/9/4/7/46947-the-italian-job-0-230-0-345-crop.jpg?v=eff66e8c8e
on-the-rocks-2020,On the Rocks,2020,https://a.ltrbxd.com/resized/film-poster/5/0/3/6/3/2/503632-on-the-rocks-0-230-0-345-crop.jpg?v=bbce1a184c
the-book-of-eli,The Book of Eli,2010,https://a.ltrbxd.com/resized/film-poster/3/8/9/7/0/38970-the-book-of-eli-0-230-0-345-crop.jpg?v=8583c067b9
the-second-mother,The Second Mother,2015,https://a.ltrbxd.com/resized/sm/upload/xh/j7/g3/yc/lmT09SibdM53xWIzJmKSK4ONcB7-0-230-0-345-crop.jpg?v=8afce6f62c
witness-for-the-prosecution-1957,Witness for the Prosecution,1957,https://a.ltrbxd.com/resized/film-poster/2/7/1/7/5/27175-witness-for-the-prosecution-0-230-0-345-crop.jpg?v=e7538a44b3
angus-thongs-and-perfect-snogging,"Angus, Thongs and Perfect Snogging",2008,https://a.ltrbxd.com/resized/film-poster/4/4/3/6/6/44366-angus-thongs-and-perfect-snogging-0-230-0-345-crop.jpg?v=d0929300ac
crush-2022,Crush,2022,https://a.ltrbxd.com/resized/film-poster/7/7/4/4/5/4/774454-crush-0-230-0-345-crop.jpg?v=fc5422620b
phone-booth,Phone Booth,2002,https://a.ltrbxd.com/resized/sm/upload/ma/ho/yr/w8/xIaUpPok8WFnr79EAvgtGsIaJzV-0-230-0-345-crop.jpg?v=527d66c84e
a-scanner-darkly,A Scanner Darkly,2006,https://a.ltrbxd.com/resized/sm/upload/68/rw/e9/tb/wS0QhF2RTwap84BKGr9hKHzNAMx-0-230-0-345-crop.jpg?v=d11b983543
duel,Duel,1971,https://a.ltrbxd.com/resized/film-poster/5/1/3/1/3/51313-duel-0-230-0-345-crop.jpg?v=060df9199e
25th-hour,25th Hour,2002,https://a.ltrbxd.com/resized/sm/upload/u7/my/x3/r6/tQb3wOKzo3XxFSY6ApO7OfLHGUM-0-230-0-345-crop.jpg?v=038db726da
overlord-2018,Overlord,2018,https://a.ltrbxd.com/resized/film-poster/3/7/1/5/3/1/371531-overlord-0-230-0-345-crop.jpg?v=3414bc1377
pom-poko,Pom Poko,1994,https://a.ltrbxd.com/resized/film-poster/4/2/4/7/8/42478-pom-poko-0-230-0-345-crop.jpg?v=887706ae4b
nebraska,Nebraska,2013,https://a.ltrbxd.com/resized/film-poster/1/0/0/9/2/0/100920-nebraska-0-230-0-345-crop.jpg?v=d40cd8dc17
a-monster-calls,A Monster Calls,2016,https://a.ltrbxd.com/resized/film-poster/1/8/1/9/4/3/181943-a-monster-calls-0-230-0-345-crop.jpg?v=79681f0d00
the-witches-of-eastwick,The Witches of Eastwick,1987,https://a.ltrbxd.com/resized/film-poster/4/8/4/7/8/48478-the-witches-of-eastwick-0-230-0-345-crop.jpg?v=7e95f06cd4
the-white-ribbon,The White Ribbon,2009,https://a.ltrbxd.com/resized/film-poster/2/6/6/1/6/26616-the-white-ribbon-0-230-0-345-crop.jpg?v=4f4172dea5
the-kings-of-summer,The Kings of Summer,2013,https://a.ltrbxd.com/resized/film-poster/1/1/7/2/6/2/117262-the-kings-of-summer-0-230-0-345-crop.jpg?v=d01cf06c81
memoirs-of-a-geisha,Memoirs of a Geisha,2005,https://a.ltrbxd.com/resized/sm/upload/zt/nu/ka/nc/iH4aDDkVxB8OCeDzGpnA304WFGe-0-230-0-345-crop.jpg?v=4e7d859097
noah,Noah,2014,https://a.ltrbxd.com/resized/film-poster/7/3/3/6/2/73362-noah-0-230-0-345-crop.jpg?v=8cf9da3566
the-hate-u-give,The Hate U Give,2018,https://a.ltrbxd.com/resized/film-poster/4/0/1/5/2/6/401526-the-hate-u-give-0-230-0-345-crop.jpg?v=75daf0ac42
the-kid,The Kid,1921,https://a.ltrbxd.com/resized/film-poster/4/6/5/4/9/46549-the-kid-0-230-0-345-crop.jpg?v=9a530e0f9c
tootsie,Tootsie,1982,https://a.ltrbxd.com/resized/sm/upload/gq/ho/hi/3v/ngyCzZwb9y5sMUCig5JQT4Y33Q-0-230-0-345-crop.jpg?v=950beaf70e
the-texas-chainsaw-massacre-2,The Texas Chainsaw Massacre 2,1986,https://a.ltrbxd.com/resized/sm/upload/26/nt/ym/pz/1EI0Qs6AhtxdamRBsFC4zm2I6sj-0-230-0-345-crop.jpg?v=346cb7ee0b
whip-it,Whip It,2009,https://a.ltrbxd.com/resized/sm/upload/45/2o/rk/cx/llpanXzIJq65qEM4weBaYaLEiY9-0-230-0-345-crop.jpg?v=7ec0fa3c97
dope-2015,Dope,2015,https://a.ltrbxd.com/resized/film-poster/2/3/5/7/4/5/235745-dope-0-230-0-345-crop.jpg?v=0e94bea64d
once,Once,2007,https://a.ltrbxd.com/resized/film-poster/4/8/6/9/9/48699-once-0-230-0-345-crop.jpg?v=987e7cc2cb
pain-gain,Pain & Gain,2013,https://a.ltrbxd.com/resized/film-poster/1/0/3/5/5/9/103559-pain-gain-0-230-0-345-crop.jpg?v=42abef38e7
cry-baby,Cry-Baby,1990,https://a.ltrbxd.com/resized/sm/upload/96/ky/xt/z1/wuvick59KjsA6LCM7KWLO4fmwXj-0-230-0-345-crop.jpg?v=ccf37d3e27
101-dalmatians,101 Dalmatians,1996,https://a.ltrbxd.com/resized/film-poster/4/5/0/7/9/45079-101-dalmatians-0-230-0-345-crop.jpg?v=20c15a79c3
a-time-to-kill-1996,A Time to Kill,1996,https://a.ltrbxd.com/resized/sm/upload/ys/yi/qm/af/zcpbub5aKfcKux6WJdN61F3k0Jr-0-230-0-345-crop.jpg?v=be254a2ffe
the-hunt-for-red-october,The Hunt for Red October,1990,https://a.ltrbxd.com/resized/film-poster/5/0/8/7/3/50873-the-hunt-for-red-october-0-230-0-345-crop.jpg?v=f5191bdb86
the-fundamentals-of-caring,The Fundamentals of Caring,2016,https://a.ltrbxd.com/resized/sm/upload/ov/xt/n5/uw/yLnbPJcd4nZeK9QQZro4GIDftyY-0-230-0-345-crop.jpg?v=6bd5eb3a7e
the-mummy-2017,The Mummy,2017,https://a.ltrbxd.com/resized/sm/upload/t9/sq/yc/2x/zxkY8byBnCsXodEYpK8tmwEGXBI-0-230-0-345-crop.jpg?v=7a36cc48a2
friday-the-13th-the-final-chapter,Friday the 13th: The Final Chapter,1984,https://a.ltrbxd.com/resized/film-poster/4/6/8/7/7/46877-friday-the-13th-the-final-chapter-0-230-0-345-crop.jpg?v=9e63930345
dolemite-is-my-name,Dolemite Is My Name,2019,https://a.ltrbxd.com/resized/film-poster/4/5/8/2/4/6/458246-dolemite-is-my-name-0-230-0-345-crop.jpg?v=310582fc2e
fried-green-tomatoes,Fried Green Tomatoes,1991,https://a.ltrbxd.com/resized/sm/upload/ga/rd/2u/p6/wbRihqz7vjlFCaYb0bPj3aZqQXD-0-230-0-345-crop.jpg?v=9a0514624a
fish-tank,Fish Tank,2009,https://a.ltrbxd.com/resized/sm/upload/qi/51/2f/90/fish-tank-0-230-0-345-crop.jpg?v=d3f97e3b7b
stay,Stay,2005,https://a.ltrbxd.com/resized/film-poster/4/7/8/9/9/47899-stay-0-230-0-345-crop.jpg?v=4043606276
disenchanted,Disenchanted,2022,https://a.ltrbxd.com/resized/film-poster/2/6/8/3/7/1/268371-disenchanted-0-230-0-345-crop.jpg?v=5944aa853a
21,21,2008,https://a.ltrbxd.com/resized/film-poster/4/7/9/0/0/47900-21-0-230-0-345-crop.jpg?v=733647ac0d
childs-play-2,Child's Play 2,1990,https://a.ltrbxd.com/resized/sm/upload/l6/q9/80/fk/xy0qUntbDOVgiTDvSIFlSM3MMzP-0-230-0-345-crop.jpg?v=cc3357fcb0
the-mule-2018,The Mule,2018,https://a.ltrbxd.com/resized/film-poster/4/3/4/0/6/8/434068-the-mule-0-230-0-345-crop.jpg?v=a30b3d46a3
romy-and-micheles-high-school-reunion,Romy and Michele's High School Reunion,1997,https://a.ltrbxd.com/resized/film-poster/4/6/9/9/0/46990-romy-and-michele-s-high-school-reunion-0-230-0-345-crop.jpg?v=1bd4a22a19
moxie-2021,Moxie,2021,https://a.ltrbxd.com/resized/film-poster/5/1/1/5/7/9/511579-moxie-0-230-0-345-crop.jpg?v=b74cd185e6
king-kong,King Kong,1933,https://a.ltrbxd.com/resized/sm/upload/oy/yt/bi/bi/vXInYahVp31uL8wZORckaoHq565-0-230-0-345-crop.jpg?v=ab693adabf
repo-man,Repo Man,1984,https://a.ltrbxd.com/resized/sm/upload/0f/wo/u4/2q/kifgXnv8i8h7gCZvvwoUWUo4mBf-0-230-0-345-crop.jpg?v=f0383e9d2b
two-weeks-notice,Two Weeks Notice,2002,https://a.ltrbxd.com/resized/film-poster/5/0/1/7/5/50175-two-weeks-notice-0-230-0-345-crop.jpg?v=aa556d65c4
the-passion-of-the-christ,The Passion of the Christ,2004,https://a.ltrbxd.com/resized/sm/upload/fs/13/yr/8k/oFuLM1EaKhi1WNWiTjQ1HKIZ1Eg-0-230-0-345-crop.jpg?v=bd3dfc0232
across-the-universe,Across the Universe,2007,https://a.ltrbxd.com/resized/sm/upload/q8/nn/ii/wc/uMgjKSNZlcYtChVfdF2zhoFxilC-0-230-0-345-crop.jpg?v=c820683a9a
the-invisible-guest,The Invisible Guest,2016,https://a.ltrbxd.com/resized/sm/upload/n6/a1/rw/4w/fptnZJbLzKUHeNlYrAynbyoL5YJ-0-230-0-345-crop.jpg?v=f137276960
charlies-angels-2019,Charlie's Angels,2019,https://a.ltrbxd.com/resized/film-poster/3/9/0/6/5/2/390652-charlie-s-angels-0-230-0-345-crop.jpg?v=c48c7d4cd4
the-raid-2,The Raid 2,2014,https://a.ltrbxd.com/resized/film-poster/1/3/0/9/1/3/130913-the-raid-2-0-230-0-345-crop.jpg?v=989683bacc
crash-2004,Crash,2004,https://a.ltrbxd.com/resized/sm/upload/hh/da/fz/2l/pG8LL4LYMCr5uikhx9rewrW8352-0-230-0-345-crop.jpg?v=debb5c84b1
jules-and-jim,Jules and Jim,1962,https://a.ltrbxd.com/resized/film-poster/5/0/9/1/3/50913-jules-and-jim-0-230-0-345-crop.jpg?v=31bcc36456
blades-of-glory,Blades of Glory,2007,https://a.ltrbxd.com/resized/film-poster/4/6/6/8/2/46682-blades-of-glory-0-230-0-345-crop.jpg?v=e8a83a8891
the-cable-guy,The Cable Guy,1996,https://a.ltrbxd.com/resized/sm/upload/sf/si/bk/p8/ttHmmQwMixZHxME6nEz34AOS5Ek-0-230-0-345-crop.jpg?v=7059947bd5
eurotrip,EuroTrip,2004,https://a.ltrbxd.com/resized/film-poster/4/7/2/4/3/47243-eurotrip-0-230-0-345-crop.jpg?v=80e8ffdd70
halloweentown,Halloweentown,1998,https://a.ltrbxd.com/resized/film-poster/3/4/1/4/6/34146-halloweentown-0-230-0-345-crop.jpg?v=33867b48ea
blow,Blow,2001,https://a.ltrbxd.com/resized/sm/upload/xw/7e/n5/y9/lAr2nbE9wA68zlGGSLgCwl8myTq-0-230-0-345-crop.jpg?v=386e7a7e3d
rocky-balboa,Rocky Balboa,2006,https://a.ltrbxd.com/resized/film-poster/5/1/1/3/4/51134-rocky-balboa-0-230-0-345-crop.jpg?v=3586ccc397
yes-god-yes-2019,"Yes, God, Yes",2019,https://a.ltrbxd.com/resized/film-poster/4/5/6/9/3/3/456933-yes-god-yes-0-230-0-345-crop.jpg?v=46ae670e15
the-little-prince-2015,The Little Prince,2015,https://a.ltrbxd.com/resized/sm/upload/kp/fy/19/ef/qMLawqLCsfzVwX8pLtQvwP4sJXj-0-230-0-345-crop.jpg?v=93ab57abc4
senior-year-2022,Senior Year,2022,https://a.ltrbxd.com/resized/film-poster/7/1/8/2/9/5/718295-senior-year-0-230-0-345-crop.jpg?v=7c312d3d8e
migration-2023,Migration,2023,https://a.ltrbxd.com/resized/film-poster/8/4/5/3/9/1/845391-migration-0-230-0-345-crop.jpg?v=b843f06621
boy-2010,Boy,2010,https://a.ltrbxd.com/resized/sm/upload/jg/1w/mr/tr/s7dlUplCgyr3vT853W9vxB91SX-0-230-0-345-crop.jpg?v=6cfe5b6630
the-brood,The Brood,1979,https://a.ltrbxd.com/resized/sm/upload/y4/da/6d/zs/osLd3jkFx5D1vGc5UkAqvY3dyOX-0-230-0-345-crop.jpg?v=58e68fe1a7
midnight-run,Midnight Run,1988,https://a.ltrbxd.com/resized/film-poster/4/7/4/2/9/47429-midnight-run-0-230-0-345-crop.jpg?v=c76ff47a42
step-up,Step Up,2006,https://a.ltrbxd.com/resized/film-poster/4/6/8/4/8/46848-step-up-0-230-0-345-crop.jpg?v=27c2b7a4d8
the-sword-in-the-stone,The Sword in the Stone,1963,https://a.ltrbxd.com/resized/film-poster/4/7/3/6/6/47366-the-sword-in-the-stone-0-230-0-345-crop.jpg?v=1983eb1914
scrooged,Scrooged,1988,https://a.ltrbxd.com/resized/film-poster/4/6/9/5/4/46954-scrooged-0-230-0-345-crop.jpg?v=a9ea7a8859
legally-blonde-2-red-white-blonde,"Legally Blonde 2: Red, White & Blonde",2003,https://a.ltrbxd.com/resized/film-poster/4/6/3/3/4/46334-legally-blonde-2-red-white-blonde-0-230-0-345-crop.jpg?v=478107aac7
milk-2008,Milk,2008,https://a.ltrbxd.com/resized/film-poster/4/6/5/1/0/46510-milk-0-230-0-345-crop.jpg?v=1f16ddfcfc
the-boondock-saints,The Boondock Saints,1999,https://a.ltrbxd.com/resized/film-poster/4/7/7/6/8/47768-the-boondock-saints-0-230-0-345-crop.jpg?v=ce2d386ed2
billy-madison,Billy Madison,1995,https://a.ltrbxd.com/resized/film-poster/4/5/6/8/6/45686-billy-madison-0-230-0-345-crop.jpg?v=144bc43a5c
spy-kids-3-d-game-over,Spy Kids 3-D: Game Over,2003,https://a.ltrbxd.com/resized/film-poster/4/4/6/3/7/44637-spy-kids-3-d-game-over-0-230-0-345-crop.jpg?v=3f2be19117
the-tearsmith,The Tearsmith,2024,https://a.ltrbxd.com/resized/film-poster/1/0/1/5/9/2/5/1015925-the-tearsmith-0-230-0-345-crop.jpg?v=e5f39dc20b
the-woman-in-black-2012,The Woman in Black,2012,https://a.ltrbxd.com/resized/film-poster/1/7/3/9/1739-the-woman-in-black-0-230-0-345-crop.jpg?v=6e8aa14d2e
trolls-band-together,Trolls Band Together,2023,https://a.ltrbxd.com/resized/film-poster/8/1/1/8/0/2/811802-trolls-band-together-0-230-0-345-crop.jpg?v=efcf6ba97e
the-hills-have-eyes,The Hills Have Eyes,1977,https://a.ltrbxd.com/resized/film-poster/4/4/6/5/3/44653-the-hills-have-eyes-0-230-0-345-crop.jpg?v=1446082821
winnie-the-pooh-blood-and-honey,Winnie the Pooh: Blood and Honey,2023,https://a.ltrbxd.com/resized/film-poster/8/8/2/3/6/7/882367-winnie-the-pooh-blood-and-honey-0-230-0-345-crop.jpg?v=3f73737ec7
guns-akimbo,Guns Akimbo,2019,https://a.ltrbxd.com/resized/film-poster/3/8/9/2/7/0/389270-guns-akimbo-0-230-0-345-crop.jpg?v=39ab7c45d3
harold-kumar-go-to-white-castle,Harold & Kumar Go to White Castle,2004,https://a.ltrbxd.com/resized/sm/upload/s3/5n/kl/xp/wmLW4WTxXTTzD3nruLVWTl3m55b-0-230-0-345-crop.jpg?v=520e8fefe2
the-expendables,The Expendables,2010,https://a.ltrbxd.com/resized/film-poster/3/4/3/9/5/34395-the-expendables-0-230-0-345-crop.jpg?v=af8a3ef1e8
alive-2020,#Alive,2020,https://a.ltrbxd.com/resized/film-poster/5/4/1/7/5/0/541750--alive-0-230-0-345-crop.jpg?v=07e0d4899c
the-voyeurs-2021,The Voyeurs,2021,https://a.ltrbxd.com/resized/film-poster/5/7/1/7/5/3/571753-the-voyeurs-0-230-0-345-crop.jpg?v=abbfcc9da7
best-in-show,Best in Show,2000,https://a.ltrbxd.com/resized/film-poster/4/3/6/0/1/43601-best-in-show-0-230-0-345-crop.jpg?v=9acd41f8dc
cobweb-2023,Cobweb,2023,https://a.ltrbxd.com/resized/film-poster/6/3/2/9/2/5/632925-cobweb-0-230-0-345-crop.jpg?v=d071cb9ff0
hero-2002,Hero,2002,https://a.ltrbxd.com/resized/sm/upload/ox/qe/4i/v4/u1zSyesxUf1FSHV6RKQHEto5HcD-0-230-0-345-crop.jpg?v=58fec9628b
the-diary-of-a-teenage-girl,The Diary of a Teenage Girl,2015,https://a.ltrbxd.com/resized/film-poster/1/7/4/6/8/8/174688-the-diary-of-a-teenage-girl-0-230-0-345-crop.jpg?v=b0107788de
the-house-of-the-devil,The House of the Devil,2009,https://a.ltrbxd.com/resized/sm/upload/ka/be/ya/by/gowkjB9qluxa4N3zxt9uKkWe0Ut-0-230-0-345-crop.jpg?v=33cd5dd409
beginners,Beginners,2010,https://a.ltrbxd.com/resized/sm/upload/ex/94/6k/8s/qcPR5RbJJTBSQSF50zH94OGPvaB-0-230-0-345-crop.jpg?v=9afee88db5
the-bridges-of-madison-county,The Bridges of Madison County,1995,https://a.ltrbxd.com/resized/film-poster/5/1/4/3/8/51438-the-bridges-of-madison-county-0-230-0-345-crop.jpg?v=a675af578f
the-cloverfield-paradox,The Cloverfield Paradox,2018,https://a.ltrbxd.com/resized/film-poster/3/1/9/4/0/9/319409-the-cloverfield-paradox-0-230-0-345-crop.jpg?v=d0644999f9
elite-squad,Elite Squad,2007,https://a.ltrbxd.com/resized/film-poster/4/8/0/4/2/48042-elite-squad-0-230-0-345-crop.jpg?v=b127c0f559
king-arthur-legend-of-the-sword,King Arthur: Legend of the Sword,2017,https://a.ltrbxd.com/resized/sm/upload/nw/n3/31/su/tXoN6NViRSg3pIy7a6ujlOcUUuE-0-230-0-345-crop.jpg?v=bd43ee9f29
about-a-boy,About a Boy,2002,https://a.ltrbxd.com/resized/film-poster/5/1/8/1/1/51811-about-a-boy-0-230-0-345-crop.jpg?v=5da731fccf
michael-clayton,Michael Clayton,2007,https://a.ltrbxd.com/resized/film-poster/4/9/2/4/1/49241-michael-clayton-0-230-0-345-crop.jpg?v=6a1d790e35
angels-demons,Angels & Demons,2009,https://a.ltrbxd.com/resized/film-poster/4/3/8/8/2/43882-angels-demons-0-230-0-345-crop.jpg?v=809c1204ad
star-wars-the-clone-wars,Star Wars: The Clone Wars,2008,https://a.ltrbxd.com/resized/film-poster/4/4/7/2/4/44724-star-wars-the-clone-wars-0-230-0-345-crop.jpg?v=ce06963c5f
friday-the-13th-part-iii,Friday the 13th Part III,1982,https://a.ltrbxd.com/resized/film-poster/4/6/8/7/9/46879-friday-the-13th-part-3-0-230-0-345-crop.jpg?v=9e63930345
rampage-2018,Rampage,2018,https://a.ltrbxd.com/resized/film-poster/3/6/1/0/1/4/361014-rampage-0-230-0-345-crop.jpg?v=088ca7ca78
escape-room-tournament-of-champions,Escape Room: Tournament of Champions,2021,https://a.ltrbxd.com/resized/film-poster/5/1/3/0/3/0/513030-escape-room-tournament-of-champions-0-230-0-345-crop.jpg?v=bfb15f8335
evangelion-3010-thrice-upon-a-time,Evangelion: 3.0+1.0 Thrice Upon a Time,2021,https://a.ltrbxd.com/resized/film-poster/2/0/8/8/7/7/208877-evangelion-3-0-1-0-thrice-upon-a-time-0-230-0-345-crop.jpg?v=1c02950f64
insidious-chapter-3,Insidious: Chapter 3,2015,https://a.ltrbxd.com/resized/film-poster/2/0/5/0/1/4/205014-insidious-chapter-3-0-230-0-345-crop.jpg?v=9172b213e5
the-reader,The Reader,2008,https://a.ltrbxd.com/resized/film-poster/4/7/9/1/0/47910-the-reader-0-230-0-345-crop.jpg?v=aa8abe030a
tall-girl,Tall Girl,2019,https://a.ltrbxd.com/resized/film-poster/5/5/1/8/2/9/551829-tall-girl-0-230-0-345-crop.jpg?v=9f4593ce79
the-family-stone,The Family Stone,2005,https://a.ltrbxd.com/resized/film-poster/4/7/4/0/0/47400-the-family-stone-0-230-0-345-crop.jpg?v=6cc90d66b1
strange-world-2022,Strange World,2022,https://a.ltrbxd.com/resized/film-poster/7/8/9/0/8/2/789082-strange-world-0-230-0-345-crop.jpg?v=1d4883475d
funny-face,Funny Face,1957,https://a.ltrbxd.com/resized/film-poster/4/3/9/8/0/43980-funny-face-0-230-0-345-crop.jpg?v=1073c29d5c
the-descendants,The Descendants,2011,https://a.ltrbxd.com/resized/sm/upload/pi/lq/kq/0i/t8GT2ckoImTTpc5NK1OOEHcrFBd-0-230-0-345-crop.jpg?v=627d512aa2
a-hard-days-night,A Hard Day's Night,1964,https://a.ltrbxd.com/resized/film-poster/5/1/4/2/2/51422-a-hard-day-s-night-0-230-0-345-crop.jpg?v=22ce36cf37
blue-ruin,Blue Ruin,2013,https://a.ltrbxd.com/resized/sm/upload/xb/lr/sn/ty/blue-ruin-poster-0-230-0-345-crop.jpg?v=70c7c07347
the-devils-backbone,The Devil's Backbone,2001,https://a.ltrbxd.com/resized/sm/upload/h4/ea/tl/l5/e9UizPFgoCnRCPtR0tyg2JNXY6A-0-230-0-345-crop.jpg?v=24af090ca9
antz,Antz,1998,https://a.ltrbxd.com/resized/film-poster/4/7/5/1/1/47511-antz-0-230-0-345-crop.jpg?v=c23e8c9a6c
american-pie-2,American Pie 2,2001,https://a.ltrbxd.com/resized/film-poster/5/0/1/0/1/50101-american-pie-2-0-230-0-345-crop.jpg?v=cbd6963643
the-perfection,The Perfection,2018,https://a.ltrbxd.com/resized/film-poster/4/5/9/1/8/4/459184-the-perfection-0-230-0-345-crop.jpg?v=b6cd3c0695
fatal-attraction,Fatal Attraction,1987,https://a.ltrbxd.com/resized/sm/upload/bf/2e/n6/ru/qHditPFIFCbXJKGLTPzvIagg6XD-0-230-0-345-crop.jpg?v=7c3f82f7c2
due-date,Due Date,2010,https://a.ltrbxd.com/resized/film-poster/2/3/3/2/1/23321-due-date-0-230-0-345-crop.jpg?v=12bc901de5
selma,Selma,2014,https://a.ltrbxd.com/resized/film-poster/1/9/8/0/3/0/198030-selma-0-230-0-345-crop.jpg?v=39a1bade32
the-dark-crystal,The Dark Crystal,1982,https://a.ltrbxd.com/resized/sm/upload/mp/7r/db/iq/6g1Kh73qQRosyhRJpL3euQpMxOE-0-230-0-345-crop.jpg?v=5c45e7a1ee
the-treasure-of-the-sierra-madre,The Treasure of the Sierra Madre,1948,https://a.ltrbxd.com/resized/film-poster/4/9/8/8/1/49881-the-treasure-of-the-sierra-madre-0-230-0-345-crop.jpg?v=1f86ef93a1
waking-life,Waking Life,2001,https://a.ltrbxd.com/resized/film-poster/4/7/3/6/3/47363-waking-life-0-230-0-345-crop.jpg?v=d340df121c
the-lost-city-of-z,The Lost City of Z,2016,https://a.ltrbxd.com/resized/film-poster/2/4/1/1/4/2/241142-the-lost-city-of-z-0-230-0-345-crop.jpg?v=d5a94fef9e
lara-croft-tomb-raider,Lara Croft: Tomb Raider,2001,https://a.ltrbxd.com/resized/film-poster/5/0/6/1/7/50617-lara-croft-tomb-raider-0-230-0-345-crop.jpg?v=d8cbbb5a09
everest-2015,Everest,2015,https://a.ltrbxd.com/resized/film-poster/1/7/7/2/5/7/177257-everest-0-230-0-345-crop.jpg?v=bcfc250305
a-nightmare-on-elm-street-2010,A Nightmare on Elm Street,2010,https://a.ltrbxd.com/resized/film-poster/3/7/3/6/9/37369-a-nightmare-on-elm-street-0-230-0-345-crop.jpg?v=ce27b2e7d5
escape-from-alcatraz,Escape from Alcatraz,1979,https://a.ltrbxd.com/resized/film-poster/4/5/9/4/4/45944-escape-from-alcatraz-0-230-0-345-crop.jpg?v=a497264a39
thats-my-boy-2012,That's My Boy,2012,https://a.ltrbxd.com/resized/film-poster/7/3/6/9/9/73699-that-s-my-boy-0-230-0-345-crop.jpg?v=bc6fbcbff6
the-girl-who-leapt-through-time,The Girl Who Leapt Through Time,2006,https://a.ltrbxd.com/resized/film-poster/4/3/3/7/0/43370-the-girl-who-leapt-through-time-0-230-0-345-crop.jpg?v=d3c82f50ec
the-guest-2014,The Guest,2014,https://a.ltrbxd.com/resized/sm/upload/is/9i/99/04/xxSuU7Q9ZmPjw9TNQ1WzmHVAxBI-0-230-0-345-crop.jpg?v=2e435bf9c5
hotel-rwanda,Hotel Rwanda,2004,https://a.ltrbxd.com/resized/film-poster/5/1/8/4/8/51848-hotel-rwanda-0-230-0-345-crop.jpg?v=ea46268b89
dogma,Dogma,1999,https://a.ltrbxd.com/resized/sm/upload/uu/21/g0/l5/zuJJAEvyiZiddzRx7JRGNDzjP07-0-230-0-345-crop.jpg?v=b6cff322c7
a-fish-called-wanda,A Fish Called Wanda,1988,https://a.ltrbxd.com/resized/sm/upload/2z/gn/ar/4j/hkSGFNVfEEUXFCxRZDITFHVhUlu-0-230-0-345-crop.jpg?v=3ae8775e60
the-internship,The Internship,2013,https://a.ltrbxd.com/resized/sm/upload/yg/fz/mg/e9/xxOKDTQbQo7h1h7TyrQIW7u8KcJ-0-230-0-345-crop.jpg?v=52720ca754
burnt,Burnt,2015,https://a.ltrbxd.com/resized/film-poster/2/2/3/3/0/7/223307-burnt-0-230-0-345-crop.jpg?v=5615fbc1cf
i-killed-my-mother,I Killed My Mother,2009,https://a.ltrbxd.com/resized/sm/upload/vg/xg/z0/yf/cxb02CLALt9He1Dt0BIDKj9fdvM-0-230-0-345-crop.jpg?v=aa25d9092e
field-of-dreams,Field of Dreams,1989,https://a.ltrbxd.com/resized/sm/upload/sk/d9/0x/hm/uYpaC4TFH7sDtvfK8ANlWMKhmHv-0-230-0-345-crop.jpg?v=7ceb841fe2
ouija-origin-of-evil,Ouija: Origin of Evil,2016,https://a.ltrbxd.com/resized/film-poster/2/6/4/3/3/5/264335-ouija-origin-of-evil-0-230-0-345-crop.jpg?v=792dc425bc
dumbo-2019,Dumbo,2019,https://a.ltrbxd.com/resized/film-poster/2/5/7/5/4/0/257540-dumbo-0-230-0-345-crop.jpg?v=e712933877
honey-i-shrunk-the-kids,"Honey, I Shrunk the Kids",1989,https://a.ltrbxd.com/resized/sm/upload/o2/lq/0g/qi/1R4EWvFjoKCscpGtOeobkTC7BS0-0-230-0-345-crop.jpg?v=5005e50947
talk-to-her,Talk to Her,2002,https://a.ltrbxd.com/resized/film-poster/5/1/9/8/5/51985-talk-to-her-0-230-0-345-crop.jpg?v=1dfcddea96
fair-play-2023,Fair Play,2023,https://a.ltrbxd.com/resized/film-poster/8/1/7/4/0/3/817403-fair-play-0-230-0-345-crop.jpg?v=1f9fe36d1b
the-muppet-movie,The Muppet Movie,1979,https://a.ltrbxd.com/resized/sm/upload/3b/m1/my/pc/48Ve7uLDcPJFGaDnmYYdcV3Ve1M-0-230-0-345-crop.jpg?v=4eaa4a510f
peter-pan-2003,Peter Pan,2003,https://a.ltrbxd.com/resized/film-poster/4/6/0/7/2/46072-peter-pan-0-230-0-345-crop.jpg?v=2fb91b4d2e
she-said-2022,She Said,2022,https://a.ltrbxd.com/resized/film-poster/7/5/3/1/0/6/753106-she-said-0-230-0-345-crop.jpg?v=fed28bb9f9
the-english-patient,The English Patient,1996,https://a.ltrbxd.com/resized/film-poster/5/1/6/8/1/51681-the-english-patient-0-230-0-345-crop.jpg?v=d3873f5c76
what-if-2013,What If,2013,https://a.ltrbxd.com/resized/sm/upload/gw/ai/6k/gs/what-if-0-230-0-345-crop.jpg?v=05d71cfbb0
jumper,Jumper,2008,https://a.ltrbxd.com/resized/film-poster/4/7/8/4/2/47842-jumper-0-230-0-345-crop.jpg?v=253601d55d
teenage-mutant-ninja-turtles-2014,Teenage Mutant Ninja Turtles,2014,https://a.ltrbxd.com/resized/film-poster/8/0/9/5/0/80950-teenage-mutant-ninja-turtles-0-230-0-345-crop.jpg?v=f7c411d74a
bedtime-stories,Bedtime Stories,2008,https://a.ltrbxd.com/resized/film-poster/4/6/4/4/9/46449-bedtime-stories-0-230-0-345-crop.jpg?v=55e25b4b19
bridget-joness-baby,Bridget Jones's Baby,2016,https://a.ltrbxd.com/resized/film-poster/7/9/1/3/0/79130-bridget-jones-s-baby-0-230-0-345-crop.jpg?v=f3c0428908
predator-2,Predator 2,1990,https://a.ltrbxd.com/resized/sm/upload/zr/v7/bi/bd/zvliTkCns7f37iUeedDdo7rFyYH-0-230-0-345-crop.jpg?v=06158f2080
the-goldfinch,The Goldfinch,2019,https://a.ltrbxd.com/resized/film-poster/4/0/4/0/4/6/404046-the-goldfinch-0-230-0-345-crop.jpg?v=aaa013d6dd
layer-cake,Layer Cake,2004,https://a.ltrbxd.com/resized/film-poster/4/9/1/1/4/49114-layer-cake-0-230-0-345-crop.jpg?v=0f9856f430
i-see-you-2019,I See You,2019,https://a.ltrbxd.com/resized/film-poster/4/5/3/8/3/3/453833-i-see-you-0-230-0-345-crop.jpg?v=f88bcae323
la-strada,La Strada,1954,https://a.ltrbxd.com/resized/film-poster/5/1/6/8/5/51685-la-strada-0-230-0-345-crop.jpg?v=1748210a21
spy-kids-2-the-island-of-lost-dreams,Spy Kids 2: The Island of Lost Dreams,2002,https://a.ltrbxd.com/resized/film-poster/4/7/1/1/0/47110-spy-kids-2-island-of-lost-dreams-0-230-0-345-crop.jpg?v=534558dcd9
equilibrium,Equilibrium,2002,https://a.ltrbxd.com/resized/sm/upload/ym/wn/qh/0g/equilibrium-0-230-0-345-crop.jpg?v=4ccf964a4e
serial-mom,Serial Mom,1994,https://a.ltrbxd.com/resized/film-poster/4/5/1/5/8/45158-serial-mom-0-230-0-345-crop.jpg?v=324410ed55
walk-hard-the-dewey-cox-story,Walk Hard: The Dewey Cox Story,2007,https://a.ltrbxd.com/resized/sm/upload/3y/xy/fi/n2/walk-hard-0-230-0-345-crop.jpg?v=95ea389765
killing-them-softly,Killing Them Softly,2012,https://a.ltrbxd.com/resized/film-poster/2/7/8/278-killing-them-softly-0-230-0-345-crop.jpg?v=c1543d3e61
precious,Precious,2009,https://a.ltrbxd.com/resized/film-poster/3/5/7/9/1/35791-precious-0-230-0-345-crop.jpg?v=e98403decd
daddys-home,Daddy's Home,2015,https://a.ltrbxd.com/resized/film-poster/1/9/8/3/0/2/198302-daddy-s-home-0-230-0-345-crop.jpg?v=c086058dc8
the-mask-of-zorro,The Mask of Zorro,1998,https://a.ltrbxd.com/resized/film-poster/4/7/2/5/2/47252-the-mask-of-zorro-0-230-0-345-crop.jpg?v=c77adbef9e
the-lizzie-mcguire-movie,The Lizzie McGuire Movie,2003,https://a.ltrbxd.com/resized/sm/upload/a8/4z/j8/2u/bYKSXI36PrJ9bO4jFs0wde6VmEv-0-230-0-345-crop.jpg?v=52c09d6fae
sound-of-freedom,Sound of Freedom,2023,https://a.ltrbxd.com/resized/film-poster/6/0/2/9/8/9/602989-sound-of-freedom-0-230-0-345-crop.jpg?v=9b6b417fc5
the-poughkeepsie-tapes,The Poughkeepsie Tapes,2007,https://a.ltrbxd.com/resized/film-poster/2/6/1/5/5/26155-the-poughkeepsie-tapes-0-230-0-345-crop.jpg?v=e3fa2abfb2
trading-places,Trading Places,1983,https://a.ltrbxd.com/resized/sm/upload/qa/o0/ac/wd/jaYll3wckw6HrvTq6s2Q0a4WTGV-0-230-0-345-crop.jpg?v=5eeb418746
crank,Crank,2006,https://a.ltrbxd.com/resized/film-poster/5/0/6/6/0/50660-crank-0-230-0-345-crop.jpg?v=c6b361887f
bad-teacher,Bad Teacher,2011,https://a.ltrbxd.com/resized/film-poster/1/3/4/3/9/13439-bad-teacher-0-230-0-345-crop.jpg?v=f2b4e9d439
delicatessen,Delicatessen,1991,https://a.ltrbxd.com/resized/film-poster/5/1/2/6/0/51260-delicatessen-0-230-0-345-crop.jpg?v=dca54560ba
the-invisible-man,The Invisible Man,1933,https://a.ltrbxd.com/resized/sm/upload/hb/62/sv/wn/15w76PDsXtPjBgnEJlZLZceBfZR-0-230-0-345-crop.jpg?v=7b891db489
the-grudge,The Grudge,2004,https://a.ltrbxd.com/resized/film-poster/5/0/6/3/8/50638-the-grudge-0-230-0-345-crop.jpg?v=e6e6a40884
the-man-who-shot-liberty-valance,The Man Who Shot Liberty Valance,1962,https://a.ltrbxd.com/resized/film-poster/4/5/0/5/7/45057-the-man-who-shot-liberty-valance-0-230-0-345-crop.jpg?v=23b5d611bf
infernal-affairs,Infernal Affairs,2002,https://a.ltrbxd.com/resized/film-poster/4/5/9/0/8/45908-infernal-affairs-0-230-0-345-crop.jpg?v=f6104055a1
whats-your-number,What's Your Number?,2011,https://a.ltrbxd.com/resized/sm/upload/lq/kx/kg/ub/yugpF7km9nEE5GLpSWMSkGKHGNd-0-230-0-345-crop.jpg?v=432b5734a7
the-first-purge,The First Purge,2018,https://a.ltrbxd.com/resized/film-poster/3/7/4/8/8/5/374885-the-first-purge-0-230-0-345-crop.jpg?v=59f56cf36e
cannibal-holocaust,Cannibal Holocaust,1980,https://a.ltrbxd.com/resized/film-poster/4/7/6/4/6/47646-cannibal-holocaust-0-230-0-345-crop.jpg?v=4ca2f126bb
salt-2010,Salt,2010,https://a.ltrbxd.com/resized/sm/upload/it/c4/ci/lz/v2BgmcQkl6Y0rosbMJPlQNKx8H0-0-230-0-345-crop.jpg?v=6eaa8b52f2
four-lions,Four Lions,2010,https://a.ltrbxd.com/resized/sm/upload/ms/43/2p/3u/xp500JNCanNW2F2Flw6jLp56M5g-0-230-0-345-crop.jpg?v=c34f1a5f57
this-is-england,This Is England,2006,https://a.ltrbxd.com/resized/film-poster/4/5/0/0/0/45000-this-is-england-0-230-0-345-crop.jpg?v=bdcf31ff4e
sicario-day-of-the-soldado,Sicario: Day of the Soldado,2018,https://a.ltrbxd.com/resized/film-poster/3/3/5/2/9/4/335294-sicario-day-of-the-soldado-0-230-0-345-crop.jpg?v=fc6e56511d
battle-of-the-sexes-2017,Battle of the Sexes,2017,https://a.ltrbxd.com/resized/sm/upload/u5/7k/i8/sv/B6E77791-C29F-4CAC-A309-2424F47DA4E5-0-230-0-345-crop.jpg?v=bdc9de1046
nanny-mcphee,Nanny McPhee,2005,https://a.ltrbxd.com/resized/film-poster/4/5/4/4/8/45448-nanny-mcphee-0-230-0-345-crop.jpg?v=cd15ee3c64
i-want-to-eat-your-pancreas,I Want to Eat Your Pancreas,2018,https://a.ltrbxd.com/resized/film-poster/4/3/4/4/1/3/434413-i-want-to-eat-your-pancreas-0-230-0-345-crop.jpg?v=2bfbf8ca92
the-big-sleep,The Big Sleep,1946,https://a.ltrbxd.com/resized/film-poster/5/1/2/4/2/51242-the-big-sleep-0-230-0-345-crop.jpg?v=754a1800d7
unbroken,Unbroken,2014,https://a.ltrbxd.com/resized/sm/upload/ne/52/zm/74/1un8i8UtCjSCnY3OfdxtB5kDRvF-0-230-0-345-crop.jpg?v=87affa0d86
its-kind-of-a-funny-story,It's Kind of a Funny Story,2010,https://a.ltrbxd.com/resized/sm/upload/zd/64/9y/up/wADblWdHMk2SIaZRBazTGOTBf4w-0-230-0-345-crop.jpg?v=7245ce66cc
lupin-the-third-the-castle-of-cagliostro,Lupin the Third: The Castle of Cagliostro,1979,https://a.ltrbxd.com/resized/film-poster/4/2/4/2/7/42427-lupin-the-third-the-castle-of-cagliostro-0-230-0-345-crop.jpg?v=e3e82cede0
freedom-writers,Freedom Writers,2007,https://a.ltrbxd.com/resized/film-poster/5/0/8/9/6/50896-freedom-writers-0-230-0-345-crop.jpg?v=78bd4c656e
the-bfg-2016,The BFG,2016,https://a.ltrbxd.com/resized/film-poster/1/9/1/1/2/4/191124-the-bfg-0-230-0-345-crop.jpg?v=c619fd1bb8
the-hills-have-eyes-2006,The Hills Have Eyes,2006,https://a.ltrbxd.com/resized/film-poster/4/6/8/2/0/46820-the-hills-have-eyes-0-230-0-345-crop.jpg?v=31498604fb
jason-bourne,Jason Bourne,2016,https://a.ltrbxd.com/resized/film-poster/2/5/1/7/7/3/251773-jason-bourne-0-230-0-345-crop.jpg?v=69a1ebcf88
richard-jewell,Richard Jewell,2019,https://a.ltrbxd.com/resized/film-poster/2/1/8/2/5/4/218254-richard-jewell-0-230-0-345-crop.jpg?v=dc2dc48c7b
boy-erased,Boy Erased,2018,https://a.ltrbxd.com/resized/film-poster/4/0/3/8/2/6/403826-boy-erased-0-230-0-345-crop.jpg?v=20cd94a213
falling-for-christmas,Falling for Christmas,2022,https://a.ltrbxd.com/resized/film-poster/7/4/8/6/7/9/748679-falling-for-christmas-0-230-0-345-crop.jpg?v=64926a8e41
coyote-ugly,Coyote Ugly,2000,https://a.ltrbxd.com/resized/sm/upload/uh/px/n3/yy/15A92dWMP4anntYpAQ0Mzq7wtru-0-230-0-345-crop.jpg?v=ff23fe1200
why-him,Why Him?,2016,https://a.ltrbxd.com/resized/film-poster/2/8/7/5/0/9/287509-why-him--0-230-0-345-crop.jpg?v=92e9a917a2
american-animals,American Animals,2018,https://a.ltrbxd.com/resized/film-poster/4/2/0/5/6/3/420563-american-animals-0-230-0-345-crop.jpg?v=3d95e35243
journey-to-the-center-of-the-earth-2008,Journey to the Center of the Earth,2008,https://a.ltrbxd.com/resized/film-poster/7/4/8/2/6/74826-journey-to-the-center-of-the-earth-0-230-0-345-crop.jpg?v=c359040082
assault-on-precinct-13,Assault on Precinct 13,1976,https://a.ltrbxd.com/resized/sm/upload/ju/cb/fl/5q/z77jBn1j78W8px9lEjBlG5JibpM-0-230-0-345-crop.jpg?v=1ec4fa9596
leap-year,Leap Year,2010,https://a.ltrbxd.com/resized/film-poster/3/6/2/1/8/36218-leap-year-0-230-0-345-crop.jpg?v=b9a8f2d992
the-dead-zone,The Dead Zone,1983,https://a.ltrbxd.com/resized/film-poster/4/5/3/9/8/45398-the-dead-zone-0-230-0-345-crop.jpg?v=cf22060b20
the-texas-chainsaw-massacre,The Texas Chainsaw Massacre,2003,https://a.ltrbxd.com/resized/film-poster/4/7/2/2/2/47222-the-texas-chainsaw-massacre-0-230-0-345-crop.jpg?v=1c3a6203e1
the-waterboy,The Waterboy,1998,https://a.ltrbxd.com/resized/film-poster/4/6/0/1/2/46012-the-waterboy-0-230-0-345-crop.jpg?v=55afe70212
day-of-the-dead,Day of the Dead,1985,https://a.ltrbxd.com/resized/film-poster/4/7/7/5/1/47751-day-of-the-dead-0-230-0-345-crop.jpg?v=043db703f1
saving-mr-banks,Saving Mr. Banks,2013,https://a.ltrbxd.com/resized/film-poster/1/0/7/5/2/3/107523-saving-mr-banks-0-230-0-345-crop.jpg?v=97e824617b
barb-star-go-to-vista-del-mar,Barb & Star Go to Vista Del Mar,2021,https://a.ltrbxd.com/resized/film-poster/5/2/3/2/2/9/523229-barb-star-go-to-vista-del-mar-0-230-0-345-crop.jpg?v=348310f27e
the-wedding-planner,The Wedding Planner,2001,https://a.ltrbxd.com/resized/film-poster/5/0/5/9/5/50595-the-wedding-planner-0-230-0-345-crop.jpg?v=17cbb4fb87
eden-lake,Eden Lake,2008,https://a.ltrbxd.com/resized/sm/upload/hq/28/2l/x4/tn5ldUSjZJFkmnnLdCikGjMgiGj-0-230-0-345-crop.jpg?v=fc903f4c9a
hunger,Hunger,2008,https://a.ltrbxd.com/resized/sm/upload/4j/78/8b/43/vgy1KZe6trb6Ul2OZAdw2DcW38D-0-230-0-345-crop.jpg?v=1de7d32b89
the-vast-of-night,The Vast of Night,2019,https://a.ltrbxd.com/resized/film-poster/4/9/4/1/6/6/494166-the-vast-of-night-0-230-0-345-crop.jpg?v=3ebec627c8
the-hot-chick,The Hot Chick,2002,https://a.ltrbxd.com/resized/film-poster/4/4/9/5/0/44950-the-hot-chick-0-230-0-345-crop.jpg?v=d66290cbdd
tron,Tron,1982,https://a.ltrbxd.com/resized/sm/upload/x2/ki/kc/v5/cTF8lpXvAwT1SLH9kVFZZl0AO0D-0-230-0-345-crop.jpg?v=8ed1949fef
team-america-world-police,Team America: World Police,2004,https://a.ltrbxd.com/resized/film-poster/4/9/5/3/1/49531-team-america-world-police-0-230-0-345-crop.jpg?v=8c712d3b25
rocky-v,Rocky V,1990,https://a.ltrbxd.com/resized/film-poster/5/1/0/8/1/51081-rocky-v-0-230-0-345-crop.jpg?v=5c9df878be
the-longest-yard-2005,The Longest Yard,2005,https://a.ltrbxd.com/resized/film-poster/4/7/3/0/1/47301-the-longest-yard-0-230-0-345-crop.jpg?v=5e03c23543
war-horse,War Horse,2011,https://a.ltrbxd.com/resized/sm/upload/tm/go/ln/tz/tKuBbV3TMnUWgvIlHKeKLfhPTJB-0-230-0-345-crop.jpg?v=47a006e826
the-way-he-looks,The Way He Looks,2014,https://a.ltrbxd.com/resized/sm/upload/im/wl/ox/fi/oAPCsQiWV6YUd0Gt62BOwb8aSth-0-230-0-345-crop.jpg?v=dfc8870802
the-man-from-earth,The Man from Earth,2007,https://a.ltrbxd.com/resized/film-poster/4/3/9/5/2/43952-the-man-from-earth-0-230-0-345-crop.jpg?v=f307c73fdf
gonjiam-haunted-asylum,Gonjiam: Haunted Asylum,2018,https://a.ltrbxd.com/resized/film-poster/4/3/8/4/3/0/438430-gonjiam-haunted-asylum-0-230-0-345-crop.jpg?v=b15d8a88a6
neighbors-2-sorority-rising,Neighbors 2: Sorority Rising,2016,https://a.ltrbxd.com/resized/sm/upload/0j/b6/38/hd/bWUeJHbKIyT306WtJFRHoSzX9nk-0-230-0-345-crop.jpg?v=97d1691f2e
trainwreck,Trainwreck,2015,https://a.ltrbxd.com/resized/film-poster/1/9/4/9/7/5/194975-trainwreck-0-230-0-345-crop.jpg?v=d766cd0022
leave-no-trace,Leave No Trace,2018,https://a.ltrbxd.com/resized/film-poster/3/7/6/0/4/1/376041-leave-no-trace-0-230-0-345-crop.jpg?v=f079c0c9bc
failure-to-launch,Failure to Launch,2006,https://a.ltrbxd.com/resized/film-poster/4/8/1/8/6/48186-failure-to-launch-0-230-0-345-crop.jpg?v=b2a86d3f25
mr-beans-holiday,Mr. Bean's Holiday,2007,https://a.ltrbxd.com/resized/sm/upload/1i/js/mj/tp/5G3gOZemcwXf2nbUFB4VCc5gl2A-0-230-0-345-crop.jpg?v=00c4e97f90
before-the-devil-knows-youre-dead,Before the Devil Knows You're Dead,2007,https://a.ltrbxd.com/resized/film-poster/4/7/9/4/8/47948-before-the-devil-knows-you-re-dead-0-230-0-345-crop.jpg?v=22d8c0f78d
new-nightmare,New Nightmare,1994,https://a.ltrbxd.com/resized/film-poster/4/5/1/5/4/45154-new-nightmare-0-230-0-345-crop.jpg?v=d99a19159d
planet-of-the-apes-2001,Planet of the Apes,2001,https://a.ltrbxd.com/resized/film-poster/5/1/2/8/3/51283-planet-of-the-apes-0-230-0-345-crop.jpg?v=b6d985213d
terminator-genisys,Terminator Genisys,2015,https://a.ltrbxd.com/resized/film-poster/7/3/5/9/4/73594-terminator-genisys-0-230-0-345-crop.jpg?v=b341d672a6
leaving-las-vegas,Leaving Las Vegas,1995,https://a.ltrbxd.com/resized/film-poster/5/1/6/5/0/51650-leaving-las-vegas-0-230-0-345-crop.jpg?v=af4f237548
goosebumps,Goosebumps,2015,https://a.ltrbxd.com/resized/film-poster/1/8/1/2/0/8/181208-goosebumps-0-230-0-345-crop.jpg?v=c1830517ce
fifty-shades-darker,Fifty Shades Darker,2017,https://a.ltrbxd.com/resized/film-poster/2/7/0/6/3/4/270634-fifty-shades-darker-0-230-0-345-crop.jpg?v=fd4e52d8eb
terminator-salvation,Terminator Salvation,2009,https://a.ltrbxd.com/resized/film-poster/5/1/5/8/3/51583-terminator-salvation-0-230-0-345-crop.jpg?v=1bd4a4306d
bad-moms,Bad Moms,2016,https://a.ltrbxd.com/resized/film-poster/3/1/1/8/9/3/311893-bad-moms-0-230-0-345-crop.jpg?v=bf85c9c0e1
frida,Frida,2002,https://a.ltrbxd.com/resized/sm/upload/8b/w4/w0/x5/zwkLXyeAKYGX6iKJemLlSSPmC22-0-230-0-345-crop.jpg?v=4d7b59f9e6
colossal-2016,Colossal,2016,https://a.ltrbxd.com/resized/sm/upload/z0/od/dr/vw/4VOyofBd1pexblxtDZYtYIk7NI4-0-230-0-345-crop.jpg?v=530897e93a
halloween-h20-20-years-later,Halloween H20: 20 Years Later,1998,https://a.ltrbxd.com/resized/sm/upload/ke/83/lg/ue/fr9aVkMJgoYLTqlZQwzXYi06yod-0-230-0-345-crop.jpg?v=a76ef0e313
in-the-name-of-the-father-1993,In the Name of the Father,1993,https://a.ltrbxd.com/resized/sm/upload/7t/tv/1b/v8/200663-in-the-name-of-the-father-0-230-0-345-crop.jpg?v=6877395883
rio-2,Rio 2,2014,https://a.ltrbxd.com/resized/film-poster/1/2/6/5/6/4/126564-rio-2-0-230-0-345-crop.jpg?v=58a63c8414
the-outfit-2022,The Outfit,2022,https://a.ltrbxd.com/resized/film-poster/7/1/7/5/4/1/717541-the-outfit-0-230-0-345-crop.jpg?v=f4685a3b4c
tully-2018,Tully,2018,https://a.ltrbxd.com/resized/film-poster/3/3/5/3/2/2/335322-tully-0-230-0-345-crop.jpg?v=f899c17c7e
one-night-in-miami,One Night in Miami...,2020,https://a.ltrbxd.com/resized/film-poster/5/8/6/9/4/4/586944-one-night-in-miami--0-230-0-345-crop.jpg?v=cd84f16cc1
assassination-nation,Assassination Nation,2018,https://a.ltrbxd.com/resized/sm/upload/r0/xb/0v/z0/fjhJTk1jSWNK9Idm588jIwpp8S5-0-230-0-345-crop.jpg?v=213fe6580f
childs-play-2019,Child's Play,2019,https://a.ltrbxd.com/resized/film-poster/4/6/2/7/9/9/462799-child-s-play-0-230-0-345-crop.jpg?v=a198319fa9
enders-game,Ender's Game,2013,https://a.ltrbxd.com/resized/film-poster/6/6/5/6/3/66563-ender-s-game-0-230-0-345-crop.jpg?v=4212deeadb
incoming-2024,Incoming,2024,https://a.ltrbxd.com/resized/film-poster/9/0/8/6/8/9/908689-incoming-0-230-0-345-crop.jpg?v=c11234276e
jane-eyre-2011,Jane Eyre,2011,https://a.ltrbxd.com/resized/sm/upload/ds/qm/zb/e3/oC7wvdrBA0RgbXaJZwcxsl1zKBR.jpg-0-230-0-345-crop.jpg?v=485aa54abd
knowing,Knowing,2009,https://a.ltrbxd.com/resized/film-poster/4/3/5/7/7/43577-knowing-0-230-0-345-crop.jpg?v=e9aa1d9da6
can-you-ever-forgive-me,Can You Ever Forgive Me?,2018,https://a.ltrbxd.com/resized/film-poster/3/3/6/5/5/5/336555-can-you-ever-forgive-me--0-230-0-345-crop.jpg?v=f17a8927c9
boys-dont-cry,Boys Don't Cry,1999,https://a.ltrbxd.com/resized/film-poster/5/1/8/3/0/51830-boys-don-t-cry-0-230-0-345-crop.jpg?v=26addef30f
isnt-it-romantic-2019,Isn't It Romantic,2019,https://a.ltrbxd.com/resized/film-poster/3/8/1/8/3/1/381831-isn-t-it-romantic-0-230-0-345-crop.jpg?v=c36c5b1861
queen-slim,Queen & Slim,2019,https://a.ltrbxd.com/resized/film-poster/4/6/5/9/2/1/465921-queen-slim-0-230-0-345-crop.jpg?v=5f26f98621
hanna,Hanna,2011,https://a.ltrbxd.com/resized/film-poster/1/5/2/2/5/15225-hanna-0-230-0-345-crop.jpg?v=31274601a7
the-man-who-wasnt-there-2001,The Man Who Wasn't There,2001,https://a.ltrbxd.com/resized/film-poster/4/5/9/0/6/45906-the-man-who-wasn-t-there-0-230-0-345-crop.jpg?v=06e12e3954
halloween-4-the-return-of-michael-myers,Halloween 4: The Return of Michael Myers,1988,https://a.ltrbxd.com/resized/film-poster/4/5/3/7/7/45377-halloween-4-the-return-of-michael-myers-0-230-0-345-crop.jpg?v=76282accbc
pacific-rim-uprising,Pacific Rim: Uprising,2018,https://a.ltrbxd.com/resized/film-poster/1/9/2/1/3/9/192139-pacific-rim-uprising-0-230-0-345-crop.jpg?v=6a70746f9d
children-of-the-corn,Children of the Corn,1984,https://a.ltrbxd.com/resized/sm/upload/mj/ns/kg/kd/miJTMLdgrrgAs7blRjLutfLha9M-0-230-0-345-crop.jpg?v=607ce13732
creature-from-the-black-lagoon,Creature from the Black Lagoon,1954,https://a.ltrbxd.com/resized/sm/upload/dw/3f/dq/c6/hQ3k0gAh2Hv2uqrMff0gqxZDJKy-0-230-0-345-crop.jpg?v=4b95b672a1
the-red-turtle,The Red Turtle,2016,https://a.ltrbxd.com/resized/sm/upload/78/fl/zo/v4/w90EF8YDEbAtlbTSSRhcKdeiKJq-0-230-0-345-crop.jpg?v=ac5edad90d
bright,Bright,2017,https://a.ltrbxd.com/resized/film-poster/3/3/4/3/1/1/334311-bright-0-230-0-345-crop.jpg?v=b61946e0ea
the-invitation-2022-1,The Invitation,2022,https://a.ltrbxd.com/resized/film-poster/7/4/6/5/9/9/746599-the-invitation-0-230-0-345-crop.jpg?v=57d6ba3b67
just-mercy,Just Mercy,2019,https://a.ltrbxd.com/resized/film-poster/4/5/1/7/8/8/451788-just-mercy-0-230-0-345-crop.jpg?v=f8daf8ef95
youth-2015,Youth,2015,https://a.ltrbxd.com/resized/film-poster/2/3/7/6/0/8/237608-youth-0-230-0-345-crop.jpg?v=5e441b72ec
the-final-girls,The Final Girls,2015,https://a.ltrbxd.com/resized/film-poster/2/2/0/8/3/8/220838-the-final-girls-0-230-0-345-crop.jpg?v=01914aa84c
stagecoach,Stagecoach,1939,https://a.ltrbxd.com/resized/film-poster/5/1/1/7/4/51174-stagecoach-0-230-0-345-crop.jpg?v=9f0a1f0c3e
the-blob-1988,The Blob,1988,https://a.ltrbxd.com/resized/film-poster/4/7/0/0/2/47002-the-blob-0-230-0-345-crop.jpg?v=02a0472038
21-grams,21 Grams,2003,https://a.ltrbxd.com/resized/sm/upload/ee/gx/q4/xd/Aps7GzrYiJZKHNT524Rsg4jaXej-0-230-0-345-crop.jpg?v=e37943795b
the-adventures-of-priscilla-queen-of-the-desert,"The Adventures of Priscilla, Queen of the Desert",1994,https://a.ltrbxd.com/resized/sm/upload/ip/ay/kf/iq/pmHRJPlAEiYATBIgKAa0IyY6Or7-0-230-0-345-crop.jpg?v=be718dd3bb
365-days-2020,365 Days,2020,https://a.ltrbxd.com/resized/film-poster/5/8/9/3/4/6/589346-365-days-0-230-0-345-crop.jpg?v=6f1defe390
hot-tub-time-machine,Hot Tub Time Machine,2010,https://a.ltrbxd.com/resized/film-poster/3/7/5/6/5/37565-hot-tub-time-machine-0-230-0-345-crop.jpg?v=2ab95fc799
snowden,Snowden,2016,https://a.ltrbxd.com/resized/sm/upload/4m/zj/e1/ro/mWOotrG1MMKP9iCy2uPepbu27jk-0-230-0-345-crop.jpg?v=7f26b8a014
greenland,Greenland,2020,https://a.ltrbxd.com/resized/film-poster/4/5/3/5/5/7/453557-greenland-0-230-0-345-crop.jpg?v=7b74f6dd73
jupiter-ascending,Jupiter Ascending,2015,https://a.ltrbxd.com/resized/film-poster/6/3/2/3/6/63236-jupiter-ascending-0-230-0-345-crop.jpg?v=b72cffa2de
mr-peabody-sherman,Mr. Peabody & Sherman,2014,https://a.ltrbxd.com/resized/film-poster/6/9/1/4/1/69141-mr-peabody-sherman-0-230-0-345-crop.jpg?v=773632c58f
the-kissing-booth-3,The Kissing Booth 3,2021,https://a.ltrbxd.com/resized/film-poster/6/5/0/3/3/4/650334-the-kissing-booth-3-0-230-0-345-crop.jpg?v=f954216e4a
predators,Predators,2010,https://a.ltrbxd.com/resized/sm/upload/b2/nf/x3/5j/xtx2kOAySd2jUVU4eylCgkkIi5v-0-230-0-345-crop.jpg?v=a6b06a85f3
the-heat,The Heat,2013,https://a.ltrbxd.com/resized/film-poster/1/0/4/9/9/8/104998-the-heat-0-230-0-345-crop.jpg?v=a97f42f92c
plus-one-2019,Plus One,2019,https://a.ltrbxd.com/resized/film-poster/4/3/7/9/8/9/437989-plus-one-0-230-0-345-crop.jpg?v=e2769d9468
jack-and-jill,Jack and Jill,2011,https://a.ltrbxd.com/resized/sm/upload/vc/kg/s4/b2/yI6tiyhRbeK6CbIHPrNYfEjJCeg-0-230-0-345-crop.jpg?v=9fb45628f6
the-art-of-self-defense-2019,The Art of Self-Defense,2019,https://a.ltrbxd.com/resized/film-poster/4/1/0/9/5/8/410958-the-art-of-self-defense-0-230-0-345-crop.jpg?v=069b9a9f7a
deja-vu,Déjà Vu,2006,https://a.ltrbxd.com/resized/film-poster/4/7/9/8/7/47987-deja-vu-0-230-0-345-crop.jpg?v=7e52a254f6
ghostland,Ghostland,2018,https://a.ltrbxd.com/resized/film-poster/4/0/7/4/3/0/407430-ghostland-0-230-0-345-crop.jpg?v=942fb6b953
this-is-40,This Is 40,2012,https://a.ltrbxd.com/resized/film-poster/7/5/3/2/2/75322-this-is-40-0-230-0-345-crop.jpg?v=f70b0b48d3
mary-queen-of-scots-2018,Mary Queen of Scots,2018,https://a.ltrbxd.com/resized/sm/upload/15/8j/li/ix/b5RMzLAyq5QW6GtN9sIeAEMLlBI-0-230-0-345-crop.jpg?v=f04e96c892
the-blackening,The Blackening,2022,https://a.ltrbxd.com/resized/film-poster/9/0/8/3/1/1/908311-the-blackening-0-230-0-345-crop.jpg?v=75ccd59340
apostle-2018,Apostle,2018,https://a.ltrbxd.com/resized/film-poster/3/5/7/6/6/8/357668-apostle-0-230-0-345-crop.jpg?v=5de87356f8
princess-protection-program,Princess Protection Program,2009,https://a.ltrbxd.com/resized/film-poster/3/9/6/2/7/39627-princess-protection-program-0-230-0-345-crop.jpg?v=a5f38f7c40
sierra-burgess-is-a-loser,Sierra Burgess Is a Loser,2018,https://a.ltrbxd.com/resized/film-poster/3/9/4/7/1/1/394711-sierra-burgess-is-a-loser-0-230-0-345-crop.jpg?v=0b4ee51f51
the-last-emperor,The Last Emperor,1987,https://a.ltrbxd.com/resized/film-poster/5/1/4/0/6/51406-the-last-emperor-0-230-0-345-crop.jpg?v=db0c8250da
what-happens-in-vegas,What Happens in Vegas,2008,https://a.ltrbxd.com/resized/film-poster/4/7/4/1/4/47414-what-happens-in-vegas--0-230-0-345-crop.jpg?v=8529757dc9
doubt,Doubt,2008,https://a.ltrbxd.com/resized/sm/upload/i8/4v/fy/7o/lLoeGIiQpLt7khw9GHKJzta1Dqg-0-230-0-345-crop.jpg?v=e823333780
barbie-in-the-12-dancing-princesses,Barbie in the 12 Dancing Princesses,2006,https://a.ltrbxd.com/resized/film-poster/4/4/2/2/5/44225-barbie-in-the-12-dancing-princesses-0-230-0-345-crop.jpg?v=50d2e7feaf
haunt-2019,Haunt,2019,https://a.ltrbxd.com/resized/film-poster/4/4/6/7/1/7/446717-haunt-0-230-0-345-crop.jpg?v=90873b34b0
bad-trip-2021,Bad Trip,2021,https://a.ltrbxd.com/resized/film-poster/5/0/6/9/7/2/506972-bad-trip-0-230-0-345-crop.jpg?v=bde6e17145
malena,Malena,2000,https://a.ltrbxd.com/resized/sm/upload/4l/5v/o6/rl/zWq3PG0Sr7ecOkM4EyHLlQlpQWs-0-230-0-345-crop.jpg?v=c126fffe07
legends-of-the-fall,Legends of the Fall,1994,https://a.ltrbxd.com/resized/sm/upload/nj/ai/hd/ey/uh0sJcx3SLtclJSuKAXl6Tt6AV0-0-230-0-345-crop.jpg?v=6ba2a1564d
elle,Elle,2016,https://a.ltrbxd.com/resized/sm/upload/x1/4u/2c/ea/aRomjtoVqEZRjDHgLNvtj7c8ixG-0-230-0-345-crop.jpg?v=70f9a4b01f
the-ugly-truth,The Ugly Truth,2009,https://a.ltrbxd.com/resized/film-poster/3/8/6/9/6/38696-the-ugly-truth-0-230-0-345-crop.jpg?v=0de451d14a
operation-fortune-ruse-de-guerre,Operation Fortune: Ruse de Guerre,2023,https://a.ltrbxd.com/resized/film-poster/6/6/1/1/5/3/661153-operation-fortune-ruse-de-guerre-0-230-0-345-crop.jpg?v=4e800cff90
the-illusionist,The Illusionist,2006,https://a.ltrbxd.com/resized/film-poster/5/1/0/0/8/51008-the-illusionist-0-230-0-345-crop.jpg?v=2babe15ced
the-land-before-time,The Land Before Time,1988,https://a.ltrbxd.com/resized/film-poster/4/4/7/5/8/44758-the-land-before-time-0-230-0-345-crop.jpg?v=9a583dc0d2
mississippi-burning,Mississippi Burning,1988,https://a.ltrbxd.com/resized/film-poster/5/0/9/0/9/50909-mississippi-burning-0-230-0-345-crop.jpg?v=d5bd127e96
just-my-luck-2006,Just My Luck,2006,https://a.ltrbxd.com/resized/film-poster/4/6/6/1/7/46617-just-my-luck-0-230-0-345-crop.jpg?v=edc28fce86
christmas-with-the-kranks,Christmas with the Kranks,2004,https://a.ltrbxd.com/resized/film-poster/4/3/6/9/1/43691-christmas-with-the-kranks-0-230-0-345-crop.jpg?v=4b58d9ca7c
rush-hour-3,Rush Hour 3,2007,https://a.ltrbxd.com/resized/film-poster/4/8/9/2/0/48920-rush-hour-3-0-230-0-345-crop.jpg?v=24f08c374e
superman-returns,Superman Returns,2006,https://a.ltrbxd.com/resized/sm/upload/54/gw/jp/ff/vEufsHYtmE362NOWuf1hAlvqrPQ-0-230-0-345-crop.jpg?v=4b45e60547
wet-hot-american-summer,Wet Hot American Summer,2001,https://a.ltrbxd.com/resized/film-poster/5/0/4/6/5/50465-wet-hot-american-summer-0-230-0-345-crop.jpg?v=82ab833719
spirited,Spirited,2022,https://a.ltrbxd.com/resized/film-poster/5/5/9/0/2/5/559025-spirited-0-230-0-345-crop.jpg?v=3227a609c0
ace-ventura-when-nature-calls,Ace Ventura: When Nature Calls,1995,https://a.ltrbxd.com/resized/sm/upload/1j/l4/25/xh/wRlGnJhEzcxBjvWtvbjhDSU1cIY-0-230-0-345-crop.jpg?v=d23a30a557
the-sisters-brothers,The Sisters Brothers,2018,https://a.ltrbxd.com/resized/film-poster/3/7/2/7/4/0/372740-the-sisters-brothers-0-230-0-345-crop.jpg?v=8328ce3d8c
shallow-hal,Shallow Hal,2001,https://a.ltrbxd.com/resized/sm/upload/mv/zp/fj/b5/iHUjznY6IFJhsjFW1tQqE8Kpo88-0-230-0-345-crop.jpg?v=38326af2bc
red-2010,RED,2010,https://a.ltrbxd.com/resized/film-poster/2/5/1/7/5/25175-red-0-230-0-345-crop.jpg?v=e6af617e2a
pee-wees-big-adventure,Pee-wee's Big Adventure,1985,https://a.ltrbxd.com/resized/sm/upload/li/jl/a2/sr/2PT1qTPkD3UvP9zZ2EqZkDNyJl1-0-230-0-345-crop.jpg?v=9b6c097a6f
fear-1996,Fear,1996,https://a.ltrbxd.com/resized/film-poster/4/6/1/2/9/46129-fear-0-230-0-345-crop.jpg?v=a802a73b50
prince-of-persia-the-sands-of-time,Prince of Persia: The Sands of Time,2010,https://a.ltrbxd.com/resized/sm/upload/13/2j/wg/nq/pop-sot-0-230-0-345-crop.jpg?v=e7cefb448c
winters-bone,Winter's Bone,2010,https://a.ltrbxd.com/resized/film-poster/2/5/6/2/9/25629-winter-s-bone-0-230-0-345-crop.jpg?v=afab4d2680
stuck-in-love,Stuck in Love,2012,https://a.ltrbxd.com/resized/sm/upload/8b/1l/wd/xs/wxrH3NZ4wTtHVzbquknLRRQMFWW-0-230-0-345-crop.jpg?v=e4400c765f
assassins-creed,Assassin's Creed,2016,https://a.ltrbxd.com/resized/sm/upload/r9/9y/rj/rt/tIKFBxBZhSXpIITiiB5Ws8VGXjt-0-230-0-345-crop.jpg?v=9b413b0208
we-bought-a-zoo,We Bought a Zoo,2011,https://a.ltrbxd.com/resized/film-poster/6/1/8/5/2/61852-we-bought-a-zoo-0-230-0-345-crop.jpg?v=0af2122d69
underworld-2003,Underworld,2003,https://a.ltrbxd.com/resized/sm/upload/68/ib/c9/cp/rdkxl5iXdpVU188cL1LLG3sy6z4-0-230-0-345-crop.jpg?v=f3b9a4eda9
diary-of-a-wimpy-kid-dog-days,Diary of a Wimpy Kid: Dog Days,2012,https://a.ltrbxd.com/resized/film-poster/6/9/0/6/8/69068-diary-of-a-wimpy-kid-dog-days-0-230-0-345-crop.jpg?v=0736c9e82d
friday-the-13th-part-vi-jason-lives,Friday the 13th Part VI: Jason Lives,1986,https://a.ltrbxd.com/resized/film-poster/4/6/4/2/6/46426-friday-the-13th-part-vi-jason-lives-0-230-0-345-crop.jpg?v=86178da07f
how-to-be-single,How to Be Single,2016,https://a.ltrbxd.com/resized/film-poster/1/8/3/2/5/6/183256-how-to-be-single-0-230-0-345-crop.jpg?v=4be6c9287f
family-switch,Family Switch,2023,https://a.ltrbxd.com/resized/film-poster/7/1/5/5/1/4/715514-family-switch-0-230-0-345-crop.jpg?v=2162863539
the-ides-of-march,The Ides of March,2011,https://a.ltrbxd.com/resized/sm/upload/u2/xm/l2/xq/ncAdjHs58NhPWkwZRtqd9nXzBg4-0-230-0-345-crop.jpg?v=d580ef6d6c
the-gold-rush,The Gold Rush,1925,https://a.ltrbxd.com/resized/film-poster/5/1/2/0/1/51201-the-gold-rush-0-230-0-345-crop.jpg?v=02492191ed
ghosted-2023,Ghosted,2023,https://a.ltrbxd.com/resized/film-poster/7/8/0/7/2/4/780724-ghosted-0-230-0-345-crop.jpg?v=a5873fdecd
capote,Capote,2005,https://a.ltrbxd.com/resized/film-poster/5/1/6/9/2/51692-capote-0-230-0-345-crop.jpg?v=0a8eb7477b
wild,Wild,2014,https://a.ltrbxd.com/resized/film-poster/1/6/1/0/0/4/161004-wild-0-230-0-345-crop.jpg?v=68e4a60ab5
demolition-man,Demolition Man,1993,https://a.ltrbxd.com/resized/film-poster/4/6/8/6/8/46868-demolition-man-0-230-0-345-crop.jpg?v=2a6b346a45
tinkerbell,Tinker Bell,2008,https://a.ltrbxd.com/resized/film-poster/4/4/0/7/3/44073-tinker-bell-0-230-0-345-crop.jpg?v=def4b08e4b
open-season,Open Season,2006,https://a.ltrbxd.com/resized/sm/upload/om/32/dn/xw/aGgymkZPiMfiUMwtt0Ah01FONss-0-230-0-345-crop.jpg?v=ced64616ca
clash-of-the-titans-2010,Clash of the Titans,2010,https://a.ltrbxd.com/resized/film-poster/4/0/0/7/5/40075-clash-of-the-titans-0-230-0-345-crop.jpg?v=ce8c42bf2c
the-angry-birds-movie,The Angry Birds Movie,2016,https://a.ltrbxd.com/resized/sm/upload/an/93/rb/va/t2mZzQXjpQxmqtJOPpe8Dr2YpMl-0-230-0-345-crop.jpg?v=9ca8f7540b
batman-under-the-red-hood,Batman: Under the Red Hood,2010,https://a.ltrbxd.com/resized/film-poster/2/4/3/0/8/24308-batman-under-the-red-hood-0-230-0-345-crop.jpg?v=79aef1f6a4
leo-2023,Leo,2023,https://a.ltrbxd.com/resized/film-poster/9/6/9/6/7/6/969676-leo-0-230-0-345-crop.jpg?v=009ca080bf
carnage,Carnage,2011,https://a.ltrbxd.com/resized/sm/upload/vl/yg/6q/9x/carnage-0-230-0-345-crop.jpg?v=a8d40db6c5
the-dirt,The Dirt,2019,https://a.ltrbxd.com/resized/sm/upload/pw/n8/es/nz/xGY5rr8441ib0lT9mtHZn7e8Aay-0-230-0-345-crop.jpg?v=19b2b5a6cd
october-sky,October Sky,1999,https://a.ltrbxd.com/resized/film-poster/4/3/8/6/8/43868-october-sky-0-230-0-345-crop.jpg?v=7d94f13221
the-tourist,The Tourist,2010,https://a.ltrbxd.com/resized/film-poster/2/6/7/9/3/26793-the-tourist-0-230-0-345-crop.jpg?v=50bb86c97e
seed-of-chucky,Seed of Chucky,2004,https://a.ltrbxd.com/resized/film-poster/4/5/4/6/2/45462-seed-of-chucky-0-230-0-345-crop.jpg?v=696b64f367
high-noon,High Noon,1952,https://a.ltrbxd.com/resized/film-poster/5/1/7/7/1/51771-high-noon-0-230-0-345-crop.jpg?v=f3771dd12d
the-many-saints-of-newark,The Many Saints of Newark,2021,https://a.ltrbxd.com/resized/film-poster/4/5/4/0/0/8/454008-the-many-saints-of-newark-0-230-0-345-crop.jpg?v=804a09da90
just-like-heaven,Just Like Heaven,2005,https://a.ltrbxd.com/resized/film-poster/4/7/4/3/5/47435-just-like-heaven-0-230-0-345-crop.jpg?v=dd8ee500f5
wrong-turn,Wrong Turn,2003,https://a.ltrbxd.com/resized/film-poster/4/6/7/3/2/46732-wrong-turn-0-230-0-345-crop.jpg?v=7a502c8055
law-abiding-citizen,Law Abiding Citizen,2009,https://a.ltrbxd.com/resized/sm/upload/or/48/a8/mq/p7zwLp8gCKyrNLCHP3RhmN5izHo-0-230-0-345-crop.jpg?v=e4f895d955
bad-education-2019,Bad Education,2019,https://a.ltrbxd.com/resized/film-poster/4/6/0/0/4/4/460044-bad-education-0-230-0-345-crop.jpg?v=4a9135de30
evan-almighty,Evan Almighty,2007,https://a.ltrbxd.com/resized/film-poster/5/0/1/4/6/50146-evan-almighty-0-230-0-345-crop.jpg?v=1499208635
godzilla-1998,Godzilla,1998,https://a.ltrbxd.com/resized/film-poster/5/1/2/2/4/51224-godzilla-0-230-0-345-crop.jpg?v=59c9874711
creepshow,Creepshow,1982,https://a.ltrbxd.com/resized/sm/upload/n4/sm/so/1r/2oYLBnELBPbOKBQd9MKOqOmJ6aH-0-230-0-345-crop.jpg?v=6140c7ccce
30-days-of-night,30 Days of Night,2007,https://a.ltrbxd.com/resized/sm/upload/0h/ht/wm/2u/utaOrixJukf5HrlMjmHrRhA7DKk-0-230-0-345-crop.jpg?v=810bacd1d9
the-vow,The Vow,2012,https://a.ltrbxd.com/resized/sm/upload/pr/hw/y8/nw/uh8t52yMz0WWsZkuk1c6i9JgEwE-0-230-0-345-crop.jpg?v=97f9d407e8
the-pacifier,The Pacifier,2005,https://a.ltrbxd.com/resized/film-poster/4/6/6/2/0/46620-the-pacifier-0-230-0-345-crop.jpg?v=edc28fce86
persuasion-2022,Persuasion,2022,https://a.ltrbxd.com/resized/film-poster/7/3/7/1/5/5/737155-persuasion-0-230-0-345-crop.jpg?v=bc9dd15d47
free-fire,Free Fire,2016,https://a.ltrbxd.com/resized/sm/upload/ct/hf/l4/w1/21WsmKivqOE2Vut73z07M8yx84F-0-230-0-345-crop.jpg?v=399a8ab713
animal-house,Animal House,1978,https://a.ltrbxd.com/resized/film-poster/4/7/7/0/3/47703-animal-house-0-230-0-345-crop.jpg?v=e9d5a58ee6
1922-2017,1922,2017,https://a.ltrbxd.com/resized/film-poster/3/8/4/6/4/1/384641-1922-0-230-0-345-crop.jpg?v=ada11a7af1
the-witches,The Witches,1990,https://a.ltrbxd.com/resized/sm/upload/7m/cq/6u/eo/ihqZPWp83EeqEMT2nQYqldHhZR3-0-230-0-345-crop.jpg?v=a1ff4bba59
i-dont-feel-at-home-in-this-world-anymore,I Don't Feel at Home in This World Anymore,2017,https://a.ltrbxd.com/resized/sm/upload/yj/n6/fj/uz/ipgGuBqTxja4KiSwiBn3pMRvV2a-0-230-0-345-crop.jpg?v=2e71ff6d03
definitely-maybe,"Definitely, Maybe",2008,https://a.ltrbxd.com/resized/film-poster/4/7/7/5/8/47758-definitely-maybe-0-230-0-345-crop.jpg?v=849a624144
knock-knock-2015,Knock Knock,2015,https://a.ltrbxd.com/resized/film-poster/1/8/6/8/7/7/186877-knock-knock-0-230-0-345-crop.jpg?v=a71f28aae1
the-lone-ranger,The Lone Ranger,2013,https://a.ltrbxd.com/resized/film-poster/8/9/4/6/8946-the-lone-ranger-0-230-0-345-crop.jpg?v=9f393e2f4f
the-hustle-2019,The Hustle,2019,https://a.ltrbxd.com/resized/film-poster/3/8/1/8/3/0/381830-the-hustle-0-230-0-345-crop.jpg?v=cd6c609fd3
the-school-for-good-and-evil,The School for Good and Evil,2022,https://a.ltrbxd.com/resized/film-poster/6/9/8/7/6/5/698765-the-school-for-good-and-evil-0-230-0-345-crop.jpg?v=407e7c353c
i-daniel-blake,"I, Daniel Blake",2016,https://a.ltrbxd.com/resized/film-poster/3/1/0/0/3/2/310032-i-daniel-blake-0-230-0-345-crop.jpg?v=98fed5070e
power-rangers,Power Rangers,2017,https://a.ltrbxd.com/resized/film-poster/2/3/2/4/6/4/232464-power-rangers-0-230-0-345-crop.jpg?v=e882b72f7d
gemini-man-2019,Gemini Man,2019,https://a.ltrbxd.com/resized/film-poster/3/8/5/5/1/9/385519-gemini-man-0-230-0-345-crop.jpg?v=f96e8d9f3a
seven-pounds,Seven Pounds,2008,https://a.ltrbxd.com/resized/film-poster/4/5/4/1/2/45412-seven-pounds-0-230-0-345-crop.jpg?v=eece8724b9
die-another-day,Die Another Day,2002,https://a.ltrbxd.com/resized/sm/upload/ei/40/d4/qx/qI8c3FABZWxcBzJaIJwHXxywHLR-0-230-0-345-crop.jpg?v=bdab663592
shaolin-soccer,Shaolin Soccer,2001,https://a.ltrbxd.com/resized/film-poster/4/5/0/2/5/45025-shaolin-soccer-0-230-0-345-crop.jpg?v=a071ce6617
last-action-hero,Last Action Hero,1993,https://a.ltrbxd.com/resized/film-poster/4/7/0/0/8/47008-last-action-hero-0-230-0-345-crop.jpg?v=a877daf634
the-exorcist-iii,The Exorcist III,1990,https://a.ltrbxd.com/resized/film-poster/4/5/1/6/3/45163-the-exorcist-iii-0-230-0-345-crop.jpg?v=d9653fd3b9
insidious-the-last-key,Insidious: The Last Key,2018,https://a.ltrbxd.com/resized/film-poster/3/4/0/9/7/9/340979-insidious-the-last-key-0-230-0-345-crop.jpg?v=a08060dbfe
unsane,Unsane,2018,https://a.ltrbxd.com/resized/film-poster/3/9/9/1/8/0/399180-unsane-0-230-0-345-crop.jpg?v=f2e6618886
traffic,Traffic,2000,https://a.ltrbxd.com/resized/sm/upload/k7/sk/4m/b8/aCLH8NKFqVQQB0IKTYD3kyu4bw4-0-230-0-345-crop.jpg?v=a08c40690f
scary-movie-4,Scary Movie 4,2006,https://a.ltrbxd.com/resized/film-poster/4/9/4/3/3/49433-scary-movie-4-0-230-0-345-crop.jpg?v=a3763f1e12
charlies-angels-full-throttle,Charlie's Angels: Full Throttle,2003,https://a.ltrbxd.com/resized/sm/upload/om/di/vm/qb/rfJrpT6oj4lLzi4Rqt0qzTfUdtr-0-230-0-345-crop.jpg?v=09fd0bf13e
the-map-of-tiny-perfect-things,The Map of Tiny Perfect Things,2021,https://a.ltrbxd.com/resized/film-poster/5/9/7/2/8/4/597284-the-map-of-tiny-perfect-things-0-230-0-345-crop.jpg?v=1cf5d27def
yannick-2023,Yannick,2023,https://a.ltrbxd.com/resized/film-poster/1/0/0/1/8/3/6/1001836-yannick-0-230-0-345-crop.jpg?v=d862dbca81
invasion-of-the-body-snatchers,Invasion of the Body Snatchers,1956,https://a.ltrbxd.com/resized/film-poster/4/5/1/9/9/45199-invasion-of-the-body-snatchers-0-230-0-345-crop.jpg?v=e92f635489
four-christmases,Four Christmases,2008,https://a.ltrbxd.com/resized/film-poster/4/4/7/1/3/44713-four-christmases-0-230-0-345-crop.jpg?v=ce06963c5f
after-earth,After Earth,2013,https://a.ltrbxd.com/resized/sm/upload/bl/4k/vy/gv/prcvanHwzPad6VyLsTFwey6wpc7-0-230-0-345-crop.jpg?v=f2ea1c8805
your-place-or-mine-2023,Your Place or Mine,2023,https://a.ltrbxd.com/resized/film-poster/6/2/6/7/9/5/626795-your-place-or-mine-0-230-0-345-crop.jpg?v=fb3379c02e
knight-and-day,Knight and Day,2010,https://a.ltrbxd.com/resized/sm/upload/42/41/cm/39/aumRtkfr9nNz06onPvhX9JtR5EI-0-230-0-345-crop.jpg?v=8175fe9b8e
along-came-polly,Along Came Polly,2004,https://a.ltrbxd.com/resized/film-poster/4/8/5/3/3/48533-along-came-polly-0-230-0-345-crop.jpg?v=353b830d3b
the-golden-compass,The Golden Compass,2007,https://a.ltrbxd.com/resized/sm/upload/36/qm/w7/t0/97dPFOvgUb5Q8LjRNt8u6lbJSfp-0-230-0-345-crop.jpg?v=b82bf85fa2
wall-street,Wall Street,1987,https://a.ltrbxd.com/resized/sm/upload/7p/x6/6d/bx/iWDAsG7SYRnGsRBXf6sgfNvwkWM-0-230-0-345-crop.jpg?v=8c17c7d121
a-serbian-film,A Serbian Film,2010,https://a.ltrbxd.com/resized/film-poster/6/0/1/9/7/60197-a-serbian-film-0-230-0-345-crop.jpg?v=85bacb7577
sweet-home-alabama,Sweet Home Alabama,2002,https://a.ltrbxd.com/resized/film-poster/4/5/2/1/9/45219-sweet-home-alabama-0-230-0-345-crop.jpg?v=ab0f1f010f
irish-wish,Irish Wish,2024,https://a.ltrbxd.com/resized/film-poster/9/1/8/6/0/3/918603-irish-wish-0-230-0-345-crop.jpg?v=875ffd3955
paranormal-activity-2,Paranormal Activity 2,2010,https://a.ltrbxd.com/resized/film-poster/2/3/5/9/6/23596-paranormal-activity-2-0-230-0-345-crop.jpg?v=66627656f1
ip-man,Ip Man,2008,https://a.ltrbxd.com/resized/film-poster/4/2/8/4/1/42841-ip-man-0-230-0-345-crop.jpg?v=a2770708db
the-curse-of-la-llorona,The Curse of La Llorona,2019,https://a.ltrbxd.com/resized/film-poster/4/1/1/3/1/2/411312-the-curse-of-la-llorona-0-230-0-345-crop.jpg?v=817bbed46e
the-patriot-2000,The Patriot,2000,https://a.ltrbxd.com/resized/sm/upload/0d/33/fj/4k/xuckWVcUGg7ZGU9b5U8CQDUr1RO-0-230-0-345-crop.jpg?v=dba0cbeb2d
control-2007,Control,2007,https://a.ltrbxd.com/resized/film-poster/4/8/7/1/1/48711-control-0-230-0-345-crop.jpg?v=ec852f3e51
the-quick-and-the-dead-1995,The Quick and the Dead,1995,https://a.ltrbxd.com/resized/film-poster/4/4/7/9/5/44795-the-quick-and-the-dead-0-230-0-345-crop.jpg?v=2f3e97ac16
thank-you-for-smoking,Thank You for Smoking,2005,https://a.ltrbxd.com/resized/sm/upload/qh/tu/w1/wm/v8PKsbAGIvAhKbbRUjdQ3jgFD2S-0-230-0-345-crop.jpg?v=f196e341fa
the-bucket-list,The Bucket List,2007,https://a.ltrbxd.com/resized/film-poster/4/8/0/3/9/48039-the-bucket-list-0-230-0-345-crop.jpg?v=1b044419bf
cool-runnings,Cool Runnings,1993,https://a.ltrbxd.com/resized/film-poster/5/1/2/8/8/51288-cool-runnings-0-230-0-345-crop.jpg?v=fb0d8efc18
the-night-before-2015,The Night Before,2015,https://a.ltrbxd.com/resized/film-poster/2/2/3/3/9/8/223398-the-night-before-0-230-0-345-crop.jpg?v=08d4aafe92
air-force-one,Air Force One,1997,https://a.ltrbxd.com/resized/film-poster/4/6/8/3/8/46838-air-force-one-0-230-0-345-crop.jpg?v=1638c152a8
zoolander-2,Zoolander 2,2016,https://a.ltrbxd.com/resized/sm/upload/5n/ry/t4/nr/u2s2WOskiEH71WbGCZehZ0shduO-0-230-0-345-crop.jpg?v=329467a268
arthur-christmas,Arthur Christmas,2011,https://a.ltrbxd.com/resized/sm/upload/bs/70/2b/6a/nTxZltM4tfDmWG2i7kXv9kVayQf-0-230-0-345-crop.jpg?v=3f1fb52ff4
inferno-2016,Inferno,2016,https://a.ltrbxd.com/resized/film-poster/1/4/8/2/9/7/148297-inferno-0-230-0-345-crop.jpg?v=65031d44bf
dinosaur,Dinosaur,2000,https://a.ltrbxd.com/resized/film-poster/4/6/1/0/5/46105-dinosaur-0-230-0-345-crop.jpg?v=2f0b9f7724
tomorrow-never-dies,Tomorrow Never Dies,1997,https://a.ltrbxd.com/resized/film-poster/5/1/4/1/2/51412-tomorrow-never-dies-0-230-0-345-crop.jpg?v=b693406bab
bill-ted-face-the-music,Bill & Ted Face the Music,2020,https://a.ltrbxd.com/resized/film-poster/4/3/1/9/1/5/431915-bill-ted-face-the-music-0-230-0-345-crop.jpg?v=af95137df8
veronica-2017-1,Veronica,2017,https://a.ltrbxd.com/resized/sm/upload/ok/98/ds/44/8VB9xkrDF2Rd2qmmqVOmFQHPNyn-0-230-0-345-crop.jpg?v=ab8f269352
dude-wheres-my-car,"Dude, Where's My Car?",2000,https://a.ltrbxd.com/resized/film-poster/4/7/5/6/2/47562-dude-where-s-my-car--0-230-0-345-crop.jpg?v=8182d1eea5
the-chorus,The Chorus,2004,https://a.ltrbxd.com/resized/sm/upload/ag/g7/6e/ka/8nxYEvYYRYNF9JY32eDLgJlZdpl-0-230-0-345-crop.jpg?v=2b7176565a
the-strangers-prey-at-night,The Strangers: Prey at Night,2018,https://a.ltrbxd.com/resized/film-poster/3/0/7/2/3/0/307230-the-strangers-prey-at-night-0-230-0-345-crop.jpg?v=826449bd3c
white-christmas,White Christmas,1954,https://a.ltrbxd.com/resized/film-poster/4/3/9/4/9/43949-white-christmas-0-230-0-345-crop.jpg?v=ce1f7e6cb4
gosford-park,Gosford Park,2001,https://a.ltrbxd.com/resized/film-poster/4/8/8/7/6/48876-gosford-park-0-230-0-345-crop.jpg?v=56085296ca
steel-magnolias,Steel Magnolias,1989,https://a.ltrbxd.com/resized/film-poster/4/5/8/2/5/45825-steel-magnolias-0-230-0-345-crop.jpg?v=0f213d4783
out-of-sight,Out of Sight,1998,https://a.ltrbxd.com/resized/film-poster/5/1/0/7/0/51070-out-of-sight-0-230-0-345-crop.jpg?v=6bc3843a5c
hellbound-hellraiser-ii,Hellbound: Hellraiser II,1988,https://a.ltrbxd.com/resized/film-poster/4/7/3/8/0/47380-hellbound-hellraiser-ii-0-230-0-345-crop.jpg?v=10c792b830
fracture,Fracture,2007,https://a.ltrbxd.com/resized/sm/upload/nv/dx/ok/72/fracture-0-230-0-345-crop.jpg?v=5e9fee469b
dear-evan-hansen,Dear Evan Hansen,2021,https://a.ltrbxd.com/resized/film-poster/4/9/6/1/9/3/496193-dear-evan-hansen-0-230-0-345-crop.jpg?v=dbe8144d03
caddyshack,Caddyshack,1980,https://a.ltrbxd.com/resized/sm/upload/zh/5z/0f/2b/nwFagCbxYi3fKiV60yV1WkS5RsH-0-230-0-345-crop.jpg?v=64e95afa42
nick-and-norahs-infinite-playlist,Nick and Norah's Infinite Playlist,2008,https://a.ltrbxd.com/resized/sm/upload/99/qz/xp/5t/pM199sJFY0MQo5IcfUFWmAZUlt7-0-230-0-345-crop.jpg?v=bbdf78ccfe
mr-poppers-penguins,Mr. Popper's Penguins,2011,https://a.ltrbxd.com/resized/sm/upload/mz/ph/t5/hu/qKkyePjlG9yilHpS89ZOc3N2Cd1-0-230-0-345-crop.jpg?v=c00375e6b4
teenage-mutant-ninja-turtles,Teenage Mutant Ninja Turtles,1990,https://a.ltrbxd.com/resized/film-poster/5/1/0/0/1/51001-teenage-mutant-ninja-turtles-0-230-0-345-crop.jpg?v=034835520f
live-free-or-die-hard,Live Free or Die Hard,2007,https://a.ltrbxd.com/resized/film-poster/5/0/9/6/3/50963-live-free-or-die-hard-0-230-0-345-crop.jpg?v=542d66d0e6
mirror-mirror-2012,Mirror Mirror,2012,https://a.ltrbxd.com/resized/sm/upload/us/30/k8/hf/twCU43qv4VVqqsIi1NMnGj2kXmp-0-230-0-345-crop.jpg?v=d31b9fd98a
me-myself-irene,"Me, Myself & Irene",2000,https://a.ltrbxd.com/resized/sm/upload/az/sw/1h/jc/zbPNk5nR6kgG4hvW8j1pwyjiYPY-0-230-0-345-crop.jpg?v=9e8e854329
the-book-thief,The Book Thief,2013,https://a.ltrbxd.com/resized/film-poster/1/4/5/8/9/1/145891-the-book-thief-0-230-0-345-crop.jpg?v=0051588bae
starstruck-2010,Starstruck,2010,https://a.ltrbxd.com/resized/film-poster/2/8/5/6/6/28566-starstruck-2010-0-230-0-345-crop.jpg?v=bbb3f75234
warcraft,Warcraft,2016,https://a.ltrbxd.com/resized/film-poster/5/2/5/0/0/52500-warcraft-0-230-0-345-crop.jpg?v=3c952fa0b2
the-wave-2008,The Wave,2008,https://a.ltrbxd.com/resized/film-poster/4/7/9/8/1/47981-the-wave-0-230-0-345-crop.jpg?v=dbc3d88767
the-rental,The Rental,2020,https://a.ltrbxd.com/resized/film-poster/5/1/5/4/1/9/515419-the-rental-0-230-0-345-crop.jpg?v=5226295f95
antlers,Antlers,2021,https://a.ltrbxd.com/resized/sm/upload/4b/th/5m/ca/klsDRXM68wV7vZTTaAOuu62VNA1-0-230-0-345-crop.jpg?v=ac3ffe1e6e
monty-pythons-the-meaning-of-life,Monty Python's The Meaning of Life,1983,https://a.ltrbxd.com/resized/film-poster/4/9/2/6/3/49263-monty-python-s-the-meaning-of-life-0-230-0-345-crop.jpg?v=a9db41569c
the-void-2016,The Void,2016,https://a.ltrbxd.com/resized/sm/upload/iv/ll/2e/5y/93v6aVNJCA78dfN2kbDq8dLrOSL-0-230-0-345-crop.jpg?v=74d1584915
blair-witch,Blair Witch,2016,https://a.ltrbxd.com/resized/film-poster/2/8/1/3/9/4/281394-blair-witch-0-230-0-345-crop.jpg?v=abfae5aa7f
dirty-grandpa,Dirty Grandpa,2016,https://a.ltrbxd.com/resized/film-poster/2/1/8/1/1/4/218114-dirty-grandpa-0-230-0-345-crop.jpg?v=de8c89ebeb
white-men-cant-jump,White Men Can't Jump,1992,https://a.ltrbxd.com/resized/film-poster/4/6/4/9/1/46491-white-men-can-t-jump-0-230-0-345-crop.jpg?v=84643b467b
being-the-ricardos,Being the Ricardos,2021,https://a.ltrbxd.com/resized/sm/upload/iy/k0/lp/57/wI2X0kq0FpPlRoWaHJxx1fwIWZi-0-230-0-345-crop.jpg?v=7b256a3b86
resident-evil-apocalypse,Resident Evil: Apocalypse,2004,https://a.ltrbxd.com/resized/film-poster/5/0/9/5/7/50957-resident-evil-apocalypse-0-230-0-345-crop.jpg?v=776c9eeeac
the-firm-1993,The Firm,1993,https://a.ltrbxd.com/resized/sm/upload/0e/jq/39/82/2kp8H2wQEPnJstXmWwdTPJuACSo-0-230-0-345-crop.jpg?v=4f3a56e77e
old-school,Old School,2003,https://a.ltrbxd.com/resized/sm/upload/fo/mb/o9/0b/lvcyZumUoA6OBeqcJknfZVTmKKF-0-230-0-345-crop.jpg?v=784cf4de98
the-burbs,The 'Burbs,1989,https://a.ltrbxd.com/resized/film-poster/4/4/8/3/4/44834-the-burbs-0-230-0-345-crop.jpg?v=d4cb1e79d9
taken-2,Taken 2,2012,https://a.ltrbxd.com/resized/film-poster/6/9/1/6/9/69169-taken-2-0-230-0-345-crop.jpg?v=5d01e686af
the-christmas-chronicles,The Christmas Chronicles,2018,https://a.ltrbxd.com/resized/film-poster/4/5/6/7/1/2/456712-the-christmas-chronicles-0-230-0-345-crop.jpg?v=7fb0af46ca
changeling,Changeling,2008,https://a.ltrbxd.com/resized/film-poster/4/9/6/5/5/49655-changeling-0-230-0-345-crop.jpg?v=8dde8c2298
coffee-and-cigarettes-2003,Coffee and Cigarettes,2003,https://a.ltrbxd.com/resized/film-poster/5/1/2/6/9/51269-coffee-and-cigarettes-0-230-0-345-crop.jpg?v=b4120db348
nine-to-five,Nine to Five,1980,https://a.ltrbxd.com/resized/film-poster/3/9/6/1/1/39611-nine-to-five-0-230-0-345-crop.jpg?v=585e6eeb9e
a-million-ways-to-die-in-the-west,A Million Ways to Die in the West,2014,https://a.ltrbxd.com/resized/film-poster/1/3/5/7/5/1/135751-a-million-ways-to-die-in-the-west-0-230-0-345-crop.jpg?v=408b69486e
hannah-and-her-sisters,Hannah and Her Sisters,1986,https://a.ltrbxd.com/resized/film-poster/4/8/9/4/0/48940-hannah-and-her-sisters-0-230-0-345-crop.jpg?v=d9465ec340
the-running-man,The Running Man,1987,https://a.ltrbxd.com/resized/film-poster/5/1/2/8/7/51287-the-running-man-0-230-0-345-crop.jpg?v=bfb575fbfa
father-of-the-bride-1991,Father of the Bride,1991,https://a.ltrbxd.com/resized/film-poster/4/4/9/5/6/44956-father-of-the-bride-0-230-0-345-crop.jpg?v=93933b1410
tenacious-d-in-the-pick-of-destiny,Tenacious D in The Pick of Destiny,2006,https://a.ltrbxd.com/resized/film-poster/5/0/4/5/8/50458-tenacious-d-in-the-pick-of-destiny-0-230-0-345-crop.jpg?v=1884441e24
anger-management,Anger Management,2003,https://a.ltrbxd.com/resized/film-poster/4/7/0/9/4/47094-anger-management-0-230-0-345-crop.jpg?v=9b019eeb62
what-a-girl-wants,What a Girl Wants,2003,https://a.ltrbxd.com/resized/film-poster/4/5/9/4/3/45943-what-a-girl-wants-0-230-0-345-crop.jpg?v=c58e343345
beasts-of-no-nation,Beasts of No Nation,2015,https://a.ltrbxd.com/resized/film-poster/2/0/8/8/8/5/208885-beasts-of-no-nation-0-230-0-345-crop.jpg?v=3e873c30a8
an-education,An Education,2009,https://a.ltrbxd.com/resized/sm/upload/g5/7i/so/u3/ytyXB37zbHT8STytnAs06JXp608-0-230-0-345-crop.jpg?v=a30039b4d0
alvin-and-the-chipmunks-chipwrecked,Alvin and the Chipmunks: Chipwrecked,2011,https://a.ltrbxd.com/resized/film-poster/1/0/8/2/3/10823-alvin-and-the-chipmunks-chipwrecked-0-230-0-345-crop.jpg?v=5a38b25422
cafe-society-2016,Café Society,2016,https://a.ltrbxd.com/resized/film-poster/2/6/8/9/4/7/268947-cafe-society-0-230-0-345-crop.jpg?v=8d294c775b
desperado,Desperado,1995,https://a.ltrbxd.com/resized/film-poster/4/7/8/9/7/47897-desperado-0-230-0-345-crop.jpg?v=424837bde6
a-nightmare-on-elm-street-4-the-dream-master,A Nightmare on Elm Street 4: The Dream Master,1988,https://a.ltrbxd.com/resized/film-poster/4/6/5/1/8/46518-a-nightmare-on-elm-street-4-the-dream-master-0-230-0-345-crop.jpg?v=1b56b5cf7f
the-hudsucker-proxy,The Hudsucker Proxy,1994,https://a.ltrbxd.com/resized/sm/upload/uw/aa/0f/am/ffh3KVjU2R8EcvtmpI1cWMlXNSd-0-230-0-345-crop.jpg?v=efe249c089
while-were-young,While We're Young,2014,https://a.ltrbxd.com/resized/film-poster/1/7/6/3/6/8/176368-while-we-re-young-0-230-0-345-crop.jpg?v=a19a5289a6
olympus-has-fallen,Olympus Has Fallen,2013,https://a.ltrbxd.com/resized/sm/upload/ma/6v/mk/gk/l542hLtKhsmOWEBFoC7Aajk0nKt-0-230-0-345-crop.jpg?v=f8984368ce
commando,Commando,1985,https://a.ltrbxd.com/resized/film-poster/4/5/7/0/3/45703-commando-0-230-0-345-crop.jpg?v=82ebc01d48
the-peanuts-movie,The Peanuts Movie,2015,https://a.ltrbxd.com/resized/film-poster/1/6/0/3/7/1/160371-the-peanuts-movie-0-230-0-345-crop.jpg?v=c007554ba3
secret-window,Secret Window,2004,https://a.ltrbxd.com/resized/film-poster/5/0/9/4/8/50948-secret-window-0-230-0-345-crop.jpg?v=9897cd805f
deepwater-horizon,Deepwater Horizon,2016,https://a.ltrbxd.com/resized/sm/upload/mn/k6/8w/8z/7anDs8mzWhVnNnmkrR8kthf4gH1-0-230-0-345-crop.jpg?v=26c4292bba
dear-john,Dear John,2010,https://a.ltrbxd.com/resized/film-poster/3/7/5/9/7/37597-dear-john-0-230-0-345-crop.jpg?v=89d28b9aef
the-thing-2011,The Thing,2011,https://a.ltrbxd.com/resized/film-poster/5/7/1/7/5717-the-thing-0-230-0-345-crop.jpg?v=e30da526b2
witness,Witness,1985,https://a.ltrbxd.com/resized/sm/upload/fk/h3/9t/6f/pQZa314NJP3ieMAj6CgPI1v7nUY-0-230-0-345-crop.jpg?v=da67589e1d
side-effects-2013,Side Effects,2013,https://a.ltrbxd.com/resized/film-poster/8/7/8/6/7/87867-side-effects-0-230-0-345-crop.jpg?v=54bbaf245d
what-women-want,What Women Want,2000,https://a.ltrbxd.com/resized/film-poster/4/9/5/3/9/49539-what-women-want-0-230-0-345-crop.jpg?v=1cfb02c604
the-game-plan,The Game Plan,2007,https://a.ltrbxd.com/resized/film-poster/4/3/6/8/5/43685-the-game-plan-0-230-0-345-crop.jpg?v=759869e2a3
the-hating-game,The Hating Game,2021,https://a.ltrbxd.com/resized/film-poster/5/3/0/9/7/2/530972-the-hating-game-0-230-0-345-crop.jpg?v=0721e4789c
non-stop-2014,Non-Stop,2014,https://a.ltrbxd.com/resized/film-poster/1/5/8/9/4/2/158942-non-stop-0-230-0-345-crop.jpg?v=30e4d1461f
roald-dahls-the-witches,Roald Dahl's The Witches,2020,https://a.ltrbxd.com/resized/film-poster/4/6/0/5/1/5/460515-the-witches-0-230-0-345-crop.jpg?v=465b565b6b
conan-the-barbarian,Conan the Barbarian,1982,https://a.ltrbxd.com/resized/sm/upload/l3/q8/y7/u2/9siMCK6u0TtgDVtCJQGKRQAnAqA-0-230-0-345-crop.jpg?v=b84b8613bd
patch-adams,Patch Adams,1998,https://a.ltrbxd.com/resized/film-poster/4/6/3/4/7/46347-patch-adams-0-230-0-345-crop.jpg?v=9ac5114625
first-daughter,First Daughter,2004,https://a.ltrbxd.com/resized/film-poster/4/3/4/4/3/43443-first-daughter-0-230-0-345-crop.jpg?v=12b21d362e
scooby-doo-on-zombie-island,Scooby-Doo on Zombie Island,1998,https://a.ltrbxd.com/resized/film-poster/4/4/0/9/6/44096-scooby-doo-on-zombie-island-0-230-0-345-crop.jpg?v=eb10956cf7
tales-from-earthsea,Tales from Earthsea,2006,https://a.ltrbxd.com/resized/film-poster/2/6/5/8/7/26587-tales-from-earthsea-0-230-0-345-crop.jpg?v=23db0dfab3
the-ninth-gate,The Ninth Gate,1999,https://a.ltrbxd.com/resized/sm/upload/7j/jr/ed/nz/geNsshJjMUFnyF6Iy9j5Qh8iMoE-0-230-0-345-crop.jpg?v=e447847a4a
cowboys-aliens,Cowboys & Aliens,2011,https://a.ltrbxd.com/resized/sm/upload/rc/oj/mp/89/kcUXBEwWDzpRhKreh6C2NSStBiU-0-230-0-345-crop.jpg?v=7f04d0f7be
batman-the-killing-joke-2016,Batman: The Killing Joke,2016,https://a.ltrbxd.com/resized/film-poster/3/1/7/3/3/6/317336-batman-the-killing-joke-0-230-0-345-crop.jpg?v=484dfd6fc3
the-exorcism-of-emily-rose,The Exorcism of Emily Rose,2005,https://a.ltrbxd.com/resized/film-poster/4/7/6/7/0/47670-the-exorcism-of-emily-rose-0-230-0-345-crop.jpg?v=bd7904ef81
ju-on-the-grudge,Ju-on: The Grudge,2002,https://a.ltrbxd.com/resized/sm/upload/x9/78/0p/ll/cmD9Z36AxEQ1RgUhpTAlAEk4Zf1-0-230-0-345-crop.jpg?v=d5dc03204d
daddys-home-2,Daddy's Home 2,2017,https://a.ltrbxd.com/resized/sm/upload/xd/k2/e8/hu/rF2IoKL0IFmumEXQFUuB8LajTYP-0-230-0-345-crop.jpg?v=4b33cfaade
skyscraper-2018,Skyscraper,2018,https://a.ltrbxd.com/resized/film-poster/3/7/9/5/6/5/379565-skyscraper-0-230-0-345-crop.jpg?v=beaa313187
the-producers,The Producers,1967,https://a.ltrbxd.com/resized/film-poster/3/2/2/0/5/32205-the-producers-0-230-0-345-crop.jpg?v=affae98b15
reptile-2023,Reptile,2023,https://a.ltrbxd.com/resized/film-poster/7/8/0/4/5/1/780451-reptile-0-230-0-345-crop.jpg?v=8720bc3862
the-man-who-knew-too-much-1956,The Man Who Knew Too Much,1956,https://a.ltrbxd.com/resized/film-poster/5/1/5/4/6/51546-the-man-who-knew-too-much-0-230-0-345-crop.jpg?v=5c9436cade
rudolph-the-red-nosed-reindeer,Rudolph the Red-Nosed Reindeer,1964,https://a.ltrbxd.com/resized/sm/upload/4l/yw/gk/n3/r0vtyGOwTLZg4pgtbjlMGke7Qo1-0-230-0-345-crop.jpg?v=1fd12e19c5
vacation-2015,Vacation,2015,https://a.ltrbxd.com/resized/film-poster/2/2/3/3/9/7/223397-vacation-0-230-0-345-crop.jpg?v=abb8aa4b0a
anaconda,Anaconda,1997,https://a.ltrbxd.com/resized/film-poster/4/7/2/3/5/47235-anaconda-0-230-0-345-crop.jpg?v=93d6be7de5
slither,Slither,2006,https://a.ltrbxd.com/resized/film-poster/4/7/4/0/8/47408-slither-0-230-0-345-crop.jpg?v=c719a484a6
the-croods-a-new-age,The Croods: A New Age,2020,https://a.ltrbxd.com/resized/film-poster/4/5/8/4/7/6/458476-the-croods-a-new-age-0-230-0-345-crop.jpg?v=da5b280374
horrible-bosses-2,Horrible Bosses 2,2014,https://a.ltrbxd.com/resized/film-poster/1/5/9/8/8/9/159889-horrible-bosses-2-0-230-0-345-crop.jpg?v=b061d503ea
the-39-steps,The 39 Steps,1935,https://a.ltrbxd.com/resized/film-poster/5/1/7/9/6/51796-the-39-steps-0-230-0-345-crop.jpg?v=1128460110
hellboy-2019,Hellboy,2019,https://a.ltrbxd.com/resized/film-poster/3/8/8/6/9/4/388694-hellboy-0-230-0-345-crop.jpg?v=1a94bbde1e
black-mass-2015,Black Mass,2015,https://a.ltrbxd.com/resized/film-poster/1/8/4/5/2/6/184526-black-mass-0-230-0-345-crop.jpg?v=23a1f6cd61
eddie-the-eagle,Eddie the Eagle,2015,https://a.ltrbxd.com/resized/film-poster/2/4/7/0/1/4/247014-eddie-the-eagle-0-230-0-345-crop.jpg?v=2b1cb7f98d
dont-breathe-2,Don't Breathe 2,2021,https://a.ltrbxd.com/resized/film-poster/4/1/3/2/9/2/413292-don-t-breathe-2-0-230-0-345-crop.jpg?v=992e5975b1
fifty-shades-freed,Fifty Shades Freed,2018,https://a.ltrbxd.com/resized/film-poster/2/6/6/4/2/4/266424-fifty-shades-freed-0-230-0-345-crop.jpg?v=4de4e4974b
cowboy-bebop-the-movie,Cowboy Bebop: The Movie,2001,https://a.ltrbxd.com/resized/film-poster/4/5/4/3/4/45434-cowboy-bebop-the-movie-0-230-0-345-crop.jpg?v=8e1cf8cdb7
role-models,Role Models,2008,https://a.ltrbxd.com/resized/film-poster/4/2/4/2/5/42425-role-models-0-230-0-345-crop.jpg?v=9566ab0eaf
the-grey,The Grey,2011,https://a.ltrbxd.com/resized/film-poster/6/0/7/3/3/60733-the-grey-0-230-0-345-crop.jpg?v=5735068e96
marry-me-2022,Marry Me,2022,https://a.ltrbxd.com/resized/film-poster/5/4/2/7/2/7/542727-marry-me-0-230-0-345-crop.jpg?v=31b99a152b
descendants-2,Descendants 2,2017,https://a.ltrbxd.com/resized/film-poster/3/5/1/2/5/9/351259-descendants-2-0-230-0-345-crop.jpg?v=4ff070e6ba
bill-teds-bogus-journey,Bill & Ted's Bogus Journey,1991,https://a.ltrbxd.com/resized/film-poster/5/0/8/9/3/50893-bill-ted-s-bogus-journey-0-230-0-345-crop.jpg?v=eebc6f0e73
fright-night-2011,Fright Night,2011,https://a.ltrbxd.com/resized/film-poster/8/0/8/4/8084-fright-night-0-230-0-345-crop.jpg?v=51db0ff972
the-other-zoey,The Other Zoey,2023,https://a.ltrbxd.com/resized/film-poster/8/1/9/4/2/9/819429-the-other-zoey-0-230-0-345-crop.jpg?v=709a167e69
white-house-down,White House Down,2013,https://a.ltrbxd.com/resized/film-poster/9/2/9/5/2/92952-white-house-down-0-230-0-345-crop.jpg?v=314675e91d
flubber,Flubber,1997,https://a.ltrbxd.com/resized/film-poster/4/7/0/2/6/47026-flubber-0-230-0-345-crop.jpg?v=66fcbe71a8
the-spongebob-movie-sponge-out-of-water,The SpongeBob Movie: Sponge Out of Water,2015,https://a.ltrbxd.com/resized/film-poster/1/6/0/5/0/5/160505-the-spongebob-movie-sponge-out-of-water-0-230-0-345-crop.jpg?v=189ec7ddb8
evangelion-10-you-are-not-alone,Evangelion: 1.0 You Are (Not) Alone,2007,https://a.ltrbxd.com/resized/film-poster/4/2/5/7/1/42571-evangelion-1-0-you-are-not-alone-0-230-0-345-crop.jpg?v=b29a66726f
chocolat,Chocolat,2000,https://a.ltrbxd.com/resized/film-poster/5/1/6/9/7/51697-chocolat-0-230-0-345-crop.jpg?v=0332f77983
day-shift-2022,Day Shift,2022,https://a.ltrbxd.com/resized/film-poster/6/7/6/2/1/5/676215-day-shift-0-230-0-345-crop.jpg?v=1efbdad8ea
this-is-where-i-leave-you,This Is Where I Leave You,2014,https://a.ltrbxd.com/resized/sm/upload/45/s1/ba/ko/this-is-where-i-leave-you-0-230-0-345-crop.jpg?v=4c789582ae
the-forever-purge,The Forever Purge,2021,https://a.ltrbxd.com/resized/film-poster/5/2/9/5/3/7/529537-the-forever-purge-0-230-0-345-crop.jpg?v=fac590a6ea
john-carter,John Carter,2012,https://a.ltrbxd.com/resized/film-poster/1/6/0/8/3/16083-john-carter-0-230-0-345-crop.jpg?v=6cb5ea94de
the-skeleton-twins,The Skeleton Twins,2014,https://a.ltrbxd.com/resized/sm/upload/qy/f7/gg/20/vvmv1R2jDXJeeeyYcGg0ypXc2XK-0-230-0-345-crop.jpg?v=1e140059ff
ps-i-love-you,P.S. I Love You,2007,https://a.ltrbxd.com/resized/film-poster/4/8/4/9/4/48494-p-s-i-love-you-0-230-0-345-crop.jpg?v=7e95f06cd4
plane-2023,Plane,2023,https://a.ltrbxd.com/resized/film-poster/5/7/2/1/2/0/572120-plane-0-230-0-345-crop.jpg?v=a9f5dd4c81
urban-legend,Urban Legend,1998,https://a.ltrbxd.com/resized/film-poster/4/6/7/5/6/46756-urban-legend-0-230-0-345-crop.jpg?v=d4626461fc
in-the-heart-of-the-sea,In the Heart of the Sea,2015,https://a.ltrbxd.com/resized/film-poster/1/4/7/0/3/9/147039-in-the-heart-of-the-sea-0-230-0-345-crop.jpg?v=e51900a589
halloween-ii,Halloween II,2009,https://a.ltrbxd.com/resized/film-poster/3/6/9/8/4/36984-halloween-ii-0-230-0-345-crop.jpg?v=ac4d9e50b9
the-santa-clause-2,The Santa Clause 2,2002,https://a.ltrbxd.com/resized/film-poster/4/7/4/2/2/47422-the-santa-clause-2-0-230-0-345-crop.jpg?v=c5f7c52cdf
just-friends,Just Friends,2005,https://a.ltrbxd.com/resized/sm/upload/lg/b2/3t/em/n7gZuqiRSjgIkyqDIiLZ20qRgoi-0-230-0-345-crop.jpg?v=1c13794080
robin-hood-2010,Robin Hood,2010,https://a.ltrbxd.com/resized/film-poster/3/8/8/6/4/38864-robin-hood-0-230-0-345-crop.jpg?v=2e9bd9554d
time-bandits,Time Bandits,1981,https://a.ltrbxd.com/resized/film-poster/2/7/5/8/2/27582-time-bandits-0-230-0-345-crop.jpg?v=0de6454b3b
margin-call,Margin Call,2011,https://a.ltrbxd.com/resized/sm/upload/85/1q/1m/jj/margin-call-0-230-0-345-crop.jpg?v=1b5d43ed27
darkman,Darkman,1990,https://a.ltrbxd.com/resized/film-poster/4/7/0/4/4/47044-darkman-0-230-0-345-crop.jpg?v=0ce4651ae6
the-island-2005,The Island,2005,https://a.ltrbxd.com/resized/sm/upload/0n/jk/bj/hm/zE9OTe7JvcX1jyFXs0GEL2f3RkZ-0-230-0-345-crop.jpg?v=7ccc5ef082
through-my-window,Through My Window,2022,https://a.ltrbxd.com/resized/film-poster/7/3/5/2/3/9/735239-through-my-window-0-230-0-345-crop.jpg?v=6a08487650
blade-trinity,Blade: Trinity,2004,https://a.ltrbxd.com/resized/sm/upload/3b/ss/rr/8x/4WinsdHQBdh5aTt7Bd7T7dbUXbb-0-230-0-345-crop.jpg?v=5fa7533d87
jason-x,Jason X,2001,https://a.ltrbxd.com/resized/film-poster/4/5/2/7/3/45273-jason-x-0-230-0-345-crop.jpg?v=611a127bf7
the-pink-panther,The Pink Panther,2006,https://a.ltrbxd.com/resized/film-poster/4/4/8/0/4/44804-the-pink-panther-0-230-0-345-crop.jpg?v=11dba2f9fe
herbie-fully-loaded,Herbie Fully Loaded,2005,https://a.ltrbxd.com/resized/film-poster/4/5/2/9/1/45291-herbie-fully-loaded-0-230-0-345-crop.jpg?v=5afd3c32f9
rounders,Rounders,1998,https://a.ltrbxd.com/resized/sm/upload/0g/7j/qh/rv/j5IzmdWdO5CqgeoyJLZ1dO7w375-0-230-0-345-crop.jpg?v=0e6c4dca2d
thunderball,Thunderball,1965,https://a.ltrbxd.com/resized/sm/upload/lo/w4/zh/1s/fNdm3Y4nwpc7HrVPXOaQcktYw9Q-0-230-0-345-crop.jpg?v=f9ad6bb470
deep-blue-sea,Deep Blue Sea,1999,https://a.ltrbxd.com/resized/film-poster/4/7/5/1/3/47513-deep-blue-sea-0-230-0-345-crop.jpg?v=ac66f65bc8
highlander,Highlander,1986,https://a.ltrbxd.com/resized/film-poster/4/7/9/3/0/47930-highlander-0-230-0-345-crop.jpg?v=5a26ce8c31
lone-survivor,Lone Survivor,2013,https://a.ltrbxd.com/resized/film-poster/1/3/9/2/7/1/139271-lone-survivor-0-230-0-345-crop.jpg?v=97cce2dd30
the-bourne-legacy,The Bourne Legacy,2012,https://a.ltrbxd.com/resized/sm/upload/lc/cd/9p/2a/qIJonjlSzU6LCJklS6CH3p5vLcQ-0-230-0-345-crop.jpg?v=4af7faed8e
ronin,Ronin,1998,https://a.ltrbxd.com/resized/film-poster/4/7/8/6/5/47865-ronin-0-230-0-345-crop.jpg?v=0470933060
grindhouse,Grindhouse,2007,https://a.ltrbxd.com/resized/film-poster/2/1/1/2/4/0/211240-grindhouse-0-230-0-345-crop.jpg?v=5c881ec7bf
home-alone-3,Home Alone 3,1997,https://a.ltrbxd.com/resized/film-poster/4/6/8/9/1/46891-home-alone-3-0-230-0-345-crop.jpg?v=9efdfb9054
metal-lords,Metal Lords,2022,https://a.ltrbxd.com/resized/film-poster/6/6/1/8/9/7/661897-metal-lords-0-230-0-345-crop.jpg?v=04313fc166
movie-43,Movie 43,2013,https://a.ltrbxd.com/resized/sm/upload/jc/8v/5d/q9/rpZ4DRqaLzappuFIwZNUMItc7Sp-0-230-0-345-crop.jpg?v=9972439f5f
robin-hood-men-in-tights,Robin Hood: Men in Tights,1993,https://a.ltrbxd.com/resized/film-poster/4/7/9/3/3/47933-robin-hood-men-in-tights-0-230-0-345-crop.jpg?v=fa44e28fad
the-devils-rejects,The Devil's Rejects,2005,https://a.ltrbxd.com/resized/film-poster/5/0/8/5/0/50850-the-devil-s-rejects-0-230-0-345-crop.jpg?v=990c37918c
the-dig-2021,The Dig,2021,https://a.ltrbxd.com/resized/film-poster/4/6/2/0/6/3/462063-the-dig-0-230-0-345-crop.jpg?v=69f157877e
bad-santa,Bad Santa,2003,https://a.ltrbxd.com/resized/sm/upload/f5/f0/0k/1k/103KNOz11U4iojwW6F1rOKKZIDp-0-230-0-345-crop.jpg?v=c6782478fb
the-haunted-mansion,The Haunted Mansion,2003,https://a.ltrbxd.com/resized/film-poster/4/5/9/2/6/45926-the-haunted-mansion-0-230-0-345-crop.jpg?v=eae8d718c6
somethings-gotta-give,Something's Gotta Give,2003,https://a.ltrbxd.com/resized/film-poster/4/8/1/5/3/48153-something-s-gotta-give-0-230-0-345-crop.jpg?v=1e8d320b3f
the-expendables-2,The Expendables 2,2012,https://a.ltrbxd.com/resized/film-poster/6/2/5/9/3/62593-the-expendables-2-0-230-0-345-crop.jpg?v=b6353c199b
the-spiderwick-chronicles,The Spiderwick Chronicles,2008,https://a.ltrbxd.com/resized/film-poster/4/7/8/5/8/47858-the-spiderwick-chronicles-0-230-0-345-crop.jpg?v=d92419a71e
the-lincoln-lawyer,The Lincoln Lawyer,2011,https://a.ltrbxd.com/resized/film-poster/1/5/3/2/5/15325-the-lincoln-lawyer-0-230-0-345-crop.jpg?v=b6810beda9
safety-not-guaranteed,Safety Not Guaranteed,2012,https://a.ltrbxd.com/resized/film-poster/7/0/7/5/3/70753-safety-not-guaranteed-0-230-0-345-crop.jpg?v=885c2da8f7
a-dogs-purpose,A Dog's Purpose,2017,https://a.ltrbxd.com/resized/film-poster/3/1/6/3/1/6/316316-a-dog-s-purpose-0-230-0-345-crop.jpg?v=c9967d8b9a
independence-day-resurgence,Independence Day: Resurgence,2016,https://a.ltrbxd.com/resized/film-poster/1/7/5/0/1/17501-independence-day-resurgence-0-230-0-345-crop.jpg?v=4a7f01f375
hackers,Hackers,1995,https://a.ltrbxd.com/resized/sm/upload/dp/sq/oj/cg/hNjxJbejPHSmKVidHQ9ZHaC0Z7r-0-230-0-345-crop.jpg?v=f0ff67d1b9
uncle-buck,Uncle Buck,1989,https://a.ltrbxd.com/resized/film-poster/5/0/1/8/7/50187-uncle-buck-0-230-0-345-crop.jpg?v=dbb332d27c
the-karate-kid-part-ii,The Karate Kid Part II,1986,https://a.ltrbxd.com/resized/film-poster/4/7/5/6/5/47565-the-karate-kid-part-ii-0-230-0-345-crop.jpg?v=181f47401f
devil,Devil,2010,https://a.ltrbxd.com/resized/film-poster/2/1/1/2/4/21124-devil-0-230-0-345-crop.jpg?v=d0a2cc83f5
date-night,Date Night,2010,https://a.ltrbxd.com/resized/sm/upload/0f/0f/6e/fa/fzzPht9KId6Ollow30jYtABhDY3-0-230-0-345-crop.jpg?v=daeb62d537
scoob,Scoob!,2020,https://a.ltrbxd.com/resized/film-poster/3/1/9/9/2/7/319927-scoob--0-230-0-345-crop.jpg?v=734a3b4d12
before-i-fall,Before I Fall,2017,https://a.ltrbxd.com/resized/film-poster/3/3/2/1/2/6/332126-before-i-fall-0-230-0-345-crop.jpg?v=cc0f48c685
gretel-hansel,Gretel & Hansel,2020,https://a.ltrbxd.com/resized/sm/upload/fp/3p/le/83/65A3A4EC-45D3-4875-A27C-3550023D5BDB-0-230-0-345-crop.jpg?v=9926e46e32
seeking-a-friend-for-the-end-of-the-world,Seeking a Friend for the End of the World,2012,https://a.ltrbxd.com/resized/sm/upload/8t/oe/ws/xp/k0GuGDV24a7NcSgnu1EywKovPcr-0-230-0-345-crop.jpg?v=f93822cb2d
gangster-squad,Gangster Squad,2013,https://a.ltrbxd.com/resized/sm/upload/0t/ar/x7/zw/8keIzofLkbcOsyP4OEPftkyzJIM-0-230-0-345-crop.jpg?v=cc587a6fd3
the-secret-garden-1993,The Secret Garden,1993,https://a.ltrbxd.com/resized/film-poster/4/5/4/7/3/45473-the-secret-garden-0-230-0-345-crop.jpg?v=975f9d337c
rent,Rent,2005,https://a.ltrbxd.com/resized/film-poster/5/0/7/6/6/50766-rent-0-230-0-345-crop.jpg?v=b974833268
evangelion-20-you-can-not-advance,Evangelion: 2.0 You Can (Not) Advance,2009,https://a.ltrbxd.com/resized/sm/upload/3p/l8/hu/en/odCtbDVJMxaqsTt4fIkM7UHZ8ta-0-230-0-345-crop.jpg?v=2c9c8fd743
friday-the-13th-a-new-beginning,Friday the 13th: A New Beginning,1985,https://a.ltrbxd.com/resized/film-poster/4/6/8/7/6/46876-friday-the-13th-part-v-a-new-beginning-0-230-0-345-crop.jpg?v=83bd4821cd
childs-play-3,Child's Play 3,1991,https://a.ltrbxd.com/resized/film-poster/4/5/5/2/2/45522-child-s-play-3-0-230-0-345-crop.jpg?v=86db268862
aliens-vs-predator-requiem,Aliens vs Predator: Requiem,2007,https://a.ltrbxd.com/resized/film-poster/5/1/6/5/5/51655-avpr-aliens-vs-predator-requiem-0-230-0-345-crop.jpg?v=66f95f9f36
the-prom-2020,The Prom,2020,https://a.ltrbxd.com/resized/film-poster/5/3/8/3/7/5/538375-the-prom-0-230-0-345-crop.jpg?v=2b474da6de
the-bodyguard-1992,The Bodyguard,1992,https://a.ltrbxd.com/resized/film-poster/5/1/5/0/4/51504-the-bodyguard-0-230-0-345-crop.jpg?v=1f98655d7f
anna-2019,Anna,2019,https://a.ltrbxd.com/resized/film-poster/4/1/5/4/7/7/415477-anna-0-230-0-345-crop.jpg?v=2d657eb849
gone-in-sixty-seconds,Gone in Sixty Seconds,2000,https://a.ltrbxd.com/resized/film-poster/4/6/9/2/5/46925-gone-in-sixty-seconds-0-230-0-345-crop.jpg?v=118e512640
mallrats,Mallrats,1995,https://a.ltrbxd.com/resized/sm/upload/aj/70/qm/3a/dwWAr8T0q0KHv5rTu0eVaqpCJ2C-0-230-0-345-crop.jpg?v=2068cb36e1
wargames,WarGames,1983,https://a.ltrbxd.com/resized/film-poster/5/1/2/9/2/51292-wargames-0-230-0-345-crop.jpg?v=8642fe2e30
chasing-amy,Chasing Amy,1997,https://a.ltrbxd.com/resized/film-poster/5/0/3/8/7/50387-chasing-amy-0-230-0-345-crop.jpg?v=2885d95175
johnny-english,Johnny English,2003,https://a.ltrbxd.com/resized/sm/upload/oy/el/wz/qk/oSsisFLSeRJJaTX5l13jMqDKpwH-0-230-0-345-crop.jpg?v=281a9b3ca0
hardcore-henry,Hardcore Henry,2015,https://a.ltrbxd.com/resized/sm/upload/8v/mx/2j/ua/qfWLO0iXmbvxzyk0ez4pXrgkRDM-0-230-0-345-crop.jpg?v=00d791d239
the-world-is-not-enough,The World Is Not Enough,1999,https://a.ltrbxd.com/resized/sm/upload/3j/06/yc/ix/the-world-is-not-enough-original-0-230-0-345-crop.jpg?v=f11e2231bc
the-giver,The Giver,2014,https://a.ltrbxd.com/resized/sm/upload/sz/yq/th/hq/pBId6jhii1vP2CShtrGLB3SuKhc-0-230-0-345-crop.jpg?v=0e71e0df55
trolls-world-tour,Trolls World Tour,2020,https://a.ltrbxd.com/resized/film-poster/3/7/9/2/5/7/379257-trolls-world-tour-0-230-0-345-crop.jpg?v=750095e861
catwoman,Catwoman,2004,https://a.ltrbxd.com/resized/film-poster/5/1/7/4/5/51745-catwoman-0-230-0-345-crop.jpg?v=174b8e6d1f
the-bone-collector,The Bone Collector,1999,https://a.ltrbxd.com/resized/film-poster/4/7/1/1/7/47117-the-bone-collector-0-230-0-345-crop.jpg?v=5561f5c63a
16-wishes,16 Wishes,2010,https://a.ltrbxd.com/resized/film-poster/2/4/6/9/4/24694-16-wishes-0-230-0-345-crop.jpg?v=8e464b5ba1
the-invention-of-lying,The Invention of Lying,2009,https://a.ltrbxd.com/resized/sm/upload/67/gf/vo/k9/x2CsqtcSqGcrkpMIQCUum5JDiHg-0-230-0-345-crop.jpg?v=27f5034df4
dc-league-of-super-pets,DC League of Super-Pets,2022,https://a.ltrbxd.com/resized/film-poster/4/6/8/9/2/9/468929-dc-league-of-super-pets-0-230-0-345-crop.jpg?v=e0b519d4c6
the-doors,The Doors,1991,https://a.ltrbxd.com/resized/film-poster/4/6/1/3/5/46135-the-doors-0-230-0-345-crop.jpg?v=0ac5f2e1c3
cinderella-2021,Cinderella,2021,https://a.ltrbxd.com/resized/film-poster/5/2/1/4/8/8/521488-cinderella-0-230-0-345-crop.jpg?v=426dbdcaba
luckiest-girl-alive,Luckiest Girl Alive,2022,https://a.ltrbxd.com/resized/film-poster/7/1/7/2/4/4/717244-luckiest-girl-alive-0-230-0-345-crop.jpg?v=29f7bd0403
the-last-song,The Last Song,2010,https://a.ltrbxd.com/resized/film-poster/2/8/4/8/1/28481-the-last-song-0-230-0-345-crop.jpg?v=291513bb3f
halloween-5-the-revenge-of-michael-myers,Halloween 5: The Revenge of Michael Myers,1989,https://a.ltrbxd.com/resized/film-poster/4/5/3/7/3/45373-halloween-5-the-revenge-of-michael-myers-0-230-0-345-crop.jpg?v=ca021e6caf
thir13en-ghosts,Thir13en Ghosts,2001,https://a.ltrbxd.com/resized/film-poster/4/7/2/1/8/47218-thir13en-ghosts-0-230-0-345-crop.jpg?v=63690b23b7
the-legend-of-tarzan,The Legend of Tarzan,2016,https://a.ltrbxd.com/resized/film-poster/1/8/2/1/7/4/182174-the-legend-of-tarzan-0-230-0-345-crop.jpg?v=dadaa706fa
13-hours-the-secret-soldiers-of-benghazi,13 Hours: The Secret Soldiers of Benghazi,2016,https://a.ltrbxd.com/resized/sm/upload/i2/il/1y/zz/4gpW4MkRI0BB17GHOJzXq0WamDP-0-230-0-345-crop.jpg?v=893d49c936
the-circle-2017,The Circle,2017,https://a.ltrbxd.com/resized/film-poster/2/6/9/4/7/5/269475-the-circle-0-230-0-345-crop.jpg?v=14b2880b05
allied,Allied,2016,https://a.ltrbxd.com/resized/film-poster/3/0/5/6/2/3/305623-allied-0-230-0-345-crop.jpg?v=3a6510d946
runaway-bride,Runaway Bride,1999,https://a.ltrbxd.com/resized/film-poster/4/9/1/3/1/49131-runaway-bride-0-230-0-345-crop.jpg?v=08f35ff754
countdown-2019,Countdown,2019,https://a.ltrbxd.com/resized/film-poster/5/2/7/4/2/0/527420-countdown-0-230-0-345-crop.jpg?v=1302a284e9
star-trek-ii-the-wrath-of-khan,Star Trek II: The Wrath of Khan,1982,https://a.ltrbxd.com/resized/film-poster/5/1/8/9/7/51897-star-trek-ii-the-wrath-of-khan-0-230-0-345-crop.jpg?v=d6ef7a52e2
on-her-majestys-secret-service,On Her Majesty's Secret Service,1969,https://a.ltrbxd.com/resized/sm/upload/mh/gm/eo/dm/on-her-majesty-s-secret-service-original-0-230-0-345-crop.jpg?v=6fa8752697
the-cell,The Cell,2000,https://a.ltrbxd.com/resized/film-poster/4/7/5/7/8/47578-the-cell-0-230-0-345-crop.jpg?v=54a80b4cb4
dead-silence,Dead Silence,2007,https://a.ltrbxd.com/resized/sm/upload/my/il/wy/e5/qNWkiR1iwNxC2XvIwkbooEhdCmX-0-230-0-345-crop.jpg?v=74cfabe2c1
the-lion-king-3-hakuna-matata,The Lion King 1½,2004,https://a.ltrbxd.com/resized/film-poster/4/5/3/0/5/45305-the-lion-king-1-0-230-0-345-crop.jpg?v=eeb7e62b68
waterworld,Waterworld,1995,https://a.ltrbxd.com/resized/sm/upload/9j/dh/gl/5x/9I0z3rM8gdIyjHBTIYniFXiwFOo-0-230-0-345-crop.jpg?v=bdc819e176
barbie-princess-charm-school,Barbie: Princess Charm School,2011,https://a.ltrbxd.com/resized/film-poster/5/9/8/7/8/59878-barbie-princess-charm-school-0-230-0-345-crop.jpg?v=caa873b2fc
the-lake-house,The Lake House,2006,https://a.ltrbxd.com/resized/sm/upload/jh/0w/6y/ph/bVhnYJGy7WT581g7Y88vwEOO47a-0-230-0-345-crop.jpg?v=fcbef72b28
the-rescuers,The Rescuers,1977,https://a.ltrbxd.com/resized/film-poster/4/5/4/1/4/45414-the-rescuers-0-230-0-345-crop.jpg?v=21a279ee0a
the-adjustment-bureau,The Adjustment Bureau,2011,https://a.ltrbxd.com/resized/sm/upload/zd/q5/77/81/the-adjustment-bureau-original-1-0-230-0-345-crop.jpg?v=ee82bf3e0f
muppets-most-wanted,Muppets Most Wanted,2014,https://a.ltrbxd.com/resized/sm/upload/8z/hd/7e/9f/bxDby1r6WW3HyWzA9vd8uCMG9E6-0-230-0-345-crop.jpg?v=12e3373352
robocop-2014,RoboCop,2014,https://a.ltrbxd.com/resized/film-poster/7/9/9/8/2/79982-robocop-0-230-0-345-crop.jpg?v=a614bd1403
the-belko-experiment,The Belko Experiment,2016,https://a.ltrbxd.com/resized/sm/upload/ao/um/n2/la/lx5BiQHw8i09J1I2eoRKqMACZwP-0-230-0-345-crop.jpg?v=f710186139
norbit,Norbit,2007,https://a.ltrbxd.com/resized/film-poster/4/6/8/5/2/46852-norbit-0-230-0-345-crop.jpg?v=4af5fcd522
the-addams-family-2019,The Addams Family,2019,https://a.ltrbxd.com/resized/film-poster/4/1/2/0/6/6/412066-the-addams-family-0-230-0-345-crop.jpg?v=55311c5bb5
rambo-first-blood-part-ii,Rambo: First Blood Part II,1985,https://a.ltrbxd.com/resized/film-poster/5/1/0/8/7/51087-rambo-first-blood-part-ii-0-230-0-345-crop.jpg?v=2fdf987c42
after-we-collided,After We Collided,2020,https://a.ltrbxd.com/resized/film-poster/5/4/0/6/2/6/540626-after-we-collided-0-230-0-345-crop.jpg?v=4b5440b69f
camp-rock-2-the-final-jam,Camp Rock 2: The Final Jam,2010,https://a.ltrbxd.com/resized/film-poster/2/0/9/2/8/20928-camp-rock-2-the-final-jam-0-230-0-345-crop.jpg?v=acad55ec1b
you-only-live-twice,You Only Live Twice,1967,https://a.ltrbxd.com/resized/sm/upload/kg/d7/wf/oi/eokdVy0BEliHkXk4vULxhesgx6q-0-230-0-345-crop.jpg?v=487636f51a
the-transporter,The Transporter,2002,https://a.ltrbxd.com/resized/film-poster/4/9/5/1/0/49510-the-transporter-0-230-0-345-crop.jpg?v=00a19d6e0e
magic-mike-xxl,Magic Mike XXL,2015,https://a.ltrbxd.com/resized/film-poster/1/8/8/3/1/8/188318-magic-mike-xxl-0-230-0-345-crop.jpg?v=f8da310a64
beasts-of-the-southern-wild,Beasts of the Southern Wild,2012,https://a.ltrbxd.com/resized/sm/upload/08/ql/6a/8y/beasts-southern-wild-0-230-0-345-crop.jpg?v=b6f992a939
ray-2004,Ray,2004,https://a.ltrbxd.com/resized/film-poster/5/0/8/6/7/50867-ray-0-230-0-345-crop.jpg?v=da60178a67
unstoppable-2010,Unstoppable,2010,https://a.ltrbxd.com/resized/film-poster/2/1/1/1/6/21116-unstoppable-0-230-0-345-crop.jpg?v=194aa7cb39
the-boxtrolls,The Boxtrolls,2014,https://a.ltrbxd.com/resized/film-poster/1/2/5/4/8/5/125485-the-boxtrolls-0-230-0-345-crop.jpg?v=7cd88a00ca
the-to-do-list,The To Do List,2013,https://a.ltrbxd.com/resized/sm/upload/id/11/rq/x3/kcFuRIq7vVNkjcPcvNcdsT2Bgf9-0-230-0-345-crop.jpg?v=e668e5cc8e
den-of-thieves,Den of Thieves,2018,https://a.ltrbxd.com/resized/film-poster/3/8/1/7/5/4/381754-den-of-thieves-0-230-0-345-crop.jpg?v=d9f57ee143
friday-the-13th-part-viii-jason-takes-manhattan,Friday the 13th Part VIII: Jason Takes Manhattan,1989,https://a.ltrbxd.com/resized/film-poster/4/6/3/7/2/46372-friday-the-13th-part-viii-jason-takes-manhattan-0-230-0-345-crop.jpg?v=9ac5114625
unhinged-2020,Unhinged,2020,https://a.ltrbxd.com/resized/film-poster/5/5/2/1/2/1/552121-unhinged-0-230-0-345-crop.jpg?v=9f80eba3a6
life-as-we-know-it,Life As We Know It,2010,https://a.ltrbxd.com/resized/film-poster/2/6/1/5/7/26157-life-as-we-know-it-0-230-0-345-crop.jpg?v=65af735018
megan-is-missing,Megan Is Missing,2011,https://a.ltrbxd.com/resized/sm/upload/98/6a/gl/bw/megan-is-missing-0-230-0-345-crop.jpg?v=b36ae6531b
kindergarten-cop,Kindergarten Cop,1990,https://a.ltrbxd.com/resized/sm/upload/w9/1f/wz/c8/fUeZe8V8tDW0qo3iumz9b5fWHr6-0-230-0-345-crop.jpg?v=25a151870b
mr-deeds,Mr. Deeds,2002,https://a.ltrbxd.com/resized/sm/upload/7l/i5/tw/u2/mr-deeds-0-230-0-345-crop.jpg?v=8769babe96
the-5th-wave,The 5th Wave,2016,https://a.ltrbxd.com/resized/film-poster/2/2/6/8/6/6/226866-the-5th-wave-0-230-0-345-crop.jpg?v=25c5dfb9d4
weird-science,Weird Science,1985,https://a.ltrbxd.com/resized/sm/upload/n8/6y/hk/od/36hDdzUfePCrjhOAskfC9tBnEbS-0-230-0-345-crop.jpg?v=47d6366fb9
dumplin,Dumplin',2018,https://a.ltrbxd.com/resized/film-poster/4/0/4/0/8/0/404080-dumplin--0-230-0-345-crop.jpg?v=8cf12a287f
resident-evil-extinction,Resident Evil: Extinction,2007,https://a.ltrbxd.com/resized/film-poster/4/7/9/7/9/47979-resident-evil-extinction-0-230-0-345-crop.jpg?v=af15948399
daddy-day-care,Daddy Day Care,2003,https://a.ltrbxd.com/resized/film-poster/4/5/9/7/0/45970-daddy-day-care-0-230-0-345-crop.jpg?v=46138d134b
willow,Willow,1988,https://a.ltrbxd.com/resized/film-poster/5/1/3/0/5/51305-willow-0-230-0-345-crop.jpg?v=37bc91753a
paranormal-activity-3,Paranormal Activity 3,2011,https://a.ltrbxd.com/resized/sm/upload/gf/pr/5e/cs/mOt5rOWhfF2GmbW1Dv51lrwwfw0-0-230-0-345-crop.jpg?v=50fd07fb68
slender-man,Slender Man,2018,https://a.ltrbxd.com/resized/film-poster/3/7/1/7/9/2/371792-slender-man-0-230-0-345-crop.jpg?v=7d02f5182c
that-thing-you-do,That Thing You Do!,1996,https://a.ltrbxd.com/resized/film-poster/4/7/0/1/0/47010-that-thing-you-do--0-230-0-345-crop.jpg?v=322e308b90
bruno,Brüno,2009,https://a.ltrbxd.com/resized/film-poster/4/0/3/1/6/40316-bruno-0-230-0-345-crop.jpg?v=72aeb73ba4
the-green-inferno,The Green Inferno,2013,https://a.ltrbxd.com/resized/film-poster/1/2/5/9/4/7/125947-the-green-inferno-0-230-0-345-crop.jpg?v=d67a9a646d
the-great-mouse-detective,The Great Mouse Detective,1986,https://a.ltrbxd.com/resized/film-poster/4/6/6/4/7/46647-the-great-mouse-detective-0-230-0-345-crop.jpg?v=bd4dfc572a
evangelion-30-you-can-not-redo,Evangelion: 3.0 You Can (Not) Redo,2012,https://a.ltrbxd.com/resized/film-poster/6/2/0/9/1/62091-evangelion-3-0-you-can-not-redo-0-230-0-345-crop.jpg?v=581fe5e256
a-dangerous-method,A Dangerous Method,2011,https://a.ltrbxd.com/resized/film-poster/1/7/2/8/8/17288-a-dangerous-method-0-230-0-345-crop.jpg?v=e0a909bc81
maid-in-manhattan,Maid in Manhattan,2002,https://a.ltrbxd.com/resized/film-poster/4/8/0/5/5/48055-maid-in-manhattan-0-230-0-345-crop.jpg?v=3865a954ce
mortal-kombat,Mortal Kombat,1995,https://a.ltrbxd.com/resized/film-poster/4/7/2/8/1/47281-mortal-kombat-0-230-0-345-crop.jpg?v=236ff8fd26
the-perfect-date-2019,The Perfect Date,2019,https://a.ltrbxd.com/resized/film-poster/4/7/2/4/8/7/472487-the-perfect-date-0-230-0-345-crop.jpg?v=838d35963c
filth,Filth,2013,https://a.ltrbxd.com/resized/film-poster/7/2/5/7/7/72577-filth-0-230-0-345-crop.jpg?v=d5d07cd7bb
sex-and-the-city-2,Sex and the City 2,2010,https://a.ltrbxd.com/resized/film-poster/2/6/7/2/2/26722-sex-and-the-city-2-0-230-0-345-crop.jpg?v=c01e4c827f
live-and-let-die,Live and Let Die,1973,https://a.ltrbxd.com/resized/film-poster/5/1/8/0/3/51803-live-and-let-die-0-230-0-345-crop.jpg?v=9cc5727114
born-on-the-fourth-of-july,Born on the Fourth of July,1989,https://a.ltrbxd.com/resized/film-poster/5/0/1/9/6/50196-born-on-the-fourth-of-july-0-230-0-345-crop.jpg?v=d35a8cecf1
the-break-up,The Break-Up,2006,https://a.ltrbxd.com/resized/film-poster/4/6/8/4/3/46843-the-break-up-0-230-0-345-crop.jpg?v=b5e0137acc
mortal-engines,Mortal Engines,2018,https://a.ltrbxd.com/resized/film-poster/3/6/1/4/4/3/361443-mortal-engines-0-230-0-345-crop.jpg?v=9f7020e5b9
gandhi,Gandhi,1982,https://a.ltrbxd.com/resized/sm/upload/9x/5v/m6/kr/2z9A4FSu1YySrhhcuqkdMIXpgyN-0-230-0-345-crop.jpg?v=4aed48d028
the-judge-2014,The Judge,2014,https://a.ltrbxd.com/resized/sm/upload/92/xx/9i/m4/hNnecAVTBdtNXoSdhDXIPKm0SVu-0-230-0-345-crop.jpg?v=7ecca600f6
dolittle,Dolittle,2020,https://a.ltrbxd.com/resized/film-poster/3/8/0/4/2/3/380423-dolittle-0-230-0-345-crop.jpg?v=a8771dfecb
music-and-lyrics,Music and Lyrics,2007,https://a.ltrbxd.com/resized/film-poster/4/5/5/3/6/45536-music-and-lyrics-0-230-0-345-crop.jpg?v=c444c9f37d
g-force,G-Force,2009,https://a.ltrbxd.com/resized/film-poster/3/9/5/5/1/39551-g-force-0-230-0-345-crop.jpg?v=dce009c381
midnight-special,Midnight Special,2016,https://a.ltrbxd.com/resized/film-poster/1/7/1/9/6/5/171965-midnight-special-0-230-0-345-crop.jpg?v=0a7eac9767
42,42,2013,https://a.ltrbxd.com/resized/sm/upload/5y/3p/zn/ra/imha8jHAqMfEGUDoe1JrYwBeW0l-0-230-0-345-crop.jpg?v=9292357dbd
journey-2-the-mysterious-island,Journey 2: The Mysterious Island,2012,https://a.ltrbxd.com/resized/sm/upload/w6/w1/s7/ma/xErNH2c27M07BE31z4JXmNtdL5M-0-230-0-345-crop.jpg?v=ea879a2452
the-name-of-the-rose,The Name of the Rose,1986,https://a.ltrbxd.com/resized/sm/upload/40/ey/ej/uf/5o8ReHWpFR4kl7JgrBeq3OYpFqp-0-230-0-345-crop.jpg?v=16e79dedab
grave-encounters,Grave Encounters,2011,https://a.ltrbxd.com/resized/film-poster/1/5/0/0/2/15002-grave-encounters-0-230-0-345-crop.jpg?v=00134a83e2
news-of-the-world,News of the World,2020,https://a.ltrbxd.com/resized/film-poster/5/0/8/9/9/0/508990-news-of-the-world-0-230-0-345-crop.jpg?v=fb9a55f756
super-2010,Super,2010,https://a.ltrbxd.com/resized/sm/upload/3g/yj/27/0z/wRYZdWGCcC7ttY7MFNbIKpR3pnn-0-230-0-345-crop.jpg?v=bf98e783a5
the-mummy-tomb-of-the-dragon-emperor,The Mummy: Tomb of the Dragon Emperor,2008,https://a.ltrbxd.com/resized/film-poster/5/0/8/1/7/50817-the-mummy-tomb-of-the-dragon-emperor-0-230-0-345-crop.jpg?v=7a2892c1bd
small-soldiers,Small Soldiers,1998,https://a.ltrbxd.com/resized/film-poster/4/5/1/9/7/45197-small-soldiers-0-230-0-345-crop.jpg?v=65ae078c21
unfriended-dark-web,Unfriended: Dark Web,2018,https://a.ltrbxd.com/resized/film-poster/4/3/4/9/3/0/434930-unfriended-dark-web-0-230-0-345-crop.jpg?v=1bf5ba100f
made-of-honor,Made of Honor,2008,https://a.ltrbxd.com/resized/sm/upload/wz/uz/2g/15/b7w9BOieXq3qzwtOoXRUCNWc1Hz-0-230-0-345-crop.jpg?v=92bc9272ad
pinocchio-2022,Pinocchio,2022,https://a.ltrbxd.com/resized/film-poster/4/6/2/0/3/0/462030-pinocchio-0-230-0-345-crop.jpg?v=30e57bd93d
ice-age-collision-course,Ice Age: Collision Course,2016,https://a.ltrbxd.com/resized/film-poster/2/0/2/3/5/2/202352-ice-age-collision-course-0-230-0-345-crop.jpg?v=0e0c01affb
national-lampoons-vacation,National Lampoon's Vacation,1983,https://a.ltrbxd.com/resized/sm/upload/dq/1p/5k/vc/48A20GKr9teacvWkZ8LgjTbQI74-0-230-0-345-crop.jpg?v=02a7481f56
enemy-of-the-state,Enemy of the State,1998,https://a.ltrbxd.com/resized/sm/upload/8m/ov/bw/qg/2B0vLBo6gJbnzke4Enc77GCxKrz-0-230-0-345-crop.jpg?v=eae5e57ce1
greta-2018,Greta,2018,https://a.ltrbxd.com/resized/film-poster/4/0/2/8/8/0/402880-greta-0-230-0-345-crop.jpg?v=b9c7de0b7c
the-number-23,The Number 23,2007,https://a.ltrbxd.com/resized/film-poster/4/9/6/4/1/49641-the-number-23-0-230-0-345-crop.jpg?v=4dd08e3b35
shes-out-of-my-league,She's Out of My League,2010,https://a.ltrbxd.com/resized/film-poster/2/9/4/1/6/29416-she-s-out-of-my-league-0-230-0-345-crop.jpg?v=8386fb9560
penelope,Penelope,2006,https://a.ltrbxd.com/resized/film-poster/4/7/9/3/8/47938-penelope-0-230-0-345-crop.jpg?v=477aa110f1
bernie-2011,Bernie,2011,https://a.ltrbxd.com/resized/film-poster/7/7/2/4/1/77241-bernie-0-230-0-345-crop.jpg?v=dd198b38b9
the-spy-who-loved-me,The Spy Who Loved Me,1977,https://a.ltrbxd.com/resized/sm/upload/z5/mu/qe/la/t3LzD4cntRTfGJYtD01jXxaMnd9-0-230-0-345-crop.jpg?v=5b3e7f8b3f
justice-league-the-flashpoint-paradox,Justice League: The Flashpoint Paradox,2013,https://a.ltrbxd.com/resized/film-poster/1/3/2/5/9/9/132599-justice-league-the-flashpoint-paradox-0-230-0-345-crop.jpg?v=0ed7ac0904
the-secret-life-of-pets-2,The Secret Life of Pets 2,2019,https://a.ltrbxd.com/resized/film-poster/3/4/6/2/8/1/346281-the-secret-life-of-pets-2-0-230-0-345-crop.jpg?v=e2062b6bfe
lol-2012,LOL,2012,https://a.ltrbxd.com/resized/sm/upload/rr/te/mz/hn/lol-0-230-0-345-crop.jpg?v=200190fd48
barbie-and-the-diamond-castle,Barbie and the Diamond Castle,2008,https://a.ltrbxd.com/resized/film-poster/4/4/2/2/3/44223-barbie-and-the-diamond-castle-0-230-0-345-crop.jpg?v=6a14e72a24
miracle-on-34th-street,Miracle on 34th Street,1947,https://a.ltrbxd.com/resized/film-poster/4/4/9/2/2/44922-miracle-on-34th-street-0-230-0-345-crop.jpg?v=4956a1ef98
hitmans-wifes-bodyguard,Hitman's Wife's Bodyguard,2021,https://a.ltrbxd.com/resized/film-poster/4/5/2/5/2/2/452522-hitman-s-wife-s-bodyguard-0-230-0-345-crop.jpg?v=1e07299aad
american-wedding,American Wedding,2003,https://a.ltrbxd.com/resized/film-poster/4/7/8/3/3/47833-american-wedding-0-230-0-345-crop.jpg?v=5994b961f2
halloween-the-curse-of-michael-myers,Halloween: The Curse of Michael Myers,1995,https://a.ltrbxd.com/resized/film-poster/4/5/7/1/4/45714-halloween-the-curse-of-michael-myers-0-230-0-345-crop.jpg?v=06466c396c
little-nicky,Little Nicky,2000,https://a.ltrbxd.com/resized/film-poster/4/6/9/2/6/46926-little-nicky-0-230-0-345-crop.jpg?v=f17c94b619
george-of-the-jungle,George of the Jungle,1997,https://a.ltrbxd.com/resized/film-poster/4/6/0/7/1/46071-george-of-the-jungle-0-230-0-345-crop.jpg?v=7442e5da9f
the-kids-are-all-right,The Kids Are All Right,2010,https://a.ltrbxd.com/resized/film-poster/2/5/0/7/9/25079-the-kids-are-all-right-0-230-0-345-crop.jpg?v=0229fd4e32
friday-the-13th-part-vii-the-new-blood,Friday the 13th Part VII: The New Blood,1988,https://a.ltrbxd.com/resized/film-poster/4/6/3/7/4/46374-friday-the-13th-part-vii-the-new-blood-0-230-0-345-crop.jpg?v=98cd46e053
halloween-resurrection,Halloween: Resurrection,2002,https://a.ltrbxd.com/resized/sm/upload/j0/f0/ub/6m/9aKyqYdOGbZvUCRDxXAbRqCxM5e-0-230-0-345-crop.jpg?v=6662df8ab3
sharknado,Sharknado,2013,https://a.ltrbxd.com/resized/film-poster/1/4/6/7/8/0/146780-sharknado-0-230-0-345-crop.jpg?v=2c1fd9e908
four-rooms,Four Rooms,1995,https://a.ltrbxd.com/resized/film-poster/2/7/1/1/2711-four-rooms-0-230-0-345-crop.jpg?v=6b07afa375
the-sorcerers-apprentice-2010,The Sorcerer's Apprentice,2010,https://a.ltrbxd.com/resized/film-poster/3/4/8/5/8/34858-the-sorcerer-s-apprentice-0-230-0-345-crop.jpg?v=2cef6a4998
cabin-fever,Cabin Fever,2002,https://a.ltrbxd.com/resized/film-poster/4/5/2/0/1/45201-cabin-fever-0-230-0-345-crop.jpg?v=bfa6895bfd
epic,Epic,2013,https://a.ltrbxd.com/resized/film-poster/9/2/5/6/2/92562-epic-0-230-0-345-crop.jpg?v=7f294e7d4b
barbie-in-the-nutcracker,Barbie in the Nutcracker,2001,https://a.ltrbxd.com/resized/sm/upload/dc/n1/57/zq/BarbieNutcracker-0-230-0-345-crop.jpg?v=30e0810d01
pokemon-the-first-movie,Pokémon: The First Movie,1998,https://a.ltrbxd.com/resized/film-poster/4/6/4/2/3/46423-pokemon-the-first-movie-mewtwo-strikes-back-0-230-0-345-crop.jpg?v=beb6dd43ae
dumb-and-dumber-to,Dumb and Dumber To,2014,https://a.ltrbxd.com/resized/film-poster/8/1/8/1/1/81811-dumb-and-dumber-to-0-230-0-345-crop.jpg?v=fa6c07f704
shooter,Shooter,2007,https://a.ltrbxd.com/resized/film-poster/4/8/0/1/2/48012-shooter-0-230-0-345-crop.jpg?v=605074848f
pitch-black,Pitch Black,2000,https://a.ltrbxd.com/resized/sm/upload/dz/qs/cp/de/z46wU1mzQm6b1LoqGG8E2uWNnFW-0-230-0-345-crop.jpg?v=141e3a7201
the-monuments-men,The Monuments Men,2014,https://a.ltrbxd.com/resized/sm/upload/mg/0d/2r/jz/m4puTcUAFtFJBLMVoRs0FLk3ET3-0-230-0-345-crop.jpg?v=9cc1045e0c
stepmom,Stepmom,1998,https://a.ltrbxd.com/resized/sm/upload/xv/pk/ar/73/57TqKdh9rnXgxqiuF2U97HNaOh2-0-230-0-345-crop.jpg?v=012e402a1c
finding-neverland,Finding Neverland,2004,https://a.ltrbxd.com/resized/sm/upload/d8/qt/1z/wg/7VNtGDhKLefRhJWYokfP3hBh0uV-0-230-0-345-crop.jpg?v=41c74823a7
the-black-cauldron,The Black Cauldron,1985,https://a.ltrbxd.com/resized/film-poster/4/5/7/3/7/45737-the-black-cauldron-0-230-0-345-crop.jpg?v=1589d896a2
resident-evil-retribution,Resident Evil: Retribution,2012,https://a.ltrbxd.com/resized/sm/upload/51/n6/rw/ie/qRhi9UDgfstP9aIJTCoO9u13Q7t-0-230-0-345-crop.jpg?v=ba3522473f
buffy-the-vampire-slayer,Buffy the Vampire Slayer,1992,https://a.ltrbxd.com/resized/film-poster/4/6/4/4/5/46445-buffy-the-vampire-slayer-0-230-0-345-crop.jpg?v=10644a4d2c
a-bad-moms-christmas,A Bad Moms Christmas,2017,https://a.ltrbxd.com/resized/film-poster/3/6/4/6/8/2/364682-a-bad-moms-christmas-0-230-0-345-crop.jpg?v=10a6bf1c63
rocknrolla,RocknRolla,2008,https://a.ltrbxd.com/resized/sm/upload/5x/bk/0s/eq/9tnHUDuUDrNJxJ3raxpKIrnYXlH-0-230-0-345-crop.jpg?v=9f2082aa13
fantasy-island,Fantasy Island,2020,https://a.ltrbxd.com/resized/film-poster/4/6/8/5/5/6/468556-fantasy-island-0-230-0-345-crop.jpg?v=7685f79944
3-2003-1,Barbie of Swan Lake,2003,https://a.ltrbxd.com/resized/film-poster/4/2/6/6/7/42667-barbie-of-swan-lake-0-230-0-345-crop.jpg?v=644841e57c
splice,Splice,2009,https://a.ltrbxd.com/resized/film-poster/2/6/7/9/6/26796-splice-0-230-0-345-crop.jpg?v=99451f7c9a
identity-thief,Identity Thief,2013,https://a.ltrbxd.com/resized/sm/upload/2f/87/ui/j0/lOF4rI6SxgRsVLW8odsauqnhB9Z-0-230-0-345-crop.jpg?v=36d038dacc
dorian-gray-2009,Dorian Gray,2009,https://a.ltrbxd.com/resized/film-poster/3/7/3/5/2/37352-dorian-gray-0-230-0-345-crop.jpg?v=0b43d2fdc5
sin-city-a-dame-to-kill-for,Sin City: A Dame to Kill For,2014,https://a.ltrbxd.com/resized/film-poster/5/1/8/6/3/51863-sin-city-a-dame-to-kill-for-0-230-0-345-crop.jpg?v=29c273aaeb
buried,Buried,2010,https://a.ltrbxd.com/resized/film-poster/3/5/3/5/0/35350-buried-0-230-0-345-crop.jpg?v=5d3289afbf
snakes-on-a-plane,Snakes on a Plane,2006,https://a.ltrbxd.com/resized/film-poster/5/1/7/3/6/51736-snakes-on-a-plane-0-230-0-345-crop.jpg?v=75c2e2f0e1
300-rise-of-an-empire,300: Rise of an Empire,2014,https://a.ltrbxd.com/resized/film-poster/1/2/7/5/1/12751-300-rise-of-an-empire-0-230-0-345-crop.jpg?v=836ee4ea88
beverly-hills-cop-ii,Beverly Hills Cop II,1987,https://a.ltrbxd.com/resized/film-poster/5/1/9/5/4/51954-beverly-hills-cop-ii-0-230-0-345-crop.jpg?v=b314269492
valkyrie,Valkyrie,2008,https://a.ltrbxd.com/resized/film-poster/5/0/3/8/9/50389-valkyrie-0-230-0-345-crop.jpg?v=7a4ee7f4b0
lucky-number-slevin,Lucky Number Slevin,2006,https://a.ltrbxd.com/resized/film-poster/5/1/8/6/6/51866-lucky-number-slevin-0-230-0-345-crop.jpg?v=9b5548d9bb
moonraker,Moonraker,1979,https://a.ltrbxd.com/resized/film-poster/5/1/4/2/8/51428-moonraker-0-230-0-345-crop.jpg?v=8c58c631a9
the-little-rascals,The Little Rascals,1994,https://a.ltrbxd.com/resized/film-poster/4/5/7/9/5/45795-the-little-rascals-0-230-0-345-crop.jpg?v=3ef1a55be4
the-stepford-wives-2004,The Stepford Wives,2004,https://a.ltrbxd.com/resized/sm/upload/50/rk/ff/08/9UuKpjAsvtXpLARlBV2QnjP74d1-0-230-0-345-crop.jpg?v=59f7255223
the-unforgivable,The Unforgivable,2021,https://a.ltrbxd.com/resized/sm/upload/84/74/uu/5q/unforgivable-0-230-0-345-crop.jpg?v=0c1dc2072a
super-mario-bros,Super Mario Bros.,1993,https://a.ltrbxd.com/resized/film-poster/4/6/9/9/4/46994-super-mario-bros--0-230-0-345-crop.jpg?v=ce2af50490
the-dark-tower,The Dark Tower,2017,https://a.ltrbxd.com/resized/film-poster/2/8/3/7/2/5/283725-the-dark-tower-0-230-0-345-crop.jpg?v=14ae8d0525
the-runaways,The Runaways,2010,https://a.ltrbxd.com/resized/sm/upload/rd/8d/1e/16/huz9FXVBshx5rwzCgO399vV9B7A-0-230-0-345-crop.jpg?v=1b9c6c3720
curse-of-chucky,Curse of Chucky,2013,https://a.ltrbxd.com/resized/film-poster/1/2/3/4/0/2/123402-curse-of-chucky-0-230-0-345-crop.jpg?v=ff556abfdc
if-i-stay,If I Stay,2014,https://a.ltrbxd.com/resized/sm/upload/81/57/w1/3y/mLnBvLD3qJC82rhjJFZJijfYkFD-0-230-0-345-crop.jpg?v=6c9d1c5a1a
seven-years-in-tibet,Seven Years in Tibet,1997,https://a.ltrbxd.com/resized/film-poster/5/1/1/9/1/51191-seven-years-in-tibet-0-230-0-345-crop.jpg?v=2682ea1544
lethal-weapon-2,Lethal Weapon 2,1989,https://a.ltrbxd.com/resized/film-poster/5/1/2/1/1/51211-lethal-weapon-2-0-230-0-345-crop.jpg?v=0b9703f4e2
the-spy-who-dumped-me,The Spy Who Dumped Me,2018,https://a.ltrbxd.com/resized/film-poster/3/8/6/9/5/6/386956-the-spy-who-dumped-me-0-230-0-345-crop.jpg?v=8a9492b013
ever-after-1998,Ever After,1998,https://a.ltrbxd.com/resized/sm/upload/ly/ta/ly/lu/1ELrosU04wEbfmxK9wLBjdEECqm-0-230-0-345-crop.jpg?v=32a3267f9d
8mm,8MM,1999,https://a.ltrbxd.com/resized/film-poster/4/7/8/4/3/47843-8mm-0-230-0-345-crop.jpg?v=4043606276
a-nightmare-on-elm-street-the-dream-child,A Nightmare on Elm Street: The Dream Child,1989,https://a.ltrbxd.com/resized/film-poster/4/6/4/8/9/46489-a-nightmare-on-elm-street-5-the-dream-child-0-230-0-345-crop.jpg?v=ebd905cb31
what-dreams-may-come,What Dreams May Come,1998,https://a.ltrbxd.com/resized/film-poster/4/4/7/4/4/44744-what-dreams-may-come-0-230-0-345-crop.jpg?v=a82ce586f2
rec-2,[REC]²,2009,https://a.ltrbxd.com/resized/sm/upload/xd/n3/o5/mv/g2Dk8ud1KpXt2RWzvcgsuuPkPuJ-0-230-0-345-crop.jpg?v=722b1214ba
the-other-boleyn-girl,The Other Boleyn Girl,2008,https://a.ltrbxd.com/resized/sm/upload/ai/e0/08/sj/hVMDKcGX7sSrJwK2DbTtOMzQOTp-0-230-0-345-crop.jpg?v=4d604c8b08
glory,Glory,1989,https://a.ltrbxd.com/resized/sm/upload/r2/mt/l7/2d/naphzVem2iMIxTf8k4yES8CZbwb-0-230-0-345-crop.jpg?v=42f921fb13
the-green-hornet,The Green Hornet,2011,https://a.ltrbxd.com/resized/sm/upload/ke/zp/z2/yx/v0EjItmaELjuMN6pbxkDIyP6fTe-0-230-0-345-crop.jpg?v=26c3797f5b
between-two-ferns-the-movie,Between Two Ferns: The Movie,2019,https://a.ltrbxd.com/resized/film-poster/5/1/2/8/4/7/512847-between-two-ferns-the-movie-0-230-0-345-crop.jpg?v=4861b7c2bf
freddys-dead-the-final-nightmare,Freddy's Dead: The Final Nightmare,1991,https://a.ltrbxd.com/resized/sm/upload/ea/8t/3c/ln/icDuW1f0nIaUuTLHZOSMxNwx3NH-0-230-0-345-crop.jpg?v=7362283220
let-me-in,Let Me In,2010,https://a.ltrbxd.com/resized/film-poster/2/3/6/2/3/23623-let-me-in-0-230-0-345-crop.jpg?v=4b7b2fee13
oliver-company,Oliver & Company,1988,https://a.ltrbxd.com/resized/sm/upload/9d/mi/ft/c7/CEVChyXysi733Owrkz4bOyQoyr-0-230-0-345-crop.jpg?v=3c97597fba
diamonds-are-forever,Diamonds Are Forever,1971,https://a.ltrbxd.com/resized/film-poster/5/1/4/4/3/51443-diamonds-are-forever-0-230-0-345-crop.jpg?v=e331061892
geostorm,Geostorm,2017,https://a.ltrbxd.com/resized/film-poster/1/9/8/9/7/1/198971-geostorm-0-230-0-345-crop.jpg?v=83da0689fc
the-animatrix,The Animatrix,2003,https://a.ltrbxd.com/resized/film-poster/1/0/2/6/1/10261-the-animatrix-0-230-0-345-crop.jpg?v=83fe23ae91
the-stanford-prison-experiment,The Stanford Prison Experiment,2015,https://a.ltrbxd.com/resized/film-poster/2/3/4/8/1/1/234811-the-stanford-prison-experiment-0-230-0-345-crop.jpg?v=a94958d810
escape-from-la,Escape from L.A.,1996,https://a.ltrbxd.com/resized/film-poster/4/6/5/8/5/46585-escape-from-l-a--0-230-0-345-crop.jpg?v=e9de627c16
the-commuter,The Commuter,2018,https://a.ltrbxd.com/resized/sm/upload/qo/0a/9r/82/rDeGK6FIUfVcXmuBdEORPAGPMNg-0-230-0-345-crop.jpg?v=8599137879
the-man-with-the-golden-gun,The Man with the Golden Gun,1974,https://a.ltrbxd.com/resized/sm/upload/7m/iy/yh/jw/uZgPBBdKpJgLZZkswddRrIlwlw4-0-230-0-345-crop.jpg?v=6720fbdd98
the-walk-2015,The Walk,2015,https://a.ltrbxd.com/resized/film-poster/2/1/1/1/0/0/211100-the-walk-0-230-0-345-crop.jpg?v=a79d0073af
invictus,Invictus,2009,https://a.ltrbxd.com/resized/film-poster/3/7/6/0/5/37605-invictus-0-230-0-345-crop.jpg?v=4cf7d9e769
lawless,Lawless,2012,https://a.ltrbxd.com/resized/sm/upload/no/44/s1/d4/uViCpDSOo0Pexx1KWX7NXQaS9BH-0-230-0-345-crop.jpg?v=f3806a7e64
be-kind-rewind,Be Kind Rewind,2008,https://a.ltrbxd.com/resized/film-poster/4/9/0/4/5/49045-be-kind-rewind-0-230-0-345-crop.jpg?v=206190b15a
serenity,Serenity,2005,https://a.ltrbxd.com/resized/sm/upload/43/41/2j/rl/serenity-0-230-0-345-crop.jpg?v=2e4d0d5a3b
dreamgirls,Dreamgirls,2006,https://a.ltrbxd.com/resized/sm/upload/tz/bq/z0/ig/sb1SmgDbxe80o94RMYV0xsXPDbP-0-230-0-345-crop.jpg?v=9049a8dd88
teeth,Teeth,2007,https://a.ltrbxd.com/resized/film-poster/4/4/1/2/4/44124-teeth-0-230-0-345-crop.jpg?v=8bccd12854
resident-evil-afterlife,Resident Evil: Afterlife,2010,https://a.ltrbxd.com/resized/film-poster/2/8/4/1/7/28417-resident-evil-afterlife-0-230-0-345-crop.jpg?v=9bb61c66d9
american-assassin,American Assassin,2017,https://a.ltrbxd.com/resized/sm/upload/xi/lk/6t/tr/2mPQEKyD4tStKMA2mdLhWKD3zVo-0-230-0-345-crop.jpg?v=2071af2b27
polar-2019,Polar,2019,https://a.ltrbxd.com/resized/film-poster/4/1/4/7/6/3/414763-polar-0-230-0-345-crop.jpg?v=e196211564
i-am-mother,I Am Mother,2019,https://a.ltrbxd.com/resized/film-poster/4/3/5/8/3/3/435833-i-am-mother-0-230-0-345-crop.jpg?v=61f59042f2
annie,Annie,1982,https://a.ltrbxd.com/resized/film-poster/4/2/1/3/7/42137-annie-0-230-0-345-crop.jpg?v=d707552e6e
ouija,Ouija,2014,https://a.ltrbxd.com/resized/film-poster/1/6/9/8/6/0/169860-ouija-0-230-0-345-crop.jpg?v=189c6f6383
the-princess-switch,The Princess Switch,2018,https://a.ltrbxd.com/resized/film-poster/4/8/5/8/4/1/485841-the-princess-switch-0-230-0-345-crop.jpg?v=e1b01c8ba6
twins,Twins,1988,https://a.ltrbxd.com/resized/film-poster/4/7/1/0/6/47106-twins-0-230-0-345-crop.jpg?v=9c64ce30c4
bloodsport,Bloodsport,1988,https://a.ltrbxd.com/resized/sm/upload/e4/j9/y0/49/E4d48dFICxN1tcGywt1p5zBHYJ-0-230-0-345-crop.jpg?v=c24e535879
little-fockers,Little Fockers,2010,https://a.ltrbxd.com/resized/sm/upload/ld/2u/bc/8p/qsumvJX3GHfGeQOzTGlJfZJNEaW-0-230-0-345-crop.jpg?v=14c8757e6a
project-power-2020,Project Power,2020,https://a.ltrbxd.com/resized/film-poster/5/3/2/4/4/9/532449-project-power-0-230-0-345-crop.jpg?v=cc269fd296
v-h-s-2,V/H/S/2,2013,https://a.ltrbxd.com/resized/film-poster/1/1/8/5/7/2/118572-v-h-s-2-0-230-0-345-crop.jpg?v=6c713aa31b
accepted,Accepted,2006,https://a.ltrbxd.com/resized/film-poster/4/6/8/2/3/46823-accepted-0-230-0-345-crop.jpg?v=5c70ae9e9e
its-complicated,It's Complicated,2009,https://a.ltrbxd.com/resized/film-poster/3/7/6/4/0/37640-it-s-complicated-0-230-0-345-crop.jpg?v=42cf17aae9
my-friend-dahmer,My Friend Dahmer,2017,https://a.ltrbxd.com/resized/sm/upload/x2/48/j1/hm/c6HoPIBcRv9l2tPB8hbivq71Nw-0-230-0-345-crop.jpg?v=58e3ed7763
cult-of-chucky,Cult of Chucky,2017,https://a.ltrbxd.com/resized/sm/upload/n9/36/7o/p7/r5JUiMYfatwYeDkxkLWYUx5GIjY-0-230-0-345-crop.jpg?v=ba833ca6d2
the-mortal-instruments-city-of-bones,The Mortal Instruments: City of Bones,2013,https://a.ltrbxd.com/resized/sm/upload/h4/h8/xt/u1/6tUdKoNdBsu321nMpvQsj81DA8e-0-230-0-345-crop.jpg?v=d3cbf4034f
this-means-war,This Means War,2012,https://a.ltrbxd.com/resized/sm/upload/5i/hg/y0/yz/this-means-war-0-230-0-345-crop.jpg?v=b0809e8555
good-burger,Good Burger,1997,https://a.ltrbxd.com/resized/sm/upload/55/a7/0n/cr/iMF2tXISr0PcgdZaQDKI4cKQnR4-0-230-0-345-crop.jpg?v=a7920877d2
zack-and-miri-make-a-porno,Zack and Miri Make a Porno,2008,https://a.ltrbxd.com/resized/film-poster/4/6/3/0/6/46306-zack-and-miri-make-a-porno-0-230-0-345-crop.jpg?v=e38970bd8e
legend-of-the-guardians-the-owls-of-gahoole,Legend of the Guardians: The Owls of Ga'Hoole,2010,https://a.ltrbxd.com/resized/film-poster/2/3/7/9/9/23799-legend-of-the-guardians-the-owls-of-ga-hoole-0-230-0-345-crop.jpg?v=e3d27047e4
cinderella-man,Cinderella Man,2005,https://a.ltrbxd.com/resized/sm/upload/nr/ar/ml/qa/4H4qkIJEN3aLf0PHRqF6fnlmhtd-0-230-0-345-crop.jpg?v=c3b2824777
hansel-gretel-witch-hunters,Hansel & Gretel: Witch Hunters,2013,https://a.ltrbxd.com/resized/film-poster/6/2/9/0/6290-hansel-and-gretel-witch-hunters-0-230-0-345-crop.jpg?v=79183b7014
the-jerk,The Jerk,1979,https://a.ltrbxd.com/resized/film-poster/4/8/3/0/3/48303-the-jerk-0-230-0-345-crop.jpg?v=53ff176c14
fantasia-2000,Fantasia 2000,1999,https://a.ltrbxd.com/resized/film-poster/1/5/6/8/4/15684-fantasia-2000-0-230-0-345-crop.jpg?v=e20f85a048
spies-in-disguise,Spies in Disguise,2019,https://a.ltrbxd.com/resized/film-poster/3/6/4/8/8/9/364889-spies-in-disguise-0-230-0-345-crop.jpg?v=28beb26c90
cheaper-by-the-dozen-2,Cheaper by the Dozen 2,2005,https://a.ltrbxd.com/resized/film-poster/4/6/9/6/0/46960-cheaper-by-the-dozen-2-0-230-0-345-crop.jpg?v=8c498cb761
charlottes-web-2006,Charlotte's Web,2006,https://a.ltrbxd.com/resized/sm/upload/m2/sl/nw/8t/r10VKsGGvGHKhNvP89SWYStF5mK-0-230-0-345-crop.jpg?v=87f8b3eb59
superman-ii,Superman II,1980,https://a.ltrbxd.com/resized/sm/upload/8l/kh/e5/fa/upHCNXVFTztai9ywfgV3LEdj1he-0-230-0-345-crop.jpg?v=45fa9eb94c
rambo,Rambo,2008,https://a.ltrbxd.com/resized/film-poster/4/7/9/8/3/47983-rambo-0-230-0-345-crop.jpg?v=c9e6cb3d24
machete,Machete,2010,https://a.ltrbxd.com/resized/sm/upload/aw/s9/0l/7z/vaECukaqRtChaScWwJr4viflw0W-0-230-0-345-crop.jpg?v=8e83f95e22
what-lies-beneath,What Lies Beneath,2000,https://a.ltrbxd.com/resized/film-poster/5/0/1/6/5/50165-what-lies-beneath-0-230-0-345-crop.jpg?v=38a13e010e
american-reunion,American Reunion,2012,https://a.ltrbxd.com/resized/film-poster/5/7/9/2/7/57927-american-reunion-0-230-0-345-crop.jpg?v=073e340e2b
jack-reacher-never-go-back,Jack Reacher: Never Go Back,2016,https://a.ltrbxd.com/resized/sm/upload/54/yn/th/hy/IfB9hy4JH1eH6HEfIgIGORXi5h-0-230-0-345-crop.jpg?v=7f9cc822e8
the-girl-with-the-dragon-tattoo,The Girl with the Dragon Tattoo,2009,https://a.ltrbxd.com/resized/film-poster/4/2/3/5/3/42353-the-girl-with-the-dragon-tattoo-0-230-0-345-crop.jpg?v=47bcaf83c8
the-time-travelers-wife,The Time Traveler's Wife,2009,https://a.ltrbxd.com/resized/film-poster/3/6/7/8/5/36785-the-time-traveler-s-wife-0-230-0-345-crop.jpg?v=ba9c9b360f
flashdance,Flashdance,1983,https://a.ltrbxd.com/resized/sm/upload/s0/ks/gt/x6/8TRY7mt3pbPys4JQiDHSYc7WmSr-0-230-0-345-crop.jpg?v=428a2115d0
the-full-monty,The Full Monty,1997,https://a.ltrbxd.com/resized/film-poster/4/7/1/7/0/47170-the-full-monty-0-230-0-345-crop.jpg?v=0b85ca5b62
london-has-fallen,London Has Fallen,2016,https://a.ltrbxd.com/resized/sm/upload/j7/ds/1s/pm/9j2AmDhZvdwMyYKpqe4CtBkN1Tw-0-230-0-345-crop.jpg?v=b297d9f8e8
rebecca-2020,Rebecca,2020,https://a.ltrbxd.com/resized/film-poster/4/3/5/2/5/2/435252-rebecca-0-230-0-345-crop.jpg?v=74ff7e6ba5
ghost-rider-spirit-of-vengeance,Ghost Rider: Spirit of Vengeance,2011,https://a.ltrbxd.com/resized/film-poster/5/7/8/0/4/57804-ghost-rider-spirit-of-vengeance-0-230-0-345-crop.jpg?v=bb7f23a859
batman-the-dark-knight-returns-part-1,"Batman: The Dark Knight Returns, Part 1",2012,https://a.ltrbxd.com/resized/sm/upload/fj/e7/jc/pf/t1UAqk1Yej8rfxEUqNLFyKkcny1-0-230-0-345-crop.jpg?v=f86d4acd15
peter-rabbit,Peter Rabbit,2018,https://a.ltrbxd.com/resized/sm/upload/vq/y0/uo/cv/2yjSvEDuM3rLDng40erLsWkQRfn-0-230-0-345-crop.jpg?v=0871297631
i-love-you-phillip-morris,I Love You Phillip Morris,2009,https://a.ltrbxd.com/resized/sm/upload/77/fa/xg/69/qtAuWLGQ7N4PNQ6boZeqqoUY2l9-0-230-0-345-crop.jpg?v=d4b979fc93
the-crazies-2010,The Crazies,2010,https://a.ltrbxd.com/resized/sm/upload/t7/bv/hm/kf/s15bIs5uLEqPEQERH5YqjCjY6gd-0-230-0-345-crop.jpg?v=aaf4ab97ae
starsky-hutch,Starsky & Hutch,2004,https://a.ltrbxd.com/resized/film-poster/4/7/2/1/2/47212-starsky-hutch-0-230-0-345-crop.jpg?v=9e74df6453
47-meters-down,47 Meters Down,2017,https://a.ltrbxd.com/resized/sm/upload/64/k9/qb/9o/54OHR2rRj4ZYAbeygmylDnYEpii-0-230-0-345-crop.jpg?v=3d704cecd8
enemy-at-the-gates,Enemy at the Gates,2001,https://a.ltrbxd.com/resized/film-poster/5/1/2/9/9/51299-enemy-at-the-gates-0-230-0-345-crop.jpg?v=746124e031
licence-to-kill,Licence to Kill,1989,https://a.ltrbxd.com/resized/film-poster/5/1/4/1/7/51417-licence-to-kill-0-230-0-345-crop.jpg?v=cc2302ba9f
the-family-man,The Family Man,2000,https://a.ltrbxd.com/resized/film-poster/4/8/5/2/2/48522-the-family-man-0-230-0-345-crop.jpg?v=af60c2faf4
army-of-thieves,Army of Thieves,2021,https://a.ltrbxd.com/resized/film-poster/7/1/4/2/7/9/714279-army-of-thieves-0-230-0-345-crop.jpg?v=7a2e61004c
the-santa-clause-3-the-escape-clause,The Santa Clause 3: The Escape Clause,2006,https://a.ltrbxd.com/resized/film-poster/4/3/6/1/4/43614-the-santa-clause-3-the-escape-clause-0-230-0-345-crop.jpg?v=69cc01a740
sinister-2,Sinister 2,2015,https://a.ltrbxd.com/resized/film-poster/2/0/8/7/6/1/208761-sinister-2-0-230-0-345-crop.jpg?v=b81079ea2a
my-sisters-keeper-2009,My Sister's Keeper,2009,https://a.ltrbxd.com/resized/film-poster/4/6/6/1/8/46618-my-sister-s-keeper-0-230-0-345-crop.jpg?v=edc28fce86
secret-of-the-wings,Secret of the Wings,2012,https://a.ltrbxd.com/resized/film-poster/6/0/6/5/4/60654-secret-of-the-wings-0-230-0-345-crop.jpg?v=4ec3516e15
get-hard,Get Hard,2015,https://a.ltrbxd.com/resized/film-poster/1/8/0/8/7/4/180874-get-hard-0-230-0-345-crop.jpg?v=9f8c0d2196
i-am-sam,I Am Sam,2001,https://a.ltrbxd.com/resized/film-poster/4/5/7/4/4/45744-i-am-sam-0-230-0-345-crop.jpg?v=2a47e26c15
the-punisher-2004,The Punisher,2004,https://a.ltrbxd.com/resized/sm/upload/1h/ao/eh/ra/qLeje0AueCpJBDW7pmg4Gv7cO1h-0-230-0-345-crop.jpg?v=4b043c09c7
a-whisker-away,A Whisker Away,2020,https://a.ltrbxd.com/resized/film-poster/5/9/2/2/2/5/592225-a-whisker-away-0-230-0-345-crop.jpg?v=4fe802b3b3
descendants-3,Descendants 3,2019,https://a.ltrbxd.com/resized/film-poster/4/3/6/3/7/0/436370-descendants-3-0-230-0-345-crop.jpg?v=624b59fc63
dracula-untold,Dracula Untold,2014,https://a.ltrbxd.com/resized/film-poster/1/6/5/5/7/16557-dracula-untold-0-230-0-345-crop.jpg?v=63340bed9c
home-on-the-range,Home on the Range,2004,https://a.ltrbxd.com/resized/film-poster/4/3/6/6/7/43667-home-on-the-range-0-230-0-345-crop.jpg?v=bdec183fc4
tommy-boy,Tommy Boy,1995,https://a.ltrbxd.com/resized/film-poster/4/5/3/5/3/45353-tommy-boy-0-230-0-345-crop.jpg?v=eb42c8e2db
teenage-mutant-ninja-turtles-out-of-the-shadows,Teenage Mutant Ninja Turtles: Out of the Shadows,2016,https://a.ltrbxd.com/resized/film-poster/2/3/5/6/5/1/235651-teenage-mutant-ninja-turtles-out-of-the-shadows-0-230-0-345-crop.jpg?v=41562b3bc9
coming-2-america,Coming 2 America,2021,https://a.ltrbxd.com/resized/film-poster/4/1/5/6/2/0/415620-coming-2-america-0-230-0-345-crop.jpg?v=04f71ada97
would-you-rather,Would You Rather,2012,https://a.ltrbxd.com/resized/film-poster/7/9/9/6/1/79961-would-you-rather-0-230-0-345-crop.jpg?v=9376d5ea25
ripd,R.I.P.D.,2013,https://a.ltrbxd.com/resized/sm/upload/0o/yt/3z/di/ldBBulVDkifYnT501PWXIvtCgmO-0-230-0-345-crop.jpg?v=7a6eed72e8
robin-hood-prince-of-thieves,Robin Hood: Prince of Thieves,1991,https://a.ltrbxd.com/resized/sm/upload/hj/1a/dc/am/bDqqiu3yi7V5idgdei61XBairBZ-0-230-0-345-crop.jpg?v=0f29592251
the-change-up,The Change-Up,2011,https://a.ltrbxd.com/resized/film-poster/1/6/0/9/2/16092-the-change-up-0-230-0-345-crop.jpg?v=b41a8d6c43
octopussy,Octopussy,1983,https://a.ltrbxd.com/resized/sm/upload/4y/im/bx/yl/mFuNzw2t6A2ukM7rK3ahRZn2I89-0-230-0-345-crop.jpg?v=4da3e88736
american-ultra,American Ultra,2015,https://a.ltrbxd.com/resized/film-poster/1/8/4/8/7/9/184879-american-ultra-0-230-0-345-crop.jpg?v=e83601ce57
the-league-of-extraordinary-gentlemen,The League of Extraordinary Gentlemen,2003,https://a.ltrbxd.com/resized/film-poster/4/7/6/3/8/47638-the-league-of-extraordinary-gentlemen-0-230-0-345-crop.jpg?v=afdb4fa667
wizards-of-waverly-place-the-movie,Wizards of Waverly Place: The Movie,2009,https://a.ltrbxd.com/resized/film-poster/3/5/0/9/1/35091-wizards-of-waverly-place-the-movie-0-230-0-345-crop.jpg?v=e6a6f6f70c
funny-people,Funny People,2009,https://a.ltrbxd.com/resized/film-poster/3/8/7/7/2/38772-funny-people-0-230-0-345-crop.jpg?v=40b2d88ed6
the-last-king-of-scotland,The Last King of Scotland,2006,https://a.ltrbxd.com/resized/film-poster/5/0/9/9/9/50999-the-last-king-of-scotland-0-230-0-345-crop.jpg?v=e79d873290
mulan-ii,Mulan II,2004,https://a.ltrbxd.com/resized/film-poster/4/4/6/6/9/44669-mulan-ii-0-230-0-345-crop.jpg?v=04536c9a9e
escape-plan,Escape Plan,2013,https://a.ltrbxd.com/resized/film-poster/8/6/8/5/6/86856-escape-plan-0-230-0-345-crop.jpg?v=fb3497fc20
storks,Storks,2016,https://a.ltrbxd.com/resized/film-poster/2/6/0/0/0/4/260004-storks-0-230-0-345-crop.jpg?v=5c86cdaa25
sinbad-legend-of-the-seven-seas,Sinbad: Legend of the Seven Seas,2003,https://a.ltrbxd.com/resized/film-poster/4/3/1/1/5/43115-sinbad-legend-of-the-seven-seas-0-230-0-345-crop.jpg?v=88616f3e79
the-many-adventures-of-winnie-the-pooh,The Many Adventures of Winnie the Pooh,1977,https://a.ltrbxd.com/resized/film-poster/1/7/4/9/0/8/174908-the-many-adventures-of-winnie-the-pooh-0-230-0-345-crop.jpg?v=631255ca0c
footloose-2011,Footloose,2011,https://a.ltrbxd.com/resized/sm/upload/eh/1f/yv/mf/kDpo6G7rYRHQ1bFhyLiJEW9ESPO-0-230-0-345-crop.jpg?v=0aeac6162c
bicentennial-man,Bicentennial Man,1999,https://a.ltrbxd.com/resized/film-poster/5/0/3/6/9/50369-bicentennial-man-0-230-0-345-crop.jpg?v=644b113806
a-wrinkle-in-time-2018,A Wrinkle in Time,2018,https://a.ltrbxd.com/resized/sm/upload/nx/kp/vn/qp/rSb6B7pwiZbW7In6juYEYjZ4Bsw-0-230-0-345-crop.jpg?v=2cc0937d1b
barbie-as-rapunzel,Barbie as Rapunzel,2002,https://a.ltrbxd.com/resized/film-poster/4/2/6/6/8/42668-barbie-as-rapunzel-0-230-0-345-crop.jpg?v=48cb340d73
get-him-to-the-greek,Get Him to the Greek,2010,https://a.ltrbxd.com/resized/sm/upload/my/n4/o1/o5/gT84OWu3ze3eMapps9s8GxZNFct-0-230-0-345-crop.jpg?v=d340d613ad
johnny-english-reborn,Johnny English Reborn,2011,https://a.ltrbxd.com/resized/film-poster/8/0/1/3/8013-johnny-english-reborn-0-230-0-345-crop.jpg?v=fba6fe3787
hop,Hop,2011,https://a.ltrbxd.com/resized/film-poster/1/5/3/1/5/15315-hop-0-230-0-345-crop.jpg?v=b6ecae549f
hotel-transylvania-transformania,Hotel Transylvania: Transformania,2022,https://a.ltrbxd.com/resized/film-poster/5/1/3/0/2/9/513029-hotel-transylvania-transformania-0-230-0-345-crop.jpg?v=8c453a8370
winnie-the-pooh,Winnie the Pooh,2011,https://a.ltrbxd.com/resized/film-poster/1/4/6/1/1/14611-winnie-the-pooh-0-230-0-345-crop.jpg?v=2c7fc8a776
doctor-dolittle-1998,Doctor Dolittle,1998,https://a.ltrbxd.com/resized/film-poster/4/9/9/2/1/49921-doctor-dolittle-0-230-0-345-crop.jpg?v=e9aea1adb0
the-nutty-professor-1996,The Nutty Professor,1996,https://a.ltrbxd.com/resized/sm/upload/me/vh/6k/uo/5DOwcsvjYzHbQLnWkZPthhFYxaj-0-230-0-345-crop.jpg?v=f23712184f
three-kings,Three Kings,1999,https://a.ltrbxd.com/resized/sm/upload/xo/k7/ms/3i/pij6awOhlgQwKgDj3jlgmp79WUV-0-230-0-345-crop.jpg?v=1933a9ee58
a-view-to-a-kill,A View to a Kill,1985,https://a.ltrbxd.com/resized/sm/upload/lo/ds/ld/3u/a-view-to-a-kill-original-0-230-0-345-crop.jpg?v=b3fb0003ff
wild-wild-west,Wild Wild West,1999,https://a.ltrbxd.com/resized/sm/upload/pm/hn/wh/hh/uqoluoavY8US144kUu9lb4mZpD-0-230-0-345-crop.jpg?v=08a4eb4700
piranha-3d,Piranha 3D,2010,https://a.ltrbxd.com/resized/sm/upload/ps/sn/7i/61/ywJ6h0fIa9IKho3qWCprjw0NeYq-0-230-0-345-crop.jpg?v=7ce0d21386
arthur-and-the-invisibles,Arthur and the Invisibles,2006,https://a.ltrbxd.com/resized/film-poster/4/6/6/4/9/46649-arthur-and-the-invisibles-0-230-0-345-crop.jpg?v=acc23fb0e4
tooth-fairy-2010,Tooth Fairy,2010,https://a.ltrbxd.com/resized/film-poster/3/7/5/7/6/37576-the-tooth-fairy-0-230-0-345-crop.jpg?v=e8aa5da8ed
the-man-in-the-iron-mask-1998,The Man in the Iron Mask,1998,https://a.ltrbxd.com/resized/film-poster/4/7/2/8/0/47280-the-man-in-the-iron-mask-0-230-0-345-crop.jpg?v=1163a0025b
a-little-princess-1995,A Little Princess,1995,https://a.ltrbxd.com/resized/sm/upload/xa/y9/gs/73/a7LslH4Ofdvi1oam9Bbhb2UyMR2-0-230-0-345-crop.jpg?v=7371a3ef58
dinner-for-schmucks,Dinner for Schmucks,2010,https://a.ltrbxd.com/resized/film-poster/2/5/8/3/9/25839-dinner-for-schmucks-0-230-0-345-crop.jpg?v=4ac1221a20
abraham-lincoln-vampire-hunter,Abraham Lincoln: Vampire Hunter,2012,https://a.ltrbxd.com/resized/sm/upload/v3/ut/cn/79/lHcaLiPDDrLmJAL2MTlMzgM2s2x-0-230-0-345-crop.jpg?v=0563a055f7
the-nanny-diaries,The Nanny Diaries,2007,https://a.ltrbxd.com/resized/sm/upload/wk/ao/25/sf/vaARLtfmTHbNpcZycgYLV62M7ye-0-230-0-345-crop.jpg?v=aa8ed903e2
stargate,Stargate,1994,https://a.ltrbxd.com/resized/film-poster/5/0/4/7/1/50471-stargate-0-230-0-345-crop.jpg?v=f9bf55ec3a
taken-3,Taken 3,2014,https://a.ltrbxd.com/resized/film-poster/1/8/3/9/0/7/183907-taken-3-0-230-0-345-crop.jpg?v=0aca5b9d40
the-a-team,The A-Team,2010,https://a.ltrbxd.com/resized/sm/upload/20/0p/fd/1u/eMwotYpkcE42lGlaoCpPFaolvst-0-230-0-345-crop.jpg?v=4f72faeb74
mike-and-dave-need-wedding-dates,Mike and Dave Need Wedding Dates,2016,https://a.ltrbxd.com/resized/sm/upload/0f/hb/kn/x0/3DwSh0AsBxPUxQ9x4yDuRNoYOW7-0-230-0-345-crop.jpg?v=753618f71a
the-living-daylights,The Living Daylights,1987,https://a.ltrbxd.com/resized/film-poster/5/1/4/1/8/51418-the-living-daylights-0-230-0-345-crop.jpg?v=92994e87bb
deep-impact,Deep Impact,1998,https://a.ltrbxd.com/resized/film-poster/4/7/6/5/8/47658-deep-impact-0-230-0-345-crop.jpg?v=35d6219626
the-blue-lagoon,The Blue Lagoon,1980,https://a.ltrbxd.com/resized/film-poster/4/8/7/2/5/48725-the-blue-lagoon-0-230-0-345-crop.jpg?v=d3c13aade9
bedazzled-2000,Bedazzled,2000,https://a.ltrbxd.com/resized/film-poster/5/0/9/0/5/50905-bedazzled-0-230-0-345-crop.jpg?v=a2aae35f6e
office-christmas-party,Office Christmas Party,2016,https://a.ltrbxd.com/resized/sm/upload/pu/54/l8/x8/cW85VlHPm3pz0anupAXHL9eTh5b-0-230-0-345-crop.jpg?v=20c8b236c0
young-adult,Young Adult,2011,https://a.ltrbxd.com/resized/sm/upload/zb/gd/6u/bw/young-adult-0-230-0-345-crop.jpg?v=da1fa55f47
total-recall-2012,Total Recall,2012,https://a.ltrbxd.com/resized/film-poster/3/3/1/331-total-recall-0-230-0-345-crop.jpg?v=57079f083e
let-it-snow-2019,Let It Snow,2019,https://a.ltrbxd.com/resized/film-poster/2/2/2/4/7/0/222470-let-it-snow-0-230-0-345-crop.jpg?v=c47774e8b5
star-trek-the-motion-picture,Star Trek: The Motion Picture,1979,https://a.ltrbxd.com/resized/film-poster/5/1/8/9/9/51899-star-trek-the-motion-picture-0-230-0-345-crop.jpg?v=14a06a74fe
teen-titans-go-to-the-movies,Teen Titans Go! To the Movies,2018,https://a.ltrbxd.com/resized/film-poster/4/0/5/5/6/3/405563-teen-titans-go-to-the-movies-0-230-0-345-crop.jpg?v=97cf9fe81b
jay-and-silent-bob-strike-back,Jay and Silent Bob Strike Back,2001,https://a.ltrbxd.com/resized/film-poster/5/0/3/5/5/50355-jay-and-silent-bob-strike-back-0-230-0-345-crop.jpg?v=cc2522999c
batman-the-dark-knight-returns-part-2,"Batman: The Dark Knight Returns, Part 2",2013,https://a.ltrbxd.com/resized/sm/upload/nx/8p/3d/6g/wPeorCnD9MRR2S9Dzh4OpIgNLiv-0-230-0-345-crop.jpg?v=9e5ee7b75c
another-cinderella-story,Another Cinderella Story,2008,https://a.ltrbxd.com/resized/film-poster/4/2/5/5/6/42556-another-cinderella-story-0-230-0-345-crop.jpg?v=5bfefc9d5e
annie-2014,Annie,2014,https://a.ltrbxd.com/resized/sm/upload/xl/xl/sk/12/uz3Hdjt3SarBC1NfllMUjMRYCFt-0-230-0-345-crop.jpg?v=9b48a42ea4
romancing-the-stone,Romancing the Stone,1984,https://a.ltrbxd.com/resized/film-poster/4/7/2/6/8/47268-romancing-the-stone-0-230-0-345-crop.jpg?v=5df7c007e5
i-now-pronounce-you-chuck-larry,I Now Pronounce You Chuck & Larry,2007,https://a.ltrbxd.com/resized/film-poster/4/9/6/6/6/49666-i-now-pronounce-you-chuck-and-larry-0-230-0-345-crop.jpg?v=8dc228c178
resident-evil-the-final-chapter,Resident Evil: The Final Chapter,2016,https://a.ltrbxd.com/resized/sm/upload/r4/ad/eo/us/Avfohme5d4DNds7IxpJxDjXzG3D-0-230-0-345-crop.jpg?v=f9304aeb4b
battleship,Battleship,2012,https://a.ltrbxd.com/resized/sm/upload/rn/9u/d1/n9/nz00Em6g5wFaYk1oDNoRwZILRmG-0-230-0-345-crop.jpg?v=1e02d67c5c
the-expendables-3,The Expendables 3,2014,https://a.ltrbxd.com/resized/film-poster/1/0/5/8/5/1/105851-the-expendables-3-0-230-0-345-crop.jpg?v=1400d270e3
garfield-a-tail-of-two-kitties,Garfield: A Tail of Two Kitties,2006,https://a.ltrbxd.com/resized/film-poster/4/7/0/8/7/47087-garfield-a-tail-of-two-kitties-0-230-0-345-crop.jpg?v=8f1c99e682
superhero-movie,Superhero Movie,2008,https://a.ltrbxd.com/resized/sm/upload/yv/gk/v0/a3/8Qqdq9VywBQ3MnCtdwuiVjC0E8h-0-230-0-345-crop.jpg?v=61a1e20926
paranormal-activity-4,Paranormal Activity 4,2012,https://a.ltrbxd.com/resized/sm/upload/ar/7q/qf/zc/42jFoe08KWdcip93Vx7oyGkXkoM-0-230-0-345-crop.jpg?v=72f25a556b
horns,Horns,2013,https://a.ltrbxd.com/resized/film-poster/1/1/2/6/8/4/112684-horns-0-230-0-345-crop.jpg?v=a48a0882af
rough-night,Rough Night,2017,https://a.ltrbxd.com/resized/sm/upload/my/hp/kr/h5/ttC00xcQ5UIO04kU8y0h5OAIYYJ-0-230-0-345-crop.jpg?v=089b2b455a
ghosts-of-girlfriends-past,Ghosts of Girlfriends Past,2009,https://a.ltrbxd.com/resized/sm/upload/2m/tm/wa/1s/ghosts-of-girlfriends-past-original-0-230-0-345-crop.jpg?v=87f5d78356
the-men-who-stare-at-goats,The Men Who Stare at Goats,2009,https://a.ltrbxd.com/resized/film-poster/4/6/3/4/6/46346-the-men-who-stare-at-goats-0-230-0-345-crop.jpg?v=e9c8d07641
four-brothers,Four Brothers,2005,https://a.ltrbxd.com/resized/film-poster/4/7/8/1/5/47815-four-brothers-0-230-0-345-crop.jpg?v=ee25d2e1d4
barbie-in-a-mermaid-tale,Barbie in A Mermaid Tale,2010,https://a.ltrbxd.com/resized/film-poster/2/9/3/2/1/29321-barbie-in-a-mermaid-tale-0-230-0-345-crop.jpg?v=283d7a906c
girls-trip,Girls Trip,2017,https://a.ltrbxd.com/resized/film-poster/3/5/1/7/5/5/351755-girls-trip-0-230-0-345-crop.jpg?v=5b77c9b747
ghost-ship,Ghost Ship,2002,https://a.ltrbxd.com/resized/film-poster/4/6/9/5/6/46956-ghost-ship-0-230-0-345-crop.jpg?v=c9f418ecd4
the-imaginarium-of-doctor-parnassus,The Imaginarium of Doctor Parnassus,2009,https://a.ltrbxd.com/resized/film-poster/4/7/9/1/1/47911-the-imaginarium-of-doctor-parnassus-0-230-0-345-crop.jpg?v=733647ac0d
big-fat-liar,Big Fat Liar,2002,https://a.ltrbxd.com/resized/sm/upload/4r/qs/b2/56/zpySeXpqmMXp9Fs6Znjkjs0Nzti-0-230-0-345-crop.jpg?v=5a8ada1d7d
gullivers-travels-2010,Gulliver's Travels,2010,https://a.ltrbxd.com/resized/film-poster/2/5/8/7/1/25871-gulliver-s-travels-0-230-0-345-crop.jpg?v=2555cc2db3
for-your-eyes-only,For Your Eyes Only,1981,https://a.ltrbxd.com/resized/sm/upload/cq/bh/lk/d4/vpuZt2ubjhCJ98WqanAKzzhcTAp-0-230-0-345-crop.jpg?v=74aeb231e8
the-sweetest-thing,The Sweetest Thing,2002,https://a.ltrbxd.com/resized/film-poster/4/4/9/8/8/44988-the-sweetest-thing-0-230-0-345-crop.jpg?v=f12008f4e3
body-of-lies,Body of Lies,2008,https://a.ltrbxd.com/resized/film-poster/4/4/7/8/8/44788-body-of-lies-0-230-0-345-crop.jpg?v=957de30a37
tower-heist,Tower Heist,2011,https://a.ltrbxd.com/resized/sm/upload/5n/50/82/yc/tower-heist-0-230-0-345-crop.jpg?v=2500d2edbd
the-great-wall-2016,The Great Wall,2016,https://a.ltrbxd.com/resized/film-poster/2/3/8/3/5/4/238354-the-great-wall-0-230-0-345-crop.jpg?v=c9ec7358bd
shaun-the-sheep-movie,Shaun the Sheep Movie,2015,https://a.ltrbxd.com/resized/film-poster/1/8/6/5/1/8/186518-shaun-the-sheep-movie-0-230-0-345-crop.jpg?v=303ca7c494
crank-high-voltage,Crank: High Voltage,2009,https://a.ltrbxd.com/resized/film-poster/4/2/6/0/3/42603-crank-high-voltage-0-230-0-345-crop.jpg?v=de58eae2b7
looney-tunes-back-in-action,Looney Tunes: Back in Action,2003,https://a.ltrbxd.com/resized/sm/upload/3x/o4/32/bq/ownVrxw7OYOo8vwk2g4q74Oe8Wa-0-230-0-345-crop.jpg?v=06845f5c6d
the-huntsman-winters-war,The Huntsman: Winter's War,2016,https://a.ltrbxd.com/resized/film-poster/2/1/6/6/2/0/216620-the-huntsman-winter-s-war-0-230-0-345-crop.jpg?v=2ee5567638
year-one,Year One,2009,https://a.ltrbxd.com/resized/film-poster/4/0/8/9/1/40891-year-one-0-230-0-345-crop.jpg?v=a9523bae4f
captain-underpants-the-first-epic-movie,Captain Underpants: The First Epic Movie,2017,https://a.ltrbxd.com/resized/film-poster/1/9/1/8/2/2/191822-captain-underpants-the-first-epic-movie-0-230-0-345-crop.jpg?v=16cbcac7e0
i-still-know-what-you-did-last-summer,I Still Know What You Did Last Summer,1998,https://a.ltrbxd.com/resized/film-poster/4/9/6/3/6/49636-i-still-know-what-you-did-last-summer-0-230-0-345-crop.jpg?v=8dc228c178
the-little-mermaid-ii-return-to-the-sea,The Little Mermaid II: Return to the Sea,2000,https://a.ltrbxd.com/resized/film-poster/4/5/7/9/4/45794-the-little-mermaid-ii-return-to-the-sea-0-230-0-345-crop.jpg?v=117b40ff4c
the-spongebob-movie-sponge-on-the-run,The SpongeBob Movie: Sponge on the Run,2020,https://a.ltrbxd.com/resized/film-poster/3/3/4/2/6/8/334268-the-spongebob-movie-sponge-on-the-run-0-230-0-345-crop.jpg?v=5f37b5bdb6
miracle-in-cell-no-7-2019-1,Miracle in Cell No. 7,2019,https://a.ltrbxd.com/resized/film-poster/5/6/4/0/8/7/564087-miracle-in-cell-no-7-0-230-0-345-crop.jpg?v=e6a11473c3
a-good-day-to-die-hard,A Good Day to Die Hard,2013,https://a.ltrbxd.com/resized/sm/upload/th/96/ry/3e/fZ8bzoRXaloY9qLrRs7pXOCos8a-0-230-0-345-crop.jpg?v=e68ce6f950
hollow-man,Hollow Man,2000,https://a.ltrbxd.com/resized/film-poster/4/7/2/1/3/47213-hollow-man-0-230-0-345-crop.jpg?v=73dd02b8ef
green-street-hooligans,Green Street Hooligans,2005,https://a.ltrbxd.com/resized/film-poster/4/7/5/0/5/47505-green-street-hooligans-0-230-0-345-crop.jpg?v=fe48742de9
30-minutes-or-less,30 Minutes or Less,2011,https://a.ltrbxd.com/resized/film-poster/4/5/5/8/4558-30-minutes-or-less-0-230-0-345-crop.jpg?v=168f0fcbee
jaws-2,Jaws 2,1978,https://a.ltrbxd.com/resized/film-poster/5/1/5/4/1/51541-jaws-2-0-230-0-345-crop.jpg?v=50ce0781aa
gi-joe-the-rise-of-cobra,G.I. Joe: The Rise of Cobra,2009,https://a.ltrbxd.com/resized/film-poster/4/2/7/5/2/42752-g-i-joe-the-rise-of-cobra-0-230-0-345-crop.jpg?v=2cdfc215bc
the-flintstones,The Flintstones,1994,https://a.ltrbxd.com/resized/film-poster/5/1/2/6/4/51264-the-flintstones-0-230-0-345-crop.jpg?v=8fedaa2a48
the-karate-kid-part-iii,The Karate Kid Part III,1989,https://a.ltrbxd.com/resized/film-poster/4/6/1/7/4/46174-the-karate-kid-part-iii-0-230-0-345-crop.jpg?v=1d309b6a17
the-naked-gun-2-the-smell-of-fear,The Naked Gun 2½: The Smell of Fear,1991,https://a.ltrbxd.com/resized/film-poster/2/7/2/8/3/27283-the-naked-gun-2-the-smell-of-fear-0-230-0-345-crop.jpg?v=678103403b
rat-race,Rat Race,2001,https://a.ltrbxd.com/resized/sm/upload/wm/pm/kx/oq/3pwTkYPd1dznkar1dMiEM2XVgTo-0-230-0-345-crop.jpg?v=61a8ef6ab5
the-call-2013,The Call,2013,https://a.ltrbxd.com/resized/sm/upload/mw/26/xo/3b/ekKVxnKeHEQiBznaEnj0VmK28bc-0-230-0-345-crop.jpg?v=12adeb6488
flightplan,Flightplan,2005,https://a.ltrbxd.com/resized/film-poster/4/7/2/7/8/47278-flightplan-0-230-0-345-crop.jpg?v=7c96b6a6a6
beowulf-2007,Beowulf,2007,https://a.ltrbxd.com/resized/film-poster/5/0/3/4/1/50341-beowulf-0-230-0-345-crop.jpg?v=fb9efc14e8
barnyard,Barnyard,2006,https://a.ltrbxd.com/resized/film-poster/4/6/7/2/7/46727-barnyard-0-230-0-345-crop.jpg?v=13d78e4d47
fun-with-dick-and-jane-1996,Fun with Dick and Jane,2005,https://a.ltrbxd.com/resized/sm/upload/i4/7i/o5/2w/qHy52WREa1IM1dotsODePFXV7Wm-0-230-0-345-crop.jpg?v=135ba7ae06
the-taking-of-pelham-1-2-3,The Taking of Pelham 1 2 3,2009,https://a.ltrbxd.com/resized/film-poster/4/0/3/1/3/40313-the-taking-of-pelham-1-2-3-0-230-0-345-crop.jpg?v=eca1dc4c05
teen-wolf,Teen Wolf,1985,https://a.ltrbxd.com/resized/film-poster/4/4/9/7/6/44976-teen-wolf-0-230-0-345-crop.jpg?v=ac3f1e83c9
everything-everything,"Everything, Everything",2017,https://a.ltrbxd.com/resized/film-poster/3/5/1/5/4/7/351547-everything-everything-0-230-0-345-crop.jpg?v=f567050a37
three-amigos,¡Three Amigos!,1986,https://a.ltrbxd.com/resized/film-poster/4/7/7/5/9/47759-three-amigos--0-230-0-345-crop.jpg?v=2a2281ab0f
eli-2019,Eli,2019,https://a.ltrbxd.com/resized/film-poster/4/1/4/0/2/9/414029-eli-0-230-0-345-crop.jpg?v=d94d4eeb84
the-smurfs-2,The Smurfs 2,2013,https://a.ltrbxd.com/resized/sm/upload/g6/fe/re/dh/jYQIjsFu1qi8F3YUOhhGVkunnvP-0-230-0-345-crop.jpg?v=ac61b07bf1
bewitched-2005,Bewitched,2005,https://a.ltrbxd.com/resized/film-poster/4/6/8/8/4/46884-bewitched-0-230-0-345-crop.jpg?v=8636ee4545
sydney-white,Sydney White,2007,https://a.ltrbxd.com/resized/film-poster/4/5/9/2/2/45922-sydney-white-0-230-0-345-crop.jpg?v=8a3fb5c8c5
like-stars-on-earth,Like Stars on Earth,2007,https://a.ltrbxd.com/resized/film-poster/4/8/0/0/4/48004-taare-zameen-par-0-230-0-345-crop.jpg?v=21e4e3906b
twitches,Twitches,2005,https://a.ltrbxd.com/resized/film-poster/3/8/3/7/5/38375-twitches-0-230-0-345-crop.jpg?v=8fc3284966
transcendence,Transcendence,2014,https://a.ltrbxd.com/resized/film-poster/1/1/7/5/8/2/117582-transcendence-0-230-0-345-crop.jpg?v=b9a1f7fe35
shanghai-noon,Shanghai Noon,2000,https://a.ltrbxd.com/resized/film-poster/4/7/6/7/9/47679-shanghai-noon-0-230-0-345-crop.jpg?v=3c4690b86c
scary-movie-5,Scary Movie 5,2013,https://a.ltrbxd.com/resized/sm/upload/0g/cw/r9/m0/zYptQLRnePlv5rYg2kYOCZ3C31Q-0-230-0-345-crop.jpg?v=aaee6a0386
the-mighty-ducks,The Mighty Ducks,1992,https://a.ltrbxd.com/resized/film-poster/4/6/2/5/3/46253-the-mighty-ducks-0-230-0-345-crop.jpg?v=c931039eb8
beverly-hills-chihuahua,Beverly Hills Chihuahua,2008,https://a.ltrbxd.com/resized/film-poster/4/3/1/2/1/43121-beverly-hills-chihuahua-0-230-0-345-crop.jpg?v=cf6f9916a0
cats-dogs,Cats & Dogs,2001,https://a.ltrbxd.com/resized/film-poster/4/5/7/0/9/45709-cats-dogs-1-0-230-0-345-crop.jpg?v=ca5aa21cc6
muppet-treasure-island,Muppet Treasure Island,1996,https://a.ltrbxd.com/resized/film-poster/4/5/8/1/1/45811-muppet-treasure-island-0-230-0-345-crop.jpg?v=8f29f3d3b7
jimmy-neutron-boy-genius,Jimmy Neutron: Boy Genius,2001,https://a.ltrbxd.com/resized/sm/upload/xx/br/po/b1/l8p1fcUaqGJJMvPFtnXC2Uz079f-0-230-0-345-crop.jpg?v=808b4a45ca
exodus-gods-and-kings,Exodus: Gods and Kings,2014,https://a.ltrbxd.com/resized/film-poster/1/1/1/4/4/5/111445-exodus-gods-and-kings-0-230-0-345-crop.jpg?v=d140615d45
the-silence-2019,The Silence,2019,https://a.ltrbxd.com/resized/film-poster/4/5/6/6/3/4/456634-the-silence-0-230-0-345-crop.jpg?v=14234df990
stuart-little-2,Stuart Little 2,2002,https://a.ltrbxd.com/resized/film-poster/4/5/7/0/6/45706-stuart-little-2-0-230-0-345-crop.jpg?v=ce6a41e269
collateral-beauty,Collateral Beauty,2016,https://a.ltrbxd.com/resized/film-poster/2/7/6/2/7/5/276275-collateral-beauty-0-230-0-345-crop.jpg?v=fb929c9df3
analyze-this,Analyze This,1999,https://a.ltrbxd.com/resized/film-poster/4/7/0/6/5/47065-analyze-this-0-230-0-345-crop.jpg?v=5561f5c63a
splash,Splash,1984,https://a.ltrbxd.com/resized/film-poster/5/0/1/8/5/50185-splash-0-230-0-345-crop.jpg?v=b51748fb11
barbie-and-the-magic-of-pegasus,Barbie and the Magic of Pegasus,2005,https://a.ltrbxd.com/resized/film-poster/4/2/0/0/0/42000-barbie-and-the-magic-of-pegasus-3-d-0-230-0-345-crop.jpg?v=b378ed0ec8
miss-congeniality-2-armed-and-fabulous,Miss Congeniality 2: Armed and Fabulous,2005,https://a.ltrbxd.com/resized/sm/upload/5v/et/g4/22/miss-congeniality-2-0-230-0-345-crop.jpg?v=5473eb95ce
barbie-fairytopia,Barbie: Fairytopia,2005,https://a.ltrbxd.com/resized/film-poster/4/4/0/1/0/44010-barbie-fairytopia-0-230-0-345-crop.jpg?v=32967ce865
kronks-new-groove,Kronk's New Groove,2005,https://a.ltrbxd.com/resized/film-poster/4/3/9/0/3/43903-kronk-s-new-groove-0-230-0-345-crop.jpg?v=186cadf69a
all-dogs-go-to-heaven,All Dogs Go to Heaven,1989,https://a.ltrbxd.com/resized/film-poster/4/5/2/5/0/45250-all-dogs-go-to-heaven-0-230-0-345-crop.jpg?v=0a33939636
hostel-part-ii,Hostel: Part II,2007,https://a.ltrbxd.com/resized/film-poster/5/0/8/5/3/50853-hostel-part-ii-0-230-0-345-crop.jpg?v=8894b971c6
police-academy,Police Academy,1984,https://a.ltrbxd.com/resized/film-poster/4/7/2/5/8/47258-police-academy-0-230-0-345-crop.jpg?v=09524b8073
the-human-centipede-2-full-sequence,The Human Centipede 2 (Full Sequence),2011,https://a.ltrbxd.com/resized/sm/upload/6o/of/zh/bv/kFtAdkCO0vXN2RWu2oMcR9GZ9Hi-0-230-0-345-crop.jpg?v=a4ab146b4c
that-awkward-moment,That Awkward Moment,2014,https://a.ltrbxd.com/resized/sm/upload/yh/f8/m4/6w/that-awkward-moment-0-230-0-345-crop.jpg?v=a73c7feaf6
rambo-iii,Rambo III,1988,https://a.ltrbxd.com/resized/film-poster/5/1/0/8/6/51086-rambo-iii-0-230-0-345-crop.jpg?v=bef14b0560
lara-croft-tomb-raider-the-cradle-of-life,Lara Croft: Tomb Raider – The Cradle of Life,2003,https://a.ltrbxd.com/resized/film-poster/5/0/6/1/6/50616-lara-croft-tomb-raider-the-cradle-of-life-0-230-0-345-crop.jpg?v=bfcdae3f2e
free-willy,Free Willy,1993,https://a.ltrbxd.com/resized/sm/upload/5a/g9/1c/1u/5Os6y44EBABDl55oM6Fu3g1bCsU-0-230-0-345-crop.jpg?v=65b7027acb
phineas-and-ferb-the-movie-across-the-2nd,Phineas and Ferb The Movie: Across the 2nd Dimension,2011,https://a.ltrbxd.com/resized/film-poster/5/7/7/9/1/57791-phineas-and-ferb-the-movie-across-the-2nd-dimension-0-230-0-345-crop.jpg?v=f7525c6528
need-for-speed,Need for Speed,2014,https://a.ltrbxd.com/resized/film-poster/1/0/4/9/9/7/104997-need-for-speed-0-230-0-345-crop.jpg?v=726d1a8b61
the-pirates-in-an-adventure-with-scientists,The Pirates! In an Adventure with Scientists!,2012,https://a.ltrbxd.com/resized/sm/upload/ch/94/hg/93/z3abtsVuypFShFkfvTOjzATkeg9-0-230-0-345-crop.jpg?v=5769e1ffe8
eragon,Eragon,2006,https://a.ltrbxd.com/resized/sm/upload/yu/4l/1w/3e/k0AEqMS1HY4m36hbdpdTyRcpZur-0-230-0-345-crop.jpg?v=ae4486c615
the-watch-2012,The Watch,2012,https://a.ltrbxd.com/resized/film-poster/6/6/4/9/7/66497-the-watch-0-230-0-345-crop.jpg?v=d93769aa3b
an-extremely-goofy-movie,An Extremely Goofy Movie,2000,https://a.ltrbxd.com/resized/sm/upload/3j/it/3d/sp/kHV9ABnZtDeDtSQfTNIveSoxS9m-0-230-0-345-crop.jpg?v=fe1c716375
johnny-english-strikes-again,Johnny English Strikes Again,2018,https://a.ltrbxd.com/resized/film-poster/3/9/5/0/4/5/395045-johnny-english-strikes-again-0-230-0-345-crop.jpg?v=b62e6e9e60
the-campaign,The Campaign,2012,https://a.ltrbxd.com/resized/sm/upload/kh/lc/jp/f8/6uH8BOWN60mu2Vd5z4jCaVWb2ix-0-230-0-345-crop.jpg?v=85ba621137
case-39,Case 39,2009,https://a.ltrbxd.com/resized/film-poster/3/3/7/4/3/33743-case-39-0-230-0-345-crop.jpg?v=0127a9bab3
grimsby,Grimsby,2016,https://a.ltrbxd.com/resized/sm/upload/6j/m7/q5/sv/iqWRyStIQikuQkZxEfkss8NqsbS-0-230-0-345-crop.jpg?v=b46bcb17cb
i-feel-pretty,I Feel Pretty,2018,https://a.ltrbxd.com/resized/film-poster/3/9/2/4/8/1/392481-i-feel-pretty-0-230-0-345-crop.jpg?v=d750eba268
the-brothers-grimm,The Brothers Grimm,2005,https://a.ltrbxd.com/resized/film-poster/4/9/3/3/3/49333-the-brothers-grimm-0-230-0-345-crop.jpg?v=92a8365d8f
midnight-sun-2018,Midnight Sun,2018,https://a.ltrbxd.com/resized/film-poster/3/5/3/2/7/2/353272-midnight-sun-0-230-0-345-crop.jpg?v=ffe6bbf3f7
the-amityville-horror-2005,The Amityville Horror,2005,https://a.ltrbxd.com/resized/sm/upload/1u/2p/4f/1a/cZW2ajrHSiA0Ar2o00g4ezUYqZX-0-230-0-345-crop.jpg?v=1201ab2ba6
asterix-obelix-mission-cleopatra,Asterix & Obelix: Mission Cleopatra,2002,https://a.ltrbxd.com/resized/film-poster/5/0/0/2/4/50024-asterix-obelix-mission-cleopatra-0-230-0-345-crop.jpg?v=dd9cb9618d
2-guns,2 Guns,2013,https://a.ltrbxd.com/resized/film-poster/1/0/4/7/8/2/104782-2-guns-0-230-0-345-crop.jpg?v=b096cdac25
the-chronicles-of-riddick,The Chronicles of Riddick,2004,https://a.ltrbxd.com/resized/film-poster/5/0/0/8/7/50087-the-chronicles-of-riddick-0-230-0-345-crop.jpg?v=34b39ddd3d
47-ronin-2013,47 Ronin,2013,https://a.ltrbxd.com/resized/sm/upload/7q/cu/fc/rt/4D5LM8BRdWuBQXSjLh1iAddchdM-0-230-0-345-crop.jpg?v=fd1bd4de94
step-up-2-the-streets,Step Up 2: The Streets,2008,https://a.ltrbxd.com/resized/film-poster/4/7/8/0/4/47804-step-up-2-0-230-0-345-crop.jpg?v=1af06f28e8
beethoven,Beethoven,1992,https://a.ltrbxd.com/resized/film-poster/4/4/9/9/4/44994-beethoven-0-230-0-345-crop.jpg?v=0d17e62145
ferdinand,Ferdinand,2017,https://a.ltrbxd.com/resized/sm/upload/5n/vz/ad/bk/qfuoOaCJLwNngfboYM7uxYaZvQx-0-230-0-345-crop.jpg?v=df14b11770
planes,Planes,2013,https://a.ltrbxd.com/resized/sm/upload/37/de/5o/rc/c8ALtmmmtofVYOxSJG0S5ZcP2pF-0-230-0-345-crop.jpg?v=6bb12034be
barbie-as-the-island-princess,Barbie as the Island Princess,2007,https://a.ltrbxd.com/resized/film-poster/4/4/0/1/1/44011-barbie-as-the-island-princess-0-230-0-345-crop.jpg?v=2862709ca4
barbie-a-fashion-fairytale,Barbie: A Fashion Fairytale,2010,https://a.ltrbxd.com/resized/film-poster/2/0/3/2/7/20327-barbie-a-fashion-fairytale-0-230-0-345-crop.jpg?v=bd444c4062
the-switch,The Switch,2010,https://a.ltrbxd.com/resized/film-poster/2/3/8/0/5/23805-the-switch-0-230-0-345-crop.jpg?v=8afb4357ec
clerks-ii,Clerks II,2006,https://a.ltrbxd.com/resized/sm/upload/36/ym/co/qq/luPEGTlN8egktVeomdf2nEap5SP-0-230-0-345-crop.jpg?v=4be16910aa
yes-day,YES DAY,2021,https://a.ltrbxd.com/resized/film-poster/5/6/4/7/8/4/564784-yes-day-0-230-0-345-crop.jpg?v=c1433d8e55
the-perfect-storm,The Perfect Storm,2000,https://a.ltrbxd.com/resized/film-poster/5/0/4/9/9/50499-the-perfect-storm-0-230-0-345-crop.jpg?v=1a6fb3695e
elektra,Elektra,2005,https://a.ltrbxd.com/resized/film-poster/4/6/6/9/0/46690-elektra-0-230-0-345-crop.jpg?v=407c6af92e
bratz,Bratz,2007,https://a.ltrbxd.com/resized/film-poster/4/3/3/3/1/43331-bratz-0-230-0-345-crop.jpg?v=7728e3eadb
chitty-chitty-bang-bang,Chitty Chitty Bang Bang,1968,https://a.ltrbxd.com/resized/film-poster/4/5/0/4/6/45046-chitty-chitty-bang-bang-0-230-0-345-crop.jpg?v=e78fb21c90
once-upon-a-time-in-mexico,Once Upon a Time in Mexico,2003,https://a.ltrbxd.com/resized/film-poster/5/1/0/3/7/51037-once-upon-a-time-in-mexico-0-230-0-345-crop.jpg?v=df4dd7a16c
the-rescuers-down-under,The Rescuers Down Under,1990,https://a.ltrbxd.com/resized/film-poster/4/5/5/7/1/45571-the-rescuers-down-under-0-230-0-345-crop.jpg?v=3996d4acd0
monster-in-law,Monster-in-Law,2005,https://a.ltrbxd.com/resized/film-poster/4/9/3/7/2/49372-monster-in-law-0-230-0-345-crop.jpg?v=9aa21d17f6
when-we-first-met,When We First Met,2018,https://a.ltrbxd.com/resized/sm/upload/9r/9w/rq/9o/u5VJ1XmPRUWNz9l0mP2rHmkUuvQ-0-230-0-345-crop.jpg?v=274b2cd6b5
evolution,Evolution,2001,https://a.ltrbxd.com/resized/sm/upload/1m/9u/c2/ba/zGwNEPgfCXthetspyTHwvTEbfJG-0-230-0-345-crop.jpg?v=1a32cbaa74
barbie-and-the-three-musketeers,Barbie and the Three Musketeers,2009,https://a.ltrbxd.com/resized/film-poster/3/7/3/1/5/37315-barbie-and-the-three-musketeers-0-230-0-345-crop.jpg?v=b601ea24fb
gods-of-egypt,Gods of Egypt,2016,https://a.ltrbxd.com/resized/sm/upload/tg/vb/5x/1m/94amtPz7tw0sfS8Tmyxmqw2tV5w-0-230-0-345-crop.jpg?v=37dc3d3f8b
big-mommas-house,Big Momma's House,2000,https://a.ltrbxd.com/resized/sm/upload/v0/q8/y0/fn/bse0uwxF6daKzDbxZki1SYRNZkI-0-230-0-345-crop.jpg?v=7ca5d4df71
the-first-time-2012,The First Time,2012,https://a.ltrbxd.com/resized/film-poster/7/0/6/4/2/70642-the-first-time-0-230-0-345-crop.jpg?v=1d4ca89717
sisters-2015,Sisters,2015,https://a.ltrbxd.com/resized/sm/upload/4b/o6/im/fa/pTnwSPth2QiYrHIqqMM0HA85EgK-0-230-0-345-crop.jpg?v=a36e665048
zookeeper,Zookeeper,2011,https://a.ltrbxd.com/resized/film-poster/2/6/2/4/1/26241-zookeeper-0-230-0-345-crop.jpg?v=77ece26c0e
road-trip,Road Trip,2000,https://a.ltrbxd.com/resized/sm/upload/71/te/8x/zd/iPnwSvvzwgB2tmjPs19WW8e36zX-0-230-0-345-crop.jpg?v=fd561c8a06
house-at-the-end-of-the-street,House at the End of the Street,2012,https://a.ltrbxd.com/resized/sm/upload/4l/5p/c0/2n/3OmVZAzwOUxCeVAkGcgxGfsB6vZ-0-230-0-345-crop.jpg?v=45d14e6b9c
bean,Bean,1997,https://a.ltrbxd.com/resized/sm/upload/0j/t5/zx/pg/bean-0-230-0-345-crop.jpg?v=52f78dd6eb
jack-the-giant-slayer,Jack the Giant Slayer,2013,https://a.ltrbxd.com/resized/sm/upload/b5/fz/2n/5k/skn7v9tBfFf7sK5CCuLjQRSpMZ1-0-230-0-345-crop.jpg?v=969457a204
osmosis-jones,Osmosis Jones,2001,https://a.ltrbxd.com/resized/film-poster/4/4/4/3/1/44431-osmosis-jones-0-230-0-345-crop.jpg?v=d179061c20
safe-house-2012,Safe House,2012,https://a.ltrbxd.com/resized/film-poster/6/6/0/5/6605-safe-house-0-230-0-345-crop.jpg?v=e341aacb39
tinker-bell-and-the-lost-treasure,Tinker Bell and the Lost Treasure,2009,https://a.ltrbxd.com/resized/film-poster/3/6/0/3/6/36036-tinker-bell-and-the-lost-treasure-0-230-0-345-crop.jpg?v=ff1f275048
barbie-fairytopia-mermaidia,Barbie Fairytopia: Mermaidia,2006,https://a.ltrbxd.com/resized/film-poster/4/4/0/0/9/44009-barbie-fairytopia-mermaidia-0-230-0-345-crop.jpg?v=97012e545e
lethal-weapon-3,Lethal Weapon 3,1992,https://a.ltrbxd.com/resized/sm/upload/a2/zu/xd/e2/pr5RcT2TdJ09PkETdhRiwixf8PW-0-230-0-345-crop.jpg?v=17ef0ae612
i-am-number-four,I Am Number Four,2011,https://a.ltrbxd.com/resized/film-poster/1/8/8/2/3/18823-i-am-number-four-0-230-0-345-crop.jpg?v=3f4c59247b
spanglish,Spanglish,2004,https://a.ltrbxd.com/resized/film-poster/5/0/2/1/1/50211-spanglish-0-230-0-345-crop.jpg?v=5964153226
xxx,xXx,2002,https://a.ltrbxd.com/resized/film-poster/4/8/0/2/5/48025-xxx-0-230-0-345-crop.jpg?v=f75fe170e6
the-benchwarmers,The Benchwarmers,2006,https://a.ltrbxd.com/resized/film-poster/4/6/6/8/0/46680-the-benchwarmers-0-230-0-345-crop.jpg?v=7f58abb6b4
curious-george,Curious George,2006,https://a.ltrbxd.com/resized/film-poster/4/6/6/6/4/46664-curious-george-0-230-0-345-crop.jpg?v=5d3a760fa3
just-married,Just Married,2003,https://a.ltrbxd.com/resized/film-poster/4/4/8/0/9/44809-just-married-0-230-0-345-crop.jpg?v=11dba2f9fe
sister-act-2-back-in-the-habit,Sister Act 2: Back in the Habit,1993,https://a.ltrbxd.com/resized/film-poster/4/8/3/7/5/48375-sister-act-2-back-in-the-habit-0-230-0-345-crop.jpg?v=649004c1c8
water-for-elephants,Water for Elephants,2011,https://a.ltrbxd.com/resized/film-poster/1/0/3/7/9/10379-water-for-elephants-0-230-0-345-crop.jpg?v=cc76d01ea2
the-day-the-earth-stood-still-2008,The Day the Earth Stood Still,2008,https://a.ltrbxd.com/resized/film-poster/4/6/4/5/1/46451-the-day-the-earth-stood-still-0-230-0-345-crop.jpg?v=cff37734d7
ice-princess,Ice Princess,2005,https://a.ltrbxd.com/resized/film-poster/4/3/9/4/3/43943-ice-princess-0-230-0-345-crop.jpg?v=081c783183
tinker-bell-and-the-great-fairy-rescue,Tinker Bell and the Great Fairy Rescue,2010,https://a.ltrbxd.com/resized/film-poster/2/0/5/0/9/20509-tinker-bell-and-the-great-fairy-rescue-0-230-0-345-crop.jpg?v=6ddbb7327b
new-york-minute,New York Minute,2004,https://a.ltrbxd.com/resized/film-poster/4/5/6/7/8/45678-new-york-minute-0-230-0-345-crop.jpg?v=c49cb0d8e8
lilo-stitch-2-stitch-has-a-glitch,Lilo & Stitch 2: Stitch Has a Glitch,2005,https://a.ltrbxd.com/resized/film-poster/3/8/8/0/9/38809-lilo-stitch-2-stitch-has-a-glitch-0-230-0-345-crop.jpg?v=ac79fd2043
babe-pig-in-the-city,Babe: Pig in the City,1998,https://a.ltrbxd.com/resized/film-poster/4/7/1/5/0/47150-babe-pig-in-the-city-0-230-0-345-crop.jpg?v=2829535aaf
tmnt,TMNT,2007,https://a.ltrbxd.com/resized/film-poster/5/1/1/0/9/51109-tmnt-0-230-0-345-crop.jpg?v=52247ba114
jack-frost,Jack Frost,1998,https://a.ltrbxd.com/resized/film-poster/4/6/8/6/2/46862-jack-frost-0-230-0-345-crop.jpg?v=5e824302d7
what-to-expect-when-youre-expecting,What to Expect When You're Expecting,2012,https://a.ltrbxd.com/resized/sm/upload/h3/uz/gt/xp/what-to-expect-when-youre-expecting-0-230-0-345-crop.jpg?v=7b5514d2e1
little-man,Little Man,2006,https://a.ltrbxd.com/resized/film-poster/4/7/3/7/2/47372-little-man-0-230-0-345-crop.jpg?v=da065ec3c4
alvin-and-the-chipmunks-the-road-chip,Alvin and the Chipmunks: The Road Chip,2015,https://a.ltrbxd.com/resized/film-poster/1/8/2/1/8/6/182186-alvin-and-the-chipmunks-the-road-chip-0-230-0-345-crop.jpg?v=7d3aee906b
new-years-eve,New Year's Eve,2011,https://a.ltrbxd.com/resized/sm/upload/zr/o2/ik/v7/nye-0-230-0-345-crop.jpg?v=1ed3f763ad
happy-feet-two,Happy Feet Two,2011,https://a.ltrbxd.com/resized/film-poster/1/0/8/1/1081-happy-feet-two-0-230-0-345-crop.jpg?v=7d572d8184
wrath-of-the-titans,Wrath of the Titans,2012,https://a.ltrbxd.com/resized/sm/upload/zq/c6/5d/vw/zAAoej2paui5p1j9qoUUSS2zl5v-0-230-0-345-crop.jpg?v=12bd7b4648
the-ring-two,The Ring Two,2005,https://a.ltrbxd.com/resized/sm/upload/6d/35/no/fv/the-ring-two-0-230-0-345-crop.jpg?v=bccc239b1c
naked-gun-33-the-final-insult,Naked Gun 33⅓: The Final Insult,1994,https://a.ltrbxd.com/resized/film-poster/2/7/7/7/5/27775-the-naked-gun-33-the-final-insult-0-230-0-345-crop.jpg?v=85cd9f0336
red-riding-hood-2011,Red Riding Hood,2011,https://a.ltrbxd.com/resized/sm/upload/v4/0c/vu/os/irP9nQBZFBb6a9Eao3DyyeuKQto-0-230-0-345-crop.jpg?v=18f0c060cf
semi-pro,Semi-Pro,2008,https://a.ltrbxd.com/resized/film-poster/4/4/0/2/0/44020-semi-pro-0-230-0-345-crop.jpg?v=e8e7855235
rv,RV,2006,https://a.ltrbxd.com/resized/film-poster/4/7/0/7/0/47070-rv-0-230-0-345-crop.jpg?v=1f9e6fb054
gi-joe-retaliation,G.I. Joe: Retaliation,2013,https://a.ltrbxd.com/resized/film-poster/5/6/9/3/2/56932-g-i-joe-retaliation-0-230-0-345-crop.jpg?v=34aa68ba36
dragonball-evolution,Dragonball Evolution,2009,https://a.ltrbxd.com/resized/film-poster/4/3/2/9/8/43298-dragonball-evolution-0-230-0-345-crop.jpg?v=538cab37fb
red-2,RED 2,2013,https://a.ltrbxd.com/resized/film-poster/1/1/0/7/3/6/110736-red-2-0-230-0-345-crop.jpg?v=8dbc5bff4d
planet-51,Planet 51,2009,https://a.ltrbxd.com/resized/film-poster/4/1/3/5/4/41354-planet-51-0-230-0-345-crop.jpg?v=4e56f60481
harold-kumar-escape-from-guantanamo-bay,Harold & Kumar Escape from Guantanamo Bay,2008,https://a.ltrbxd.com/resized/film-poster/4/3/9/7/6/43976-harold-kumar-escape-from-guantanamo-bay-0-230-0-345-crop.jpg?v=8bccd12854
paul-blart-mall-cop-2,Paul Blart: Mall Cop 2,2015,https://a.ltrbxd.com/resized/film-poster/1/8/0/7/4/5/180745-paul-blart-mall-cop-2-0-230-0-345-crop.jpg?v=ed8df2ffc2
the-host-2013,The Host,2013,https://a.ltrbxd.com/resized/sm/upload/qv/5k/0d/kl/jnPOLAPQLhqMeDLV2BsQfrd6R11-0-230-0-345-crop.jpg?v=a608f8cb9f
land-of-the-lost,Land of the Lost,2009,https://a.ltrbxd.com/resized/film-poster/4/0/5/4/3/40543-land-of-the-lost-0-230-0-345-crop.jpg?v=2941551685
riddick,Riddick,2013,https://a.ltrbxd.com/resized/film-poster/7/3/7/0/2/73702-riddick-0-230-0-345-crop.jpg?v=2af95be1e9
transporter-2,Transporter 2,2005,https://a.ltrbxd.com/resized/film-poster/4/7/2/5/9/47259-transporter-2-0-230-0-345-crop.jpg?v=09524b8073
couples-retreat,Couples Retreat,2009,https://a.ltrbxd.com/resized/film-poster/3/9/3/5/7/39357-couples-retreat-0-230-0-345-crop.jpg?v=3f3f61cb0f
mickeys-once-upon-a-christmas,Mickey's Once Upon a Christmas,1999,https://a.ltrbxd.com/resized/film-poster/4/2/4/0/2/42402-mickey-s-once-upon-a-christmas-0-230-0-345-crop.jpg?v=2f686c9537
mean-girls-2,Mean Girls 2,2011,https://a.ltrbxd.com/resized/film-poster/1/4/3/4/2/14342-mean-girls-2-0-230-0-345-crop.jpg?v=ab58c06c36
balto,Balto,1995,https://a.ltrbxd.com/resized/sm/upload/cn/ql/j3/8w/o159DLgn0hPwHgkZyjQyQqoG6ao-0-230-0-345-crop.jpg?v=51b61f926f
rihie-rih,Ri¢hie Ri¢h,1994,https://a.ltrbxd.com/resized/film-poster/4/5/6/9/1/45691-richie-rich-0-230-0-345-crop.jpg?v=7d762e86f1
cinderella-iii-a-twist-in-time,Cinderella III: A Twist in Time,2007,https://a.ltrbxd.com/resized/film-poster/4/1/8/1/6/41816-cinderella-iii-a-twist-in-time-0-230-0-345-crop.jpg?v=c9c113421c
nanny-mcphee-returns,Nanny McPhee and the Big Bang,2010,https://a.ltrbxd.com/resized/film-poster/2/8/8/1/2/28812-nanny-mcphee-the-big-bang-0-230-0-345-crop.jpg?v=c42913958a
underworld-evolution,Underworld: Evolution,2006,https://a.ltrbxd.com/resized/film-poster/5/1/3/1/8/51318-underworld-evolution-0-230-0-345-crop.jpg?v=b1cf4db811
waynes-world-2,Wayne's World 2,1993,https://a.ltrbxd.com/resized/film-poster/4/7/5/5/1/47551-wayne-s-world-2-0-230-0-345-crop.jpg?v=eaef7d6016
hotel-for-dogs,Hotel for Dogs,2009,https://a.ltrbxd.com/resized/film-poster/4/2/5/3/3/42533-hotel-for-dogs-0-230-0-345-crop.jpg?v=8f6ae92058
august-rush,August Rush,2007,https://a.ltrbxd.com/resized/sm/upload/so/f1/xc/vm/vJiMDeDhqMxArc0nDWtrJPlrPsr-0-230-0-345-crop.jpg?v=693076562c
gladiator-ii,Gladiator II,2024,https://a.ltrbxd.com/resized/film-poster/4/8/6/9/7/8/486978-gladiator-ii-0-230-0-345-crop.jpg?v=0fb2edf525
conclave,Conclave,2024,https://a.ltrbxd.com/resized/film-poster/8/7/7/2/5/3/877253-conclave-0-230-0-345-crop.jpg?v=f9cbf50dec
babygirl-2024,Babygirl,2024,https://a.ltrbxd.com/resized/film-poster/9/8/9/1/2/5/989125-babygirl-2024-0-230-0-345-crop.jpg?v=b175884970
a-complete-unknown,A Complete Unknown,2024,https://a.ltrbxd.com/resized/film-poster/5/8/6/5/8/3/586583-a-complete-unknown-0-230-0-345-crop.jpg?v=f14ab6ecf6
juror-2,Juror #2,2024,https://a.ltrbxd.com/resized/film-poster/9/9/7/7/2/2/997722-juror-2-0-230-0-345-crop.jpg?v=14601fa694
the-brutalist,The Brutalist,2024,https://a.ltrbxd.com/resized/film-poster/4/7/8/4/2/8/478428-the-brutalist-0-230-0-345-crop.jpg?v=2f8cae2ea5
queer-2024,Queer,2024,https://a.ltrbxd.com/resized/film-poster/9/5/5/1/8/4/955184-queer-2024-0-230-0-345-crop.jpg?v=a53659b461
wallace-gromit-vengeance-most-fowl,Wallace & Gromit: Vengeance Most Fowl,2024,https://a.ltrbxd.com/resized/film-poster/8/3/4/5/6/1/834561-wallace-gromit-vengeance-most-fowl-0-230-0-345-crop.jpg?v=b5b3c56e5e
red-one,Red One,2024,https://a.ltrbxd.com/resized/film-poster/7/6/0/1/9/3/760193-red-one-0-230-0-345-crop.jpg?v=b0fe4428fb
companion-2025,Companion,2025,https://a.ltrbxd.com/resized/film-poster/9/7/7/1/7/2/977172-companion-2025-0-230-0-345-crop.jpg?v=66c5c946ec
jeanne-dielman-23-quai-du-commerce-1080-bruxelles,"Jeanne Dielman, 23, quai du Commerce, 1080 Bruxelles",1975,https://a.ltrbxd.com/resized/film-poster/2/1/1/4/9/21149-jeanne-dielman-23-quai-du-commerce-1080-bruxelles-0-230-0-345-crop.jpg?v=952ed786ed
sing-sing-2023,Sing Sing,2023,https://a.ltrbxd.com/resized/film-poster/1/0/4/1/9/5/7/1041957-sing-sing-2023-0-230-0-345-crop.jpg?v=f893b22924
shin-godzilla,Shin Godzilla,2016,https://a.ltrbxd.com/resized/sm/upload/8g/5p/p4/6b/8YWirGQidtZeSEmhqvQM5FrI6N1-0-230-0-345-crop.jpg?v=10e3695a0f
rocky-iv-rocky-vs-drago-the-ultimate-directors,Rocky IV,1985,https://a.ltrbxd.com/resized/film-poster/5/1/0/8/2/51082-rocky-iv-0-230-0-345-crop.jpg?v=ffedb5ed03
the-room-next-door-2024,The Room Next Door,2024,https://a.ltrbxd.com/resized/film-poster/9/8/1/4/0/0/981400-the-room-next-door-0-230-0-345-crop.jpg?v=6eabb7ce9a
y2k-2024,Y2K,2024,https://a.ltrbxd.com/resized/film-poster/9/8/6/2/5/7/986257-y2k-0-230-0-345-crop.jpg?v=f5b3bd7137
how-to-make-millions-before-grandma-dies,How to Make Millions Before Grandma Dies,2024,https://a.ltrbxd.com/resized/film-poster/9/9/5/2/7/4/995274-how-to-make-millions-before-grandma-dies-0-230-0-345-crop.jpg?v=29304d20aa
our-little-secret,Our Little Secret,2024,https://a.ltrbxd.com/resized/film-poster/1/1/1/8/3/1/0/1118310-our-little-secret-0-230-0-345-crop.jpg?v=8df03ea5f9
the-sacrifice,The Sacrifice,1986,https://a.ltrbxd.com/resized/film-poster/3/6/6/1/8/36618-the-sacrifice-0-230-0-345-crop.jpg?v=abe0768e2a
time-cut,Time Cut,2024,https://a.ltrbxd.com/resized/film-poster/7/4/3/7/9/4/743794-time-cut-0-230-0-345-crop.jpg?v=07d35999c6
velvet-goldmine,Velvet Goldmine,1998,https://a.ltrbxd.com/resized/sm/upload/e5/eb/5h/7x/jhRPjcw24WK0RTPYT9IFEykwnKp-0-230-0-345-crop.jpg?v=b090320c03
nightbitch,Nightbitch,2024,https://a.ltrbxd.com/resized/film-poster/6/5/1/2/2/6/651226-nightbitch-0-230-0-345-crop.jpg?v=9717400486
how-to-blow-up-a-pipeline,How to Blow Up a Pipeline,2022,https://a.ltrbxd.com/resized/film-poster/9/0/8/0/1/0/908010-how-to-blow-up-a-pipeline-0-230-0-345-crop.jpg?v=a7acb43ba3
thelma-2024,Thelma,2024,https://a.ltrbxd.com/resized/film-poster/9/4/8/8/5/1/948851-thelma-0-230-0-345-crop.jpg?v=697d382334
dont-move-2024,Don't Move,2024,https://a.ltrbxd.com/resized/film-poster/9/5/9/4/4/1/959441-dont-move-2024-0-230-0-345-crop.jpg?v=fdb87ee6cb
eo,EO,2022,https://a.ltrbxd.com/resized/film-poster/7/0/3/9/4/3/703943-eo-0-230-0-345-crop.jpg?v=2604737383
masculin-feminin,Masculin Féminin,1966,https://a.ltrbxd.com/resized/film-poster/4/9/1/7/2/49172-masculin-feminin-0-230-0-345-crop.jpg?v=3fa8490e31
caddo-lake,Caddo Lake,2024,https://a.ltrbxd.com/resized/film-poster/7/7/7/9/7/9/777979-caddo-lake-0-230-0-345-crop.jpg?v=ac31014d09
ah-fei-jing-juen,Days of Being Wild,1990,https://a.ltrbxd.com/resized/film-poster/4/0/4/3/4/40434-days-of-being-wild-0-230-0-345-crop.jpg?v=6d9f15154f
near-dark,Near Dark,1987,https://a.ltrbxd.com/resized/film-poster/4/4/9/2/4/44924-near-dark-0-230-0-345-crop.jpg?v=1d3a4a8169
hot-frosty,Hot Frosty,2024,https://a.ltrbxd.com/resized/film-poster/1/1/7/3/4/2/3/1173423-hot-frosty-0-230-0-345-crop.jpg?v=3c1c42b6f5
borderlands-2024,Borderlands,2024,https://a.ltrbxd.com/resized/film-poster/3/0/1/1/2/3/301123-borderlands-0-230-0-345-crop.jpg?v=849b7b501c
mothers-instinct-2024,Mothers' Instinct,2024,https://a.ltrbxd.com/resized/film-poster/6/7/9/0/7/2/679072-mothers-instinct-0-230-0-345-crop.jpg?v=7f989f6061
the-assistant-2019,The Assistant,2019,https://a.ltrbxd.com/resized/film-poster/5/5/3/8/9/8/553898-the-assistant-0-230-0-345-crop.jpg?v=bac252f677
the-slumber-party-massacre,The Slumber Party Massacre,1982,https://a.ltrbxd.com/resized/sm/upload/wh/z8/pq/ce/GhezpGRfFKpQHLJfOpKM2IAEoz-0-230-0-345-crop.jpg?v=5b7ac36eb6
salems-lot-2024,Salem's Lot,2024,https://a.ltrbxd.com/resized/film-poster/6/7/7/6/6/0/677660-salems-lot-2024-0-230-0-345-crop.jpg?v=ae3cceb25e
beating-hearts-2024,Beating Hearts,2024,https://a.ltrbxd.com/resized/film-poster/8/6/3/6/1/7/863617-beating-hearts-2024-0-230-0-345-crop.jpg?v=8cf64b7bca
theres-still-tomorrow,There's Still Tomorrow,2023,https://a.ltrbxd.com/resized/film-poster/9/2/5/0/3/7/925037-there-s-still-tomorrow-0-230-0-345-crop.jpg?v=00e897185a
shadow-of-a-doubt,Shadow of a Doubt,1943,https://a.ltrbxd.com/resized/film-poster/3/8/2/3/9/38239-shadow-of-a-doubt-0-230-0-345-crop.jpg?v=82c9d9cd7d
a-most-violent-year,A Most Violent Year,2014,https://a.ltrbxd.com/resized/film-poster/1/6/9/1/0/6/169106-a-most-violent-year-0-230-0-345-crop.jpg?v=e8d26af91e
legend,Legend,1985,https://a.ltrbxd.com/resized/sm/upload/fz/y8/qa/2f/mJ9dl6hzp3xhCbohMgrai8I2AZU-0-230-0-345-crop.jpg?v=4ad31f83de
quiz-lady,Quiz Lady,2023,https://a.ltrbxd.com/resized/film-poster/7/0/6/1/0/0/706100-quiz-lady-0-230-0-345-crop.jpg?v=a4b1e51b3c
the-last-unicorn,The Last Unicorn,1982,https://a.ltrbxd.com/resized/film-poster/4/6/4/9/9/46499-the-last-unicorn-0-230-0-345-crop.jpg?v=7af6a0f0a2
murder-on-the-orient-express,Murder on the Orient Express,1974,https://a.ltrbxd.com/resized/film-poster/4/9/4/8/2/49482-murder-on-the-orient-express-0-230-0-345-crop.jpg?v=46fd490390
mash,M*A*S*H,1970,https://a.ltrbxd.com/resized/film-poster/5/1/4/7/3/51473-m-a-s-h-0-230-0-345-crop.jpg?v=058a166ea1
snake-eyes,Snake Eyes,1998,https://a.ltrbxd.com/resized/film-poster/4/7/6/4/7/47647-snake-eyes-0-230-0-345-crop.jpg?v=bff5c17c0c
chaos-walking,Chaos Walking,2021,https://a.ltrbxd.com/resized/film-poster/3/4/6/7/4/6/346746-chaos-walking-0-230-0-345-crop.jpg?v=cf86c63095
swingers,Swingers,1996,https://a.ltrbxd.com/resized/film-poster/4/6/4/3/3/46433-swingers-0-230-0-345-crop.jpg?v=1e73d6d6de
the-motorcycle-diaries,The Motorcycle Diaries,2004,https://a.ltrbxd.com/resized/sm/upload/4a/8u/nh/si/xZGVRF0OMblsGhhk3GUUtLSNmJA-0-230-0-345-crop.jpg?v=7586070459
resident-evil-welcome-to-raccoon-city,Resident Evil: Welcome to Raccoon City,2021,https://a.ltrbxd.com/resized/film-poster/3/9/2/2/8/5/392285-resident-evil-welcome-to-raccoon-city-0-230-0-345-crop.jpg?v=4af64764dc
hamilton-2020,Hamilton,2020,https://a.ltrbxd.com/resized/film-poster/4/8/5/3/0/9/485309-hamilton-0-230-0-345-crop.jpg?v=6430888d58
the-joy-luck-club,The Joy Luck Club,1993,https://a.ltrbxd.com/resized/film-poster/3/9/3/4/5/39345-the-joy-luck-club-0-230-0-345-crop.jpg?v=8a585cdc91
free-solo,Free Solo,2018,https://a.ltrbxd.com/resized/film-poster/4/4/4/6/1/7/444617-free-solo-0-230-0-345-crop.jpg?v=36aa06d8b2
the-upside,The Upside,2017,https://a.ltrbxd.com/resized/film-poster/3/7/3/1/8/9/373189-the-upside-0-230-0-345-crop.jpg?v=0449a7d83c
sleeping-with-other-people,Sleeping with Other People,2015,https://a.ltrbxd.com/resized/sm/upload/wg/4y/18/x1/sT7WJ14n2tfU7ek9O1c0n2rVMbJ-0-230-0-345-crop.jpg?v=5e4c9480e0
